stop_id,stop_sequence,arrival_time,trip_id,departure_time
100,0,2025-01-09 04:59:50,1000,2025-01-09 04:59:50
101,1,2025-01-09 05:03:50,1000,2025-01-09 05:03:50
102,2,2025-01-09 05:06:50,1000,2025-01-09 05:06:50
103,3,2025-01-09 05:09:50,1000,2025-01-09 05:09:50
104,4,2025-01-09 05:13:50,1000,2025-01-09 05:13:50
105,5,2025-01-09 05:15:50,1000,2025-01-09 05:15:50
106,6,2025-01-09 05:16:50,1000,2025-01-09 05:16:50
107,7,2025-01-09 05:19:50,1000,2025-01-09 05:19:50
108,8,2025-01-09 05:21:50,1000,2025-01-09 05:21:50
109,9,2025-01-09 05:23:50,1000,2025-01-09 05:23:50
110,10,2025-01-09 05:25:50,1000,2025-01-09 05:25:50
111,11,2025-01-09 05:27:50,1000,2025-01-09 05:27:50
112,12,2025-01-09 05:29:50,1000,2025-01-09 05:29:50
113,13,2025-01-09 05:31:50,1000,2025-01-09 05:31:50
114,14,2025-01-09 05:33:50,1000,2025-01-09 05:33:50
115,15,2025-01-09 05:35:50,1000,2025-01-09 05:35:50
116,16,2025-01-09 05:37:50,1000,2025-01-09 05:37:50
117,17,2025-01-09 05:38:50,1000,2025-01-09 05:38:50
118,18,2025-01-09 05:40:50,1000,2025-01-09 05:40:50
119,19,2025-01-09 05:42:50,1000,2025-01-09 05:42:50
120,20,2025-01-09 05:44:50,1000,2025-01-09 05:44:50
121,21,2025-01-09 05:47:50,1000,2025-01-09 05:47:50
122,22,2025-01-09 05:49:50,1000,2025-01-09 05:49:50
123,23,2025-01-09 05:51:50,1000,2025-01-09 05:51:50
124,24,2025-01-09 05:54:50,1000,2025-01-09 05:54:50
125,25,2025-01-09 05:56:50,1000,2025-01-09 05:56:50
126,26,2025-01-09 05:59:50,1000,2025-01-09 05:59:50
127,27,2025-01-09 06:02:50,1000,2025-01-09 06:02:50
128,28,2025-01-09 06:04:50,1000,2025-01-09 06:04:50
129,29,2025-01-09 06:06:50,1000,2025-01-09 06:06:50
130,30,2025-01-09 06:08:50,1000,2025-01-09 06:08:50
131,31,2025-01-09 06:10:50,1000,2025-01-09 06:10:50
132,32,2025-01-09 06:11:50,1000,2025-01-09 06:11:50
133,33,2025-01-09 06:14:50,1000,2025-01-09 06:14:50
134,34,2025-01-09 06:16:50,1000,2025-01-09 06:16:50
135,35,2025-01-09 06:18:50,1000,2025-01-09 06:18:50
136,36,2025-01-09 06:20:50,1000,2025-01-09 06:20:50
100,0,2025-01-09 05:14:50,1001,2025-01-09 05:14:50
101,1,2025-01-09 05:18:50,1001,2025-01-09 05:18:50
102,2,2025-01-09 05:21:50,1001,2025-01-09 05:21:50
103,3,2025-01-09 05:24:50,1001,2025-01-09 05:24:50
104,4,2025-01-09 05:28:50,1001,2025-01-09 05:28:50
105,5,2025-01-09 05:30:50,1001,2025-01-09 05:30:50
106,6,2025-01-09 05:31:50,1001,2025-01-09 05:31:50
107,7,2025-01-09 05:34:50,1001,2025-01-09 05:34:50
108,8,2025-01-09 05:36:50,1001,2025-01-09 05:36:50
109,9,2025-01-09 05:38:50,1001,2025-01-09 05:38:50
110,10,2025-01-09 05:40:50,1001,2025-01-09 05:40:50
111,11,2025-01-09 05:42:50,1001,2025-01-09 05:42:50
112,12,2025-01-09 05:44:50,1001,2025-01-09 05:44:50
113,13,2025-01-09 05:46:50,1001,2025-01-09 05:46:50
114,14,2025-01-09 05:48:50,1001,2025-01-09 05:48:50
115,15,2025-01-09 05:50:50,1001,2025-01-09 05:50:50
116,16,2025-01-09 05:52:50,1001,2025-01-09 05:52:50
117,17,2025-01-09 05:53:50,1001,2025-01-09 05:53:50
118,18,2025-01-09 05:55:50,1001,2025-01-09 05:55:50
119,19,2025-01-09 05:57:50,1001,2025-01-09 05:57:50
120,20,2025-01-09 05:59:50,1001,2025-01-09 05:59:50
121,21,2025-01-09 06:02:50,1001,2025-01-09 06:02:50
122,22,2025-01-09 06:04:50,1001,2025-01-09 06:04:50
123,23,2025-01-09 06:06:50,1001,2025-01-09 06:06:50
124,24,2025-01-09 06:09:50,1001,2025-01-09 06:09:50
125,25,2025-01-09 06:11:50,1001,2025-01-09 06:11:50
126,26,2025-01-09 06:14:50,1001,2025-01-09 06:14:50
127,27,2025-01-09 06:17:50,1001,2025-01-09 06:17:50
128,28,2025-01-09 06:19:50,1001,2025-01-09 06:19:50
129,29,2025-01-09 06:21:50,1001,2025-01-09 06:21:50
130,30,2025-01-09 06:23:50,1001,2025-01-09 06:23:50
131,31,2025-01-09 06:25:50,1001,2025-01-09 06:25:50
132,32,2025-01-09 06:26:50,1001,2025-01-09 06:26:50
133,33,2025-01-09 06:29:50,1001,2025-01-09 06:29:50
134,34,2025-01-09 06:31:50,1001,2025-01-09 06:31:50
135,35,2025-01-09 06:33:50,1001,2025-01-09 06:33:50
136,36,2025-01-09 06:35:50,1001,2025-01-09 06:35:50
100,0,2025-01-09 05:29:50,1002,2025-01-09 05:29:50
101,1,2025-01-09 05:33:50,1002,2025-01-09 05:33:50
102,2,2025-01-09 05:36:50,1002,2025-01-09 05:36:50
103,3,2025-01-09 05:39:50,1002,2025-01-09 05:39:50
104,4,2025-01-09 05:43:50,1002,2025-01-09 05:43:50
105,5,2025-01-09 05:45:50,1002,2025-01-09 05:45:50
106,6,2025-01-09 05:46:50,1002,2025-01-09 05:46:50
107,7,2025-01-09 05:49:50,1002,2025-01-09 05:49:50
108,8,2025-01-09 05:51:50,1002,2025-01-09 05:51:50
109,9,2025-01-09 05:53:50,1002,2025-01-09 05:53:50
110,10,2025-01-09 05:55:50,1002,2025-01-09 05:55:50
111,11,2025-01-09 05:57:50,1002,2025-01-09 05:57:50
112,12,2025-01-09 05:59:50,1002,2025-01-09 05:59:50
113,13,2025-01-09 06:01:50,1002,2025-01-09 06:01:50
114,14,2025-01-09 06:03:50,1002,2025-01-09 06:03:50
115,15,2025-01-09 06:05:50,1002,2025-01-09 06:05:50
116,16,2025-01-09 06:07:50,1002,2025-01-09 06:07:50
117,17,2025-01-09 06:08:50,1002,2025-01-09 06:08:50
118,18,2025-01-09 06:10:50,1002,2025-01-09 06:10:50
119,19,2025-01-09 06:12:50,1002,2025-01-09 06:12:50
120,20,2025-01-09 06:14:50,1002,2025-01-09 06:14:50
121,21,2025-01-09 06:17:50,1002,2025-01-09 06:17:50
122,22,2025-01-09 06:19:50,1002,2025-01-09 06:19:50
123,23,2025-01-09 06:21:50,1002,2025-01-09 06:21:50
124,24,2025-01-09 06:24:50,1002,2025-01-09 06:24:50
125,25,2025-01-09 06:26:50,1002,2025-01-09 06:26:50
126,26,2025-01-09 06:29:50,1002,2025-01-09 06:29:50
127,27,2025-01-09 06:32:50,1002,2025-01-09 06:32:50
128,28,2025-01-09 06:34:50,1002,2025-01-09 06:34:50
129,29,2025-01-09 06:36:50,1002,2025-01-09 06:36:50
130,30,2025-01-09 06:38:50,1002,2025-01-09 06:38:50
131,31,2025-01-09 06:40:50,1002,2025-01-09 06:40:50
132,32,2025-01-09 06:41:50,1002,2025-01-09 06:41:50
133,33,2025-01-09 06:44:50,1002,2025-01-09 06:44:50
134,34,2025-01-09 06:46:50,1002,2025-01-09 06:46:50
135,35,2025-01-09 06:48:50,1002,2025-01-09 06:48:50
136,36,2025-01-09 06:50:50,1002,2025-01-09 06:50:50
100,0,2025-01-09 05:44:50,1003,2025-01-09 05:44:50
101,1,2025-01-09 05:48:50,1003,2025-01-09 05:48:50
102,2,2025-01-09 05:51:50,1003,2025-01-09 05:51:50
103,3,2025-01-09 05:54:50,1003,2025-01-09 05:54:50
104,4,2025-01-09 05:58:50,1003,2025-01-09 05:58:50
105,5,2025-01-09 06:00:50,1003,2025-01-09 06:00:50
106,6,2025-01-09 06:01:50,1003,2025-01-09 06:01:50
107,7,2025-01-09 06:04:50,1003,2025-01-09 06:04:50
108,8,2025-01-09 06:06:50,1003,2025-01-09 06:06:50
109,9,2025-01-09 06:08:50,1003,2025-01-09 06:08:50
110,10,2025-01-09 06:10:50,1003,2025-01-09 06:10:50
111,11,2025-01-09 06:12:50,1003,2025-01-09 06:12:50
112,12,2025-01-09 06:14:50,1003,2025-01-09 06:14:50
113,13,2025-01-09 06:16:50,1003,2025-01-09 06:16:50
114,14,2025-01-09 06:18:50,1003,2025-01-09 06:18:50
115,15,2025-01-09 06:20:50,1003,2025-01-09 06:20:50
116,16,2025-01-09 06:22:50,1003,2025-01-09 06:22:50
117,17,2025-01-09 06:23:50,1003,2025-01-09 06:23:50
118,18,2025-01-09 06:25:50,1003,2025-01-09 06:25:50
119,19,2025-01-09 06:27:50,1003,2025-01-09 06:27:50
120,20,2025-01-09 06:29:50,1003,2025-01-09 06:29:50
121,21,2025-01-09 06:32:50,1003,2025-01-09 06:32:50
122,22,2025-01-09 06:34:50,1003,2025-01-09 06:34:50
123,23,2025-01-09 06:36:50,1003,2025-01-09 06:36:50
124,24,2025-01-09 06:39:50,1003,2025-01-09 06:39:50
125,25,2025-01-09 06:41:50,1003,2025-01-09 06:41:50
126,26,2025-01-09 06:44:50,1003,2025-01-09 06:44:50
127,27,2025-01-09 06:47:50,1003,2025-01-09 06:47:50
128,28,2025-01-09 06:49:50,1003,2025-01-09 06:49:50
129,29,2025-01-09 06:51:50,1003,2025-01-09 06:51:50
130,30,2025-01-09 06:53:50,1003,2025-01-09 06:53:50
131,31,2025-01-09 06:55:50,1003,2025-01-09 06:55:50
132,32,2025-01-09 06:56:50,1003,2025-01-09 06:56:50
133,33,2025-01-09 06:59:50,1003,2025-01-09 06:59:50
134,34,2025-01-09 07:01:50,1003,2025-01-09 07:01:50
135,35,2025-01-09 07:03:50,1003,2025-01-09 07:03:50
136,36,2025-01-09 07:05:50,1003,2025-01-09 07:05:50
100,0,2025-01-09 05:59:50,1004,2025-01-09 05:59:50
101,1,2025-01-09 06:03:50,1004,2025-01-09 06:03:50
102,2,2025-01-09 06:06:50,1004,2025-01-09 06:06:50
103,3,2025-01-09 06:09:50,1004,2025-01-09 06:09:50
104,4,2025-01-09 06:13:50,1004,2025-01-09 06:13:50
105,5,2025-01-09 06:15:50,1004,2025-01-09 06:15:50
106,6,2025-01-09 06:16:50,1004,2025-01-09 06:16:50
107,7,2025-01-09 06:19:50,1004,2025-01-09 06:19:50
108,8,2025-01-09 06:21:50,1004,2025-01-09 06:21:50
109,9,2025-01-09 06:23:50,1004,2025-01-09 06:23:50
110,10,2025-01-09 06:25:50,1004,2025-01-09 06:25:50
111,11,2025-01-09 06:27:50,1004,2025-01-09 06:27:50
112,12,2025-01-09 06:29:50,1004,2025-01-09 06:29:50
113,13,2025-01-09 06:31:50,1004,2025-01-09 06:31:50
114,14,2025-01-09 06:33:50,1004,2025-01-09 06:33:50
115,15,2025-01-09 06:35:50,1004,2025-01-09 06:35:50
116,16,2025-01-09 06:37:50,1004,2025-01-09 06:37:50
117,17,2025-01-09 06:38:50,1004,2025-01-09 06:38:50
118,18,2025-01-09 06:40:50,1004,2025-01-09 06:40:50
119,19,2025-01-09 06:42:50,1004,2025-01-09 06:42:50
120,20,2025-01-09 06:44:50,1004,2025-01-09 06:44:50
121,21,2025-01-09 06:47:50,1004,2025-01-09 06:47:50
122,22,2025-01-09 06:49:50,1004,2025-01-09 06:49:50
123,23,2025-01-09 06:51:50,1004,2025-01-09 06:51:50
124,24,2025-01-09 06:54:50,1004,2025-01-09 06:54:50
125,25,2025-01-09 06:56:50,1004,2025-01-09 06:56:50
126,26,2025-01-09 06:59:50,1004,2025-01-09 06:59:50
127,27,2025-01-09 07:02:50,1004,2025-01-09 07:02:50
128,28,2025-01-09 07:04:50,1004,2025-01-09 07:04:50
129,29,2025-01-09 07:06:50,1004,2025-01-09 07:06:50
130,30,2025-01-09 07:08:50,1004,2025-01-09 07:08:50
131,31,2025-01-09 07:10:50,1004,2025-01-09 07:10:50
132,32,2025-01-09 07:11:50,1004,2025-01-09 07:11:50
133,33,2025-01-09 07:14:50,1004,2025-01-09 07:14:50
134,34,2025-01-09 07:16:50,1004,2025-01-09 07:16:50
135,35,2025-01-09 07:18:50,1004,2025-01-09 07:18:50
136,36,2025-01-09 07:20:50,1004,2025-01-09 07:20:50
100,0,2025-01-09 06:09:50,1005,2025-01-09 06:09:50
101,1,2025-01-09 06:13:50,1005,2025-01-09 06:13:50
102,2,2025-01-09 06:16:50,1005,2025-01-09 06:16:50
103,3,2025-01-09 06:19:50,1005,2025-01-09 06:19:50
104,4,2025-01-09 06:23:50,1005,2025-01-09 06:23:50
105,5,2025-01-09 06:25:50,1005,2025-01-09 06:25:50
106,6,2025-01-09 06:26:50,1005,2025-01-09 06:26:50
107,7,2025-01-09 06:29:50,1005,2025-01-09 06:29:50
108,8,2025-01-09 06:31:50,1005,2025-01-09 06:31:50
109,9,2025-01-09 06:33:50,1005,2025-01-09 06:33:50
110,10,2025-01-09 06:35:50,1005,2025-01-09 06:35:50
111,11,2025-01-09 06:37:50,1005,2025-01-09 06:37:50
112,12,2025-01-09 06:39:50,1005,2025-01-09 06:39:50
113,13,2025-01-09 06:41:50,1005,2025-01-09 06:41:50
114,14,2025-01-09 06:43:50,1005,2025-01-09 06:43:50
115,15,2025-01-09 06:45:50,1005,2025-01-09 06:45:50
116,16,2025-01-09 06:47:50,1005,2025-01-09 06:47:50
117,17,2025-01-09 06:48:50,1005,2025-01-09 06:48:50
118,18,2025-01-09 06:50:50,1005,2025-01-09 06:50:50
119,19,2025-01-09 06:52:50,1005,2025-01-09 06:52:50
120,20,2025-01-09 06:54:50,1005,2025-01-09 06:54:50
121,21,2025-01-09 06:57:50,1005,2025-01-09 06:57:50
122,22,2025-01-09 06:59:50,1005,2025-01-09 06:59:50
123,23,2025-01-09 07:01:50,1005,2025-01-09 07:01:50
124,24,2025-01-09 07:04:50,1005,2025-01-09 07:04:50
125,25,2025-01-09 07:06:50,1005,2025-01-09 07:06:50
126,26,2025-01-09 07:09:50,1005,2025-01-09 07:09:50
127,27,2025-01-09 07:12:50,1005,2025-01-09 07:12:50
128,28,2025-01-09 07:14:50,1005,2025-01-09 07:14:50
129,29,2025-01-09 07:16:50,1005,2025-01-09 07:16:50
130,30,2025-01-09 07:18:50,1005,2025-01-09 07:18:50
131,31,2025-01-09 07:20:50,1005,2025-01-09 07:20:50
132,32,2025-01-09 07:21:50,1005,2025-01-09 07:21:50
133,33,2025-01-09 07:24:50,1005,2025-01-09 07:24:50
134,34,2025-01-09 07:26:50,1005,2025-01-09 07:26:50
135,35,2025-01-09 07:28:50,1005,2025-01-09 07:28:50
136,36,2025-01-09 07:30:50,1005,2025-01-09 07:30:50
100,0,2025-01-09 06:19:50,1006,2025-01-09 06:19:50
101,1,2025-01-09 06:23:50,1006,2025-01-09 06:23:50
102,2,2025-01-09 06:26:50,1006,2025-01-09 06:26:50
103,3,2025-01-09 06:29:50,1006,2025-01-09 06:29:50
104,4,2025-01-09 06:33:50,1006,2025-01-09 06:33:50
105,5,2025-01-09 06:35:50,1006,2025-01-09 06:35:50
106,6,2025-01-09 06:36:50,1006,2025-01-09 06:36:50
107,7,2025-01-09 06:39:50,1006,2025-01-09 06:39:50
108,8,2025-01-09 06:41:50,1006,2025-01-09 06:41:50
109,9,2025-01-09 06:43:50,1006,2025-01-09 06:43:50
110,10,2025-01-09 06:45:50,1006,2025-01-09 06:45:50
111,11,2025-01-09 06:47:50,1006,2025-01-09 06:47:50
112,12,2025-01-09 06:49:50,1006,2025-01-09 06:49:50
113,13,2025-01-09 06:51:50,1006,2025-01-09 06:51:50
114,14,2025-01-09 06:53:50,1006,2025-01-09 06:53:50
115,15,2025-01-09 06:55:50,1006,2025-01-09 06:55:50
116,16,2025-01-09 06:57:50,1006,2025-01-09 06:57:50
117,17,2025-01-09 06:58:50,1006,2025-01-09 06:58:50
118,18,2025-01-09 07:00:50,1006,2025-01-09 07:00:50
119,19,2025-01-09 07:02:50,1006,2025-01-09 07:02:50
120,20,2025-01-09 07:04:50,1006,2025-01-09 07:04:50
121,21,2025-01-09 07:07:50,1006,2025-01-09 07:07:50
122,22,2025-01-09 07:09:50,1006,2025-01-09 07:09:50
123,23,2025-01-09 07:11:50,1006,2025-01-09 07:11:50
124,24,2025-01-09 07:14:50,1006,2025-01-09 07:14:50
125,25,2025-01-09 07:16:50,1006,2025-01-09 07:16:50
126,26,2025-01-09 07:19:50,1006,2025-01-09 07:19:50
127,27,2025-01-09 07:22:50,1006,2025-01-09 07:22:50
128,28,2025-01-09 07:24:50,1006,2025-01-09 07:24:50
129,29,2025-01-09 07:26:50,1006,2025-01-09 07:26:50
130,30,2025-01-09 07:28:50,1006,2025-01-09 07:28:50
131,31,2025-01-09 07:30:50,1006,2025-01-09 07:30:50
132,32,2025-01-09 07:31:50,1006,2025-01-09 07:31:50
133,33,2025-01-09 07:34:50,1006,2025-01-09 07:34:50
134,34,2025-01-09 07:36:50,1006,2025-01-09 07:36:50
135,35,2025-01-09 07:38:50,1006,2025-01-09 07:38:50
136,36,2025-01-09 07:40:50,1006,2025-01-09 07:40:50
100,0,2025-01-09 06:29:50,1007,2025-01-09 06:29:50
101,1,2025-01-09 06:33:50,1007,2025-01-09 06:33:50
102,2,2025-01-09 06:36:50,1007,2025-01-09 06:36:50
103,3,2025-01-09 06:39:50,1007,2025-01-09 06:39:50
104,4,2025-01-09 06:43:50,1007,2025-01-09 06:43:50
105,5,2025-01-09 06:45:50,1007,2025-01-09 06:45:50
106,6,2025-01-09 06:46:50,1007,2025-01-09 06:46:50
107,7,2025-01-09 06:49:50,1007,2025-01-09 06:49:50
108,8,2025-01-09 06:51:50,1007,2025-01-09 06:51:50
109,9,2025-01-09 06:53:50,1007,2025-01-09 06:53:50
110,10,2025-01-09 06:55:50,1007,2025-01-09 06:55:50
111,11,2025-01-09 06:57:50,1007,2025-01-09 06:57:50
112,12,2025-01-09 06:59:50,1007,2025-01-09 06:59:50
113,13,2025-01-09 07:01:50,1007,2025-01-09 07:01:50
114,14,2025-01-09 07:03:50,1007,2025-01-09 07:03:50
115,15,2025-01-09 07:05:50,1007,2025-01-09 07:05:50
116,16,2025-01-09 07:07:50,1007,2025-01-09 07:07:50
117,17,2025-01-09 07:08:50,1007,2025-01-09 07:08:50
118,18,2025-01-09 07:10:50,1007,2025-01-09 07:10:50
119,19,2025-01-09 07:12:50,1007,2025-01-09 07:12:50
120,20,2025-01-09 07:14:50,1007,2025-01-09 07:14:50
121,21,2025-01-09 07:17:50,1007,2025-01-09 07:17:50
122,22,2025-01-09 07:19:50,1007,2025-01-09 07:19:50
123,23,2025-01-09 07:21:50,1007,2025-01-09 07:21:50
124,24,2025-01-09 07:24:50,1007,2025-01-09 07:24:50
125,25,2025-01-09 07:26:50,1007,2025-01-09 07:26:50
126,26,2025-01-09 07:29:50,1007,2025-01-09 07:29:50
127,27,2025-01-09 07:32:50,1007,2025-01-09 07:32:50
128,28,2025-01-09 07:34:50,1007,2025-01-09 07:34:50
129,29,2025-01-09 07:36:50,1007,2025-01-09 07:36:50
130,30,2025-01-09 07:38:50,1007,2025-01-09 07:38:50
131,31,2025-01-09 07:40:50,1007,2025-01-09 07:40:50
132,32,2025-01-09 07:41:50,1007,2025-01-09 07:41:50
133,33,2025-01-09 07:44:50,1007,2025-01-09 07:44:50
134,34,2025-01-09 07:46:50,1007,2025-01-09 07:46:50
135,35,2025-01-09 07:48:50,1007,2025-01-09 07:48:50
136,36,2025-01-09 07:50:50,1007,2025-01-09 07:50:50
100,0,2025-01-09 06:39:50,1008,2025-01-09 06:39:50
101,1,2025-01-09 06:43:50,1008,2025-01-09 06:43:50
102,2,2025-01-09 06:46:50,1008,2025-01-09 06:46:50
103,3,2025-01-09 06:49:50,1008,2025-01-09 06:49:50
104,4,2025-01-09 06:53:50,1008,2025-01-09 06:53:50
105,5,2025-01-09 06:55:50,1008,2025-01-09 06:55:50
106,6,2025-01-09 06:56:50,1008,2025-01-09 06:56:50
107,7,2025-01-09 06:59:50,1008,2025-01-09 06:59:50
108,8,2025-01-09 07:01:50,1008,2025-01-09 07:01:50
109,9,2025-01-09 07:03:50,1008,2025-01-09 07:03:50
110,10,2025-01-09 07:05:50,1008,2025-01-09 07:05:50
111,11,2025-01-09 07:07:50,1008,2025-01-09 07:07:50
112,12,2025-01-09 07:09:50,1008,2025-01-09 07:09:50
113,13,2025-01-09 07:11:50,1008,2025-01-09 07:11:50
114,14,2025-01-09 07:13:50,1008,2025-01-09 07:13:50
115,15,2025-01-09 07:15:50,1008,2025-01-09 07:15:50
116,16,2025-01-09 07:17:50,1008,2025-01-09 07:17:50
117,17,2025-01-09 07:18:50,1008,2025-01-09 07:18:50
118,18,2025-01-09 07:20:50,1008,2025-01-09 07:20:50
119,19,2025-01-09 07:22:50,1008,2025-01-09 07:22:50
120,20,2025-01-09 07:24:50,1008,2025-01-09 07:24:50
121,21,2025-01-09 07:27:50,1008,2025-01-09 07:27:50
122,22,2025-01-09 07:29:50,1008,2025-01-09 07:29:50
123,23,2025-01-09 07:31:50,1008,2025-01-09 07:31:50
124,24,2025-01-09 07:34:50,1008,2025-01-09 07:34:50
125,25,2025-01-09 07:36:50,1008,2025-01-09 07:36:50
126,26,2025-01-09 07:39:50,1008,2025-01-09 07:39:50
127,27,2025-01-09 07:42:50,1008,2025-01-09 07:42:50
128,28,2025-01-09 07:44:50,1008,2025-01-09 07:44:50
129,29,2025-01-09 07:46:50,1008,2025-01-09 07:46:50
130,30,2025-01-09 07:48:50,1008,2025-01-09 07:48:50
131,31,2025-01-09 07:50:50,1008,2025-01-09 07:50:50
132,32,2025-01-09 07:51:50,1008,2025-01-09 07:51:50
133,33,2025-01-09 07:54:50,1008,2025-01-09 07:54:50
134,34,2025-01-09 07:56:50,1008,2025-01-09 07:56:50
135,35,2025-01-09 07:58:50,1008,2025-01-09 07:58:50
136,36,2025-01-09 08:00:50,1008,2025-01-09 08:00:50
100,0,2025-01-09 06:49:50,1009,2025-01-09 06:49:50
101,1,2025-01-09 06:53:50,1009,2025-01-09 06:53:50
102,2,2025-01-09 06:56:50,1009,2025-01-09 06:56:50
103,3,2025-01-09 06:59:50,1009,2025-01-09 06:59:50
104,4,2025-01-09 07:03:50,1009,2025-01-09 07:03:50
105,5,2025-01-09 07:05:50,1009,2025-01-09 07:05:50
106,6,2025-01-09 07:06:50,1009,2025-01-09 07:06:50
107,7,2025-01-09 07:09:50,1009,2025-01-09 07:09:50
108,8,2025-01-09 07:11:50,1009,2025-01-09 07:11:50
109,9,2025-01-09 07:13:50,1009,2025-01-09 07:13:50
110,10,2025-01-09 07:15:50,1009,2025-01-09 07:15:50
111,11,2025-01-09 07:17:50,1009,2025-01-09 07:17:50
112,12,2025-01-09 07:19:50,1009,2025-01-09 07:19:50
113,13,2025-01-09 07:21:50,1009,2025-01-09 07:21:50
114,14,2025-01-09 07:23:50,1009,2025-01-09 07:23:50
115,15,2025-01-09 07:25:50,1009,2025-01-09 07:25:50
116,16,2025-01-09 07:27:50,1009,2025-01-09 07:27:50
117,17,2025-01-09 07:28:50,1009,2025-01-09 07:28:50
118,18,2025-01-09 07:30:50,1009,2025-01-09 07:30:50
119,19,2025-01-09 07:32:50,1009,2025-01-09 07:32:50
120,20,2025-01-09 07:34:50,1009,2025-01-09 07:34:50
121,21,2025-01-09 07:37:50,1009,2025-01-09 07:37:50
122,22,2025-01-09 07:39:50,1009,2025-01-09 07:39:50
123,23,2025-01-09 07:41:50,1009,2025-01-09 07:41:50
124,24,2025-01-09 07:44:50,1009,2025-01-09 07:44:50
125,25,2025-01-09 07:46:50,1009,2025-01-09 07:46:50
126,26,2025-01-09 07:49:50,1009,2025-01-09 07:49:50
127,27,2025-01-09 07:52:50,1009,2025-01-09 07:52:50
128,28,2025-01-09 07:54:50,1009,2025-01-09 07:54:50
129,29,2025-01-09 07:56:50,1009,2025-01-09 07:56:50
130,30,2025-01-09 07:58:50,1009,2025-01-09 07:58:50
131,31,2025-01-09 08:00:50,1009,2025-01-09 08:00:50
132,32,2025-01-09 08:01:50,1009,2025-01-09 08:01:50
133,33,2025-01-09 08:04:50,1009,2025-01-09 08:04:50
134,34,2025-01-09 08:06:50,1009,2025-01-09 08:06:50
135,35,2025-01-09 08:08:50,1009,2025-01-09 08:08:50
136,36,2025-01-09 08:10:50,1009,2025-01-09 08:10:50
100,0,2025-01-09 06:59:50,1010,2025-01-09 06:59:50
101,1,2025-01-09 07:03:50,1010,2025-01-09 07:03:50
102,2,2025-01-09 07:06:50,1010,2025-01-09 07:06:50
103,3,2025-01-09 07:09:50,1010,2025-01-09 07:09:50
104,4,2025-01-09 07:13:50,1010,2025-01-09 07:13:50
105,5,2025-01-09 07:15:50,1010,2025-01-09 07:15:50
106,6,2025-01-09 07:16:50,1010,2025-01-09 07:16:50
107,7,2025-01-09 07:19:50,1010,2025-01-09 07:19:50
108,8,2025-01-09 07:21:50,1010,2025-01-09 07:21:50
109,9,2025-01-09 07:23:50,1010,2025-01-09 07:23:50
110,10,2025-01-09 07:25:50,1010,2025-01-09 07:25:50
111,11,2025-01-09 07:27:50,1010,2025-01-09 07:27:50
112,12,2025-01-09 07:29:50,1010,2025-01-09 07:29:50
113,13,2025-01-09 07:31:50,1010,2025-01-09 07:31:50
114,14,2025-01-09 07:33:50,1010,2025-01-09 07:33:50
115,15,2025-01-09 07:35:50,1010,2025-01-09 07:35:50
116,16,2025-01-09 07:37:50,1010,2025-01-09 07:37:50
117,17,2025-01-09 07:38:50,1010,2025-01-09 07:38:50
118,18,2025-01-09 07:40:50,1010,2025-01-09 07:40:50
119,19,2025-01-09 07:42:50,1010,2025-01-09 07:42:50
120,20,2025-01-09 07:44:50,1010,2025-01-09 07:44:50
121,21,2025-01-09 07:47:50,1010,2025-01-09 07:47:50
122,22,2025-01-09 07:49:50,1010,2025-01-09 07:49:50
123,23,2025-01-09 07:51:50,1010,2025-01-09 07:51:50
124,24,2025-01-09 07:54:50,1010,2025-01-09 07:54:50
125,25,2025-01-09 07:56:50,1010,2025-01-09 07:56:50
126,26,2025-01-09 07:59:50,1010,2025-01-09 07:59:50
127,27,2025-01-09 08:02:50,1010,2025-01-09 08:02:50
128,28,2025-01-09 08:04:50,1010,2025-01-09 08:04:50
129,29,2025-01-09 08:06:50,1010,2025-01-09 08:06:50
130,30,2025-01-09 08:08:50,1010,2025-01-09 08:08:50
131,31,2025-01-09 08:10:50,1010,2025-01-09 08:10:50
132,32,2025-01-09 08:11:50,1010,2025-01-09 08:11:50
133,33,2025-01-09 08:14:50,1010,2025-01-09 08:14:50
134,34,2025-01-09 08:16:50,1010,2025-01-09 08:16:50
135,35,2025-01-09 08:18:50,1010,2025-01-09 08:18:50
136,36,2025-01-09 08:20:50,1010,2025-01-09 08:20:50
100,0,2025-01-09 07:04:50,1011,2025-01-09 07:04:50
101,1,2025-01-09 07:08:50,1011,2025-01-09 07:08:50
102,2,2025-01-09 07:11:50,1011,2025-01-09 07:11:50
103,3,2025-01-09 07:14:50,1011,2025-01-09 07:14:50
104,4,2025-01-09 07:18:50,1011,2025-01-09 07:18:50
105,5,2025-01-09 07:20:50,1011,2025-01-09 07:20:50
106,6,2025-01-09 07:21:50,1011,2025-01-09 07:21:50
107,7,2025-01-09 07:24:50,1011,2025-01-09 07:24:50
108,8,2025-01-09 07:26:50,1011,2025-01-09 07:26:50
109,9,2025-01-09 07:28:50,1011,2025-01-09 07:28:50
110,10,2025-01-09 07:30:50,1011,2025-01-09 07:30:50
111,11,2025-01-09 07:32:50,1011,2025-01-09 07:32:50
112,12,2025-01-09 07:34:50,1011,2025-01-09 07:34:50
113,13,2025-01-09 07:36:50,1011,2025-01-09 07:36:50
114,14,2025-01-09 07:38:50,1011,2025-01-09 07:38:50
115,15,2025-01-09 07:40:50,1011,2025-01-09 07:40:50
116,16,2025-01-09 07:42:50,1011,2025-01-09 07:42:50
117,17,2025-01-09 07:43:50,1011,2025-01-09 07:43:50
118,18,2025-01-09 07:45:50,1011,2025-01-09 07:45:50
119,19,2025-01-09 07:47:50,1011,2025-01-09 07:47:50
120,20,2025-01-09 07:49:50,1011,2025-01-09 07:49:50
121,21,2025-01-09 07:52:50,1011,2025-01-09 07:52:50
122,22,2025-01-09 07:54:50,1011,2025-01-09 07:54:50
123,23,2025-01-09 07:56:50,1011,2025-01-09 07:56:50
124,24,2025-01-09 07:59:50,1011,2025-01-09 07:59:50
125,25,2025-01-09 08:01:50,1011,2025-01-09 08:01:50
126,26,2025-01-09 08:04:50,1011,2025-01-09 08:04:50
127,27,2025-01-09 08:07:50,1011,2025-01-09 08:07:50
128,28,2025-01-09 08:09:50,1011,2025-01-09 08:09:50
129,29,2025-01-09 08:11:50,1011,2025-01-09 08:11:50
130,30,2025-01-09 08:13:50,1011,2025-01-09 08:13:50
131,31,2025-01-09 08:15:50,1011,2025-01-09 08:15:50
132,32,2025-01-09 08:16:50,1011,2025-01-09 08:16:50
133,33,2025-01-09 08:19:50,1011,2025-01-09 08:19:50
134,34,2025-01-09 08:21:50,1011,2025-01-09 08:21:50
135,35,2025-01-09 08:23:50,1011,2025-01-09 08:23:50
136,36,2025-01-09 08:25:50,1011,2025-01-09 08:25:50
100,0,2025-01-09 07:09:50,1012,2025-01-09 07:09:50
101,1,2025-01-09 07:13:50,1012,2025-01-09 07:13:50
102,2,2025-01-09 07:16:50,1012,2025-01-09 07:16:50
103,3,2025-01-09 07:19:50,1012,2025-01-09 07:19:50
104,4,2025-01-09 07:23:50,1012,2025-01-09 07:23:50
105,5,2025-01-09 07:25:50,1012,2025-01-09 07:25:50
106,6,2025-01-09 07:26:50,1012,2025-01-09 07:26:50
107,7,2025-01-09 07:29:50,1012,2025-01-09 07:29:50
108,8,2025-01-09 07:31:50,1012,2025-01-09 07:31:50
109,9,2025-01-09 07:33:50,1012,2025-01-09 07:33:50
110,10,2025-01-09 07:35:50,1012,2025-01-09 07:35:50
111,11,2025-01-09 07:37:50,1012,2025-01-09 07:37:50
112,12,2025-01-09 07:39:50,1012,2025-01-09 07:39:50
113,13,2025-01-09 07:41:50,1012,2025-01-09 07:41:50
114,14,2025-01-09 07:43:50,1012,2025-01-09 07:43:50
115,15,2025-01-09 07:45:50,1012,2025-01-09 07:45:50
116,16,2025-01-09 07:47:50,1012,2025-01-09 07:47:50
117,17,2025-01-09 07:48:50,1012,2025-01-09 07:48:50
118,18,2025-01-09 07:50:50,1012,2025-01-09 07:50:50
119,19,2025-01-09 07:52:50,1012,2025-01-09 07:52:50
120,20,2025-01-09 07:54:50,1012,2025-01-09 07:54:50
121,21,2025-01-09 07:57:50,1012,2025-01-09 07:57:50
122,22,2025-01-09 07:59:50,1012,2025-01-09 07:59:50
123,23,2025-01-09 08:01:50,1012,2025-01-09 08:01:50
124,24,2025-01-09 08:04:50,1012,2025-01-09 08:04:50
125,25,2025-01-09 08:06:50,1012,2025-01-09 08:06:50
126,26,2025-01-09 08:09:50,1012,2025-01-09 08:09:50
127,27,2025-01-09 08:12:50,1012,2025-01-09 08:12:50
128,28,2025-01-09 08:14:50,1012,2025-01-09 08:14:50
129,29,2025-01-09 08:16:50,1012,2025-01-09 08:16:50
130,30,2025-01-09 08:18:50,1012,2025-01-09 08:18:50
131,31,2025-01-09 08:20:50,1012,2025-01-09 08:20:50
132,32,2025-01-09 08:21:50,1012,2025-01-09 08:21:50
133,33,2025-01-09 08:24:50,1012,2025-01-09 08:24:50
134,34,2025-01-09 08:26:50,1012,2025-01-09 08:26:50
135,35,2025-01-09 08:28:50,1012,2025-01-09 08:28:50
136,36,2025-01-09 08:30:50,1012,2025-01-09 08:30:50
100,0,2025-01-09 07:14:50,1013,2025-01-09 07:14:50
101,1,2025-01-09 07:18:50,1013,2025-01-09 07:18:50
102,2,2025-01-09 07:21:50,1013,2025-01-09 07:21:50
103,3,2025-01-09 07:24:50,1013,2025-01-09 07:24:50
104,4,2025-01-09 07:28:50,1013,2025-01-09 07:28:50
105,5,2025-01-09 07:30:50,1013,2025-01-09 07:30:50
106,6,2025-01-09 07:31:50,1013,2025-01-09 07:31:50
107,7,2025-01-09 07:34:50,1013,2025-01-09 07:34:50
108,8,2025-01-09 07:36:50,1013,2025-01-09 07:36:50
109,9,2025-01-09 07:38:50,1013,2025-01-09 07:38:50
110,10,2025-01-09 07:40:50,1013,2025-01-09 07:40:50
111,11,2025-01-09 07:42:50,1013,2025-01-09 07:42:50
112,12,2025-01-09 07:44:50,1013,2025-01-09 07:44:50
113,13,2025-01-09 07:46:50,1013,2025-01-09 07:46:50
114,14,2025-01-09 07:48:50,1013,2025-01-09 07:48:50
115,15,2025-01-09 07:50:50,1013,2025-01-09 07:50:50
116,16,2025-01-09 07:52:50,1013,2025-01-09 07:52:50
117,17,2025-01-09 07:53:50,1013,2025-01-09 07:53:50
118,18,2025-01-09 07:55:50,1013,2025-01-09 07:55:50
119,19,2025-01-09 07:57:50,1013,2025-01-09 07:57:50
120,20,2025-01-09 07:59:50,1013,2025-01-09 07:59:50
121,21,2025-01-09 08:02:50,1013,2025-01-09 08:02:50
122,22,2025-01-09 08:04:50,1013,2025-01-09 08:04:50
123,23,2025-01-09 08:06:50,1013,2025-01-09 08:06:50
124,24,2025-01-09 08:09:50,1013,2025-01-09 08:09:50
125,25,2025-01-09 08:11:50,1013,2025-01-09 08:11:50
126,26,2025-01-09 08:14:50,1013,2025-01-09 08:14:50
127,27,2025-01-09 08:17:50,1013,2025-01-09 08:17:50
128,28,2025-01-09 08:19:50,1013,2025-01-09 08:19:50
129,29,2025-01-09 08:21:50,1013,2025-01-09 08:21:50
130,30,2025-01-09 08:23:50,1013,2025-01-09 08:23:50
131,31,2025-01-09 08:25:50,1013,2025-01-09 08:25:50
132,32,2025-01-09 08:26:50,1013,2025-01-09 08:26:50
133,33,2025-01-09 08:29:50,1013,2025-01-09 08:29:50
134,34,2025-01-09 08:31:50,1013,2025-01-09 08:31:50
135,35,2025-01-09 08:33:50,1013,2025-01-09 08:33:50
136,36,2025-01-09 08:35:50,1013,2025-01-09 08:35:50
100,0,2025-01-09 07:19:50,1014,2025-01-09 07:19:50
101,1,2025-01-09 07:23:50,1014,2025-01-09 07:23:50
102,2,2025-01-09 07:26:50,1014,2025-01-09 07:26:50
103,3,2025-01-09 07:29:50,1014,2025-01-09 07:29:50
104,4,2025-01-09 07:33:50,1014,2025-01-09 07:33:50
105,5,2025-01-09 07:35:50,1014,2025-01-09 07:35:50
106,6,2025-01-09 07:36:50,1014,2025-01-09 07:36:50
107,7,2025-01-09 07:39:50,1014,2025-01-09 07:39:50
108,8,2025-01-09 07:41:50,1014,2025-01-09 07:41:50
109,9,2025-01-09 07:43:50,1014,2025-01-09 07:43:50
110,10,2025-01-09 07:45:50,1014,2025-01-09 07:45:50
111,11,2025-01-09 07:47:50,1014,2025-01-09 07:47:50
112,12,2025-01-09 07:49:50,1014,2025-01-09 07:49:50
113,13,2025-01-09 07:51:50,1014,2025-01-09 07:51:50
114,14,2025-01-09 07:53:50,1014,2025-01-09 07:53:50
115,15,2025-01-09 07:55:50,1014,2025-01-09 07:55:50
116,16,2025-01-09 07:57:50,1014,2025-01-09 07:57:50
117,17,2025-01-09 07:58:50,1014,2025-01-09 07:58:50
118,18,2025-01-09 08:00:50,1014,2025-01-09 08:00:50
119,19,2025-01-09 08:02:50,1014,2025-01-09 08:02:50
120,20,2025-01-09 08:04:50,1014,2025-01-09 08:04:50
121,21,2025-01-09 08:07:50,1014,2025-01-09 08:07:50
122,22,2025-01-09 08:09:50,1014,2025-01-09 08:09:50
123,23,2025-01-09 08:11:50,1014,2025-01-09 08:11:50
124,24,2025-01-09 08:14:50,1014,2025-01-09 08:14:50
125,25,2025-01-09 08:16:50,1014,2025-01-09 08:16:50
126,26,2025-01-09 08:19:50,1014,2025-01-09 08:19:50
127,27,2025-01-09 08:22:50,1014,2025-01-09 08:22:50
128,28,2025-01-09 08:24:50,1014,2025-01-09 08:24:50
129,29,2025-01-09 08:26:50,1014,2025-01-09 08:26:50
130,30,2025-01-09 08:28:50,1014,2025-01-09 08:28:50
131,31,2025-01-09 08:30:50,1014,2025-01-09 08:30:50
132,32,2025-01-09 08:31:50,1014,2025-01-09 08:31:50
133,33,2025-01-09 08:34:50,1014,2025-01-09 08:34:50
134,34,2025-01-09 08:36:50,1014,2025-01-09 08:36:50
135,35,2025-01-09 08:38:50,1014,2025-01-09 08:38:50
136,36,2025-01-09 08:40:50,1014,2025-01-09 08:40:50
100,0,2025-01-09 07:24:50,1015,2025-01-09 07:24:50
101,1,2025-01-09 07:28:50,1015,2025-01-09 07:28:50
102,2,2025-01-09 07:31:50,1015,2025-01-09 07:31:50
103,3,2025-01-09 07:34:50,1015,2025-01-09 07:34:50
104,4,2025-01-09 07:38:50,1015,2025-01-09 07:38:50
105,5,2025-01-09 07:40:50,1015,2025-01-09 07:40:50
106,6,2025-01-09 07:41:50,1015,2025-01-09 07:41:50
107,7,2025-01-09 07:44:50,1015,2025-01-09 07:44:50
108,8,2025-01-09 07:46:50,1015,2025-01-09 07:46:50
109,9,2025-01-09 07:48:50,1015,2025-01-09 07:48:50
110,10,2025-01-09 07:50:50,1015,2025-01-09 07:50:50
111,11,2025-01-09 07:52:50,1015,2025-01-09 07:52:50
112,12,2025-01-09 07:54:50,1015,2025-01-09 07:54:50
113,13,2025-01-09 07:56:50,1015,2025-01-09 07:56:50
114,14,2025-01-09 07:58:50,1015,2025-01-09 07:58:50
115,15,2025-01-09 08:00:50,1015,2025-01-09 08:00:50
116,16,2025-01-09 08:02:50,1015,2025-01-09 08:02:50
117,17,2025-01-09 08:03:50,1015,2025-01-09 08:03:50
118,18,2025-01-09 08:05:50,1015,2025-01-09 08:05:50
119,19,2025-01-09 08:07:50,1015,2025-01-09 08:07:50
120,20,2025-01-09 08:09:50,1015,2025-01-09 08:09:50
121,21,2025-01-09 08:12:50,1015,2025-01-09 08:12:50
122,22,2025-01-09 08:14:50,1015,2025-01-09 08:14:50
123,23,2025-01-09 08:16:50,1015,2025-01-09 08:16:50
124,24,2025-01-09 08:19:50,1015,2025-01-09 08:19:50
125,25,2025-01-09 08:21:50,1015,2025-01-09 08:21:50
126,26,2025-01-09 08:24:50,1015,2025-01-09 08:24:50
127,27,2025-01-09 08:27:50,1015,2025-01-09 08:27:50
128,28,2025-01-09 08:29:50,1015,2025-01-09 08:29:50
129,29,2025-01-09 08:31:50,1015,2025-01-09 08:31:50
130,30,2025-01-09 08:33:50,1015,2025-01-09 08:33:50
131,31,2025-01-09 08:35:50,1015,2025-01-09 08:35:50
132,32,2025-01-09 08:36:50,1015,2025-01-09 08:36:50
133,33,2025-01-09 08:39:50,1015,2025-01-09 08:39:50
134,34,2025-01-09 08:41:50,1015,2025-01-09 08:41:50
135,35,2025-01-09 08:43:50,1015,2025-01-09 08:43:50
136,36,2025-01-09 08:45:50,1015,2025-01-09 08:45:50
100,0,2025-01-09 07:29:50,1016,2025-01-09 07:29:50
101,1,2025-01-09 07:33:50,1016,2025-01-09 07:33:50
102,2,2025-01-09 07:36:50,1016,2025-01-09 07:36:50
103,3,2025-01-09 07:39:50,1016,2025-01-09 07:39:50
104,4,2025-01-09 07:43:50,1016,2025-01-09 07:43:50
105,5,2025-01-09 07:45:50,1016,2025-01-09 07:45:50
106,6,2025-01-09 07:46:50,1016,2025-01-09 07:46:50
107,7,2025-01-09 07:49:50,1016,2025-01-09 07:49:50
108,8,2025-01-09 07:51:50,1016,2025-01-09 07:51:50
109,9,2025-01-09 07:53:50,1016,2025-01-09 07:53:50
110,10,2025-01-09 07:55:50,1016,2025-01-09 07:55:50
111,11,2025-01-09 07:57:50,1016,2025-01-09 07:57:50
112,12,2025-01-09 07:59:50,1016,2025-01-09 07:59:50
113,13,2025-01-09 08:01:50,1016,2025-01-09 08:01:50
114,14,2025-01-09 08:03:50,1016,2025-01-09 08:03:50
115,15,2025-01-09 08:05:50,1016,2025-01-09 08:05:50
116,16,2025-01-09 08:07:50,1016,2025-01-09 08:07:50
117,17,2025-01-09 08:08:50,1016,2025-01-09 08:08:50
118,18,2025-01-09 08:10:50,1016,2025-01-09 08:10:50
119,19,2025-01-09 08:12:50,1016,2025-01-09 08:12:50
120,20,2025-01-09 08:14:50,1016,2025-01-09 08:14:50
121,21,2025-01-09 08:17:50,1016,2025-01-09 08:17:50
122,22,2025-01-09 08:19:50,1016,2025-01-09 08:19:50
123,23,2025-01-09 08:21:50,1016,2025-01-09 08:21:50
124,24,2025-01-09 08:24:50,1016,2025-01-09 08:24:50
125,25,2025-01-09 08:26:50,1016,2025-01-09 08:26:50
126,26,2025-01-09 08:29:50,1016,2025-01-09 08:29:50
127,27,2025-01-09 08:32:50,1016,2025-01-09 08:32:50
128,28,2025-01-09 08:34:50,1016,2025-01-09 08:34:50
129,29,2025-01-09 08:36:50,1016,2025-01-09 08:36:50
130,30,2025-01-09 08:38:50,1016,2025-01-09 08:38:50
131,31,2025-01-09 08:40:50,1016,2025-01-09 08:40:50
132,32,2025-01-09 08:41:50,1016,2025-01-09 08:41:50
133,33,2025-01-09 08:44:50,1016,2025-01-09 08:44:50
134,34,2025-01-09 08:46:50,1016,2025-01-09 08:46:50
135,35,2025-01-09 08:48:50,1016,2025-01-09 08:48:50
136,36,2025-01-09 08:50:50,1016,2025-01-09 08:50:50
100,0,2025-01-09 07:34:50,1017,2025-01-09 07:34:50
101,1,2025-01-09 07:38:50,1017,2025-01-09 07:38:50
102,2,2025-01-09 07:41:50,1017,2025-01-09 07:41:50
103,3,2025-01-09 07:44:50,1017,2025-01-09 07:44:50
104,4,2025-01-09 07:48:50,1017,2025-01-09 07:48:50
105,5,2025-01-09 07:50:50,1017,2025-01-09 07:50:50
106,6,2025-01-09 07:51:50,1017,2025-01-09 07:51:50
107,7,2025-01-09 07:54:50,1017,2025-01-09 07:54:50
108,8,2025-01-09 07:56:50,1017,2025-01-09 07:56:50
109,9,2025-01-09 07:58:50,1017,2025-01-09 07:58:50
110,10,2025-01-09 08:00:50,1017,2025-01-09 08:00:50
111,11,2025-01-09 08:02:50,1017,2025-01-09 08:02:50
112,12,2025-01-09 08:04:50,1017,2025-01-09 08:04:50
113,13,2025-01-09 08:06:50,1017,2025-01-09 08:06:50
114,14,2025-01-09 08:08:50,1017,2025-01-09 08:08:50
115,15,2025-01-09 08:10:50,1017,2025-01-09 08:10:50
116,16,2025-01-09 08:12:50,1017,2025-01-09 08:12:50
117,17,2025-01-09 08:13:50,1017,2025-01-09 08:13:50
118,18,2025-01-09 08:15:50,1017,2025-01-09 08:15:50
119,19,2025-01-09 08:17:50,1017,2025-01-09 08:17:50
120,20,2025-01-09 08:19:50,1017,2025-01-09 08:19:50
121,21,2025-01-09 08:22:50,1017,2025-01-09 08:22:50
122,22,2025-01-09 08:24:50,1017,2025-01-09 08:24:50
123,23,2025-01-09 08:26:50,1017,2025-01-09 08:26:50
124,24,2025-01-09 08:29:50,1017,2025-01-09 08:29:50
125,25,2025-01-09 08:31:50,1017,2025-01-09 08:31:50
126,26,2025-01-09 08:34:50,1017,2025-01-09 08:34:50
127,27,2025-01-09 08:37:50,1017,2025-01-09 08:37:50
128,28,2025-01-09 08:39:50,1017,2025-01-09 08:39:50
129,29,2025-01-09 08:41:50,1017,2025-01-09 08:41:50
130,30,2025-01-09 08:43:50,1017,2025-01-09 08:43:50
131,31,2025-01-09 08:45:50,1017,2025-01-09 08:45:50
132,32,2025-01-09 08:46:50,1017,2025-01-09 08:46:50
133,33,2025-01-09 08:49:50,1017,2025-01-09 08:49:50
134,34,2025-01-09 08:51:50,1017,2025-01-09 08:51:50
135,35,2025-01-09 08:53:50,1017,2025-01-09 08:53:50
136,36,2025-01-09 08:55:50,1017,2025-01-09 08:55:50
100,0,2025-01-09 07:39:50,1018,2025-01-09 07:39:50
101,1,2025-01-09 07:43:50,1018,2025-01-09 07:43:50
102,2,2025-01-09 07:46:50,1018,2025-01-09 07:46:50
103,3,2025-01-09 07:49:50,1018,2025-01-09 07:49:50
104,4,2025-01-09 07:53:50,1018,2025-01-09 07:53:50
105,5,2025-01-09 07:55:50,1018,2025-01-09 07:55:50
106,6,2025-01-09 07:56:50,1018,2025-01-09 07:56:50
107,7,2025-01-09 07:59:50,1018,2025-01-09 07:59:50
108,8,2025-01-09 08:01:50,1018,2025-01-09 08:01:50
109,9,2025-01-09 08:03:50,1018,2025-01-09 08:03:50
110,10,2025-01-09 08:05:50,1018,2025-01-09 08:05:50
111,11,2025-01-09 08:07:50,1018,2025-01-09 08:07:50
112,12,2025-01-09 08:09:50,1018,2025-01-09 08:09:50
113,13,2025-01-09 08:11:50,1018,2025-01-09 08:11:50
114,14,2025-01-09 08:13:50,1018,2025-01-09 08:13:50
115,15,2025-01-09 08:15:50,1018,2025-01-09 08:15:50
116,16,2025-01-09 08:17:50,1018,2025-01-09 08:17:50
117,17,2025-01-09 08:18:50,1018,2025-01-09 08:18:50
118,18,2025-01-09 08:20:50,1018,2025-01-09 08:20:50
119,19,2025-01-09 08:22:50,1018,2025-01-09 08:22:50
120,20,2025-01-09 08:24:50,1018,2025-01-09 08:24:50
121,21,2025-01-09 08:27:50,1018,2025-01-09 08:27:50
122,22,2025-01-09 08:29:50,1018,2025-01-09 08:29:50
123,23,2025-01-09 08:31:50,1018,2025-01-09 08:31:50
124,24,2025-01-09 08:34:50,1018,2025-01-09 08:34:50
125,25,2025-01-09 08:36:50,1018,2025-01-09 08:36:50
126,26,2025-01-09 08:39:50,1018,2025-01-09 08:39:50
127,27,2025-01-09 08:42:50,1018,2025-01-09 08:42:50
128,28,2025-01-09 08:44:50,1018,2025-01-09 08:44:50
129,29,2025-01-09 08:46:50,1018,2025-01-09 08:46:50
130,30,2025-01-09 08:48:50,1018,2025-01-09 08:48:50
131,31,2025-01-09 08:50:50,1018,2025-01-09 08:50:50
132,32,2025-01-09 08:51:50,1018,2025-01-09 08:51:50
133,33,2025-01-09 08:54:50,1018,2025-01-09 08:54:50
134,34,2025-01-09 08:56:50,1018,2025-01-09 08:56:50
135,35,2025-01-09 08:58:50,1018,2025-01-09 08:58:50
136,36,2025-01-09 09:00:50,1018,2025-01-09 09:00:50
100,0,2025-01-09 07:44:50,1019,2025-01-09 07:44:50
101,1,2025-01-09 07:48:50,1019,2025-01-09 07:48:50
102,2,2025-01-09 07:51:50,1019,2025-01-09 07:51:50
103,3,2025-01-09 07:54:50,1019,2025-01-09 07:54:50
104,4,2025-01-09 07:58:50,1019,2025-01-09 07:58:50
105,5,2025-01-09 08:00:50,1019,2025-01-09 08:00:50
106,6,2025-01-09 08:01:50,1019,2025-01-09 08:01:50
107,7,2025-01-09 08:04:50,1019,2025-01-09 08:04:50
108,8,2025-01-09 08:06:50,1019,2025-01-09 08:06:50
109,9,2025-01-09 08:08:50,1019,2025-01-09 08:08:50
110,10,2025-01-09 08:10:50,1019,2025-01-09 08:10:50
111,11,2025-01-09 08:12:50,1019,2025-01-09 08:12:50
112,12,2025-01-09 08:14:50,1019,2025-01-09 08:14:50
113,13,2025-01-09 08:16:50,1019,2025-01-09 08:16:50
114,14,2025-01-09 08:18:50,1019,2025-01-09 08:18:50
115,15,2025-01-09 08:20:50,1019,2025-01-09 08:20:50
116,16,2025-01-09 08:22:50,1019,2025-01-09 08:22:50
117,17,2025-01-09 08:23:50,1019,2025-01-09 08:23:50
118,18,2025-01-09 08:25:50,1019,2025-01-09 08:25:50
119,19,2025-01-09 08:27:50,1019,2025-01-09 08:27:50
120,20,2025-01-09 08:29:50,1019,2025-01-09 08:29:50
121,21,2025-01-09 08:32:50,1019,2025-01-09 08:32:50
122,22,2025-01-09 08:34:50,1019,2025-01-09 08:34:50
123,23,2025-01-09 08:36:50,1019,2025-01-09 08:36:50
124,24,2025-01-09 08:39:50,1019,2025-01-09 08:39:50
125,25,2025-01-09 08:41:50,1019,2025-01-09 08:41:50
126,26,2025-01-09 08:44:50,1019,2025-01-09 08:44:50
127,27,2025-01-09 08:47:50,1019,2025-01-09 08:47:50
128,28,2025-01-09 08:49:50,1019,2025-01-09 08:49:50
129,29,2025-01-09 08:51:50,1019,2025-01-09 08:51:50
130,30,2025-01-09 08:53:50,1019,2025-01-09 08:53:50
131,31,2025-01-09 08:55:50,1019,2025-01-09 08:55:50
132,32,2025-01-09 08:56:50,1019,2025-01-09 08:56:50
133,33,2025-01-09 08:59:50,1019,2025-01-09 08:59:50
134,34,2025-01-09 09:01:50,1019,2025-01-09 09:01:50
135,35,2025-01-09 09:03:50,1019,2025-01-09 09:03:50
136,36,2025-01-09 09:05:50,1019,2025-01-09 09:05:50
100,0,2025-01-09 07:49:50,1020,2025-01-09 07:49:50
101,1,2025-01-09 07:53:50,1020,2025-01-09 07:53:50
102,2,2025-01-09 07:56:50,1020,2025-01-09 07:56:50
103,3,2025-01-09 07:59:50,1020,2025-01-09 07:59:50
104,4,2025-01-09 08:03:50,1020,2025-01-09 08:03:50
105,5,2025-01-09 08:05:50,1020,2025-01-09 08:05:50
106,6,2025-01-09 08:06:50,1020,2025-01-09 08:06:50
107,7,2025-01-09 08:09:50,1020,2025-01-09 08:09:50
108,8,2025-01-09 08:11:50,1020,2025-01-09 08:11:50
109,9,2025-01-09 08:13:50,1020,2025-01-09 08:13:50
110,10,2025-01-09 08:15:50,1020,2025-01-09 08:15:50
111,11,2025-01-09 08:17:50,1020,2025-01-09 08:17:50
112,12,2025-01-09 08:19:50,1020,2025-01-09 08:19:50
113,13,2025-01-09 08:21:50,1020,2025-01-09 08:21:50
114,14,2025-01-09 08:23:50,1020,2025-01-09 08:23:50
115,15,2025-01-09 08:25:50,1020,2025-01-09 08:25:50
116,16,2025-01-09 08:27:50,1020,2025-01-09 08:27:50
117,17,2025-01-09 08:28:50,1020,2025-01-09 08:28:50
118,18,2025-01-09 08:30:50,1020,2025-01-09 08:30:50
119,19,2025-01-09 08:32:50,1020,2025-01-09 08:32:50
120,20,2025-01-09 08:34:50,1020,2025-01-09 08:34:50
121,21,2025-01-09 08:37:50,1020,2025-01-09 08:37:50
122,22,2025-01-09 08:39:50,1020,2025-01-09 08:39:50
123,23,2025-01-09 08:41:50,1020,2025-01-09 08:41:50
124,24,2025-01-09 08:44:50,1020,2025-01-09 08:44:50
125,25,2025-01-09 08:46:50,1020,2025-01-09 08:46:50
126,26,2025-01-09 08:49:50,1020,2025-01-09 08:49:50
127,27,2025-01-09 08:52:50,1020,2025-01-09 08:52:50
128,28,2025-01-09 08:54:50,1020,2025-01-09 08:54:50
129,29,2025-01-09 08:56:50,1020,2025-01-09 08:56:50
130,30,2025-01-09 08:58:50,1020,2025-01-09 08:58:50
131,31,2025-01-09 09:00:50,1020,2025-01-09 09:00:50
132,32,2025-01-09 09:01:50,1020,2025-01-09 09:01:50
133,33,2025-01-09 09:04:50,1020,2025-01-09 09:04:50
134,34,2025-01-09 09:06:50,1020,2025-01-09 09:06:50
135,35,2025-01-09 09:08:50,1020,2025-01-09 09:08:50
136,36,2025-01-09 09:10:50,1020,2025-01-09 09:10:50
100,0,2025-01-09 07:54:50,1021,2025-01-09 07:54:50
101,1,2025-01-09 07:58:50,1021,2025-01-09 07:58:50
102,2,2025-01-09 08:01:50,1021,2025-01-09 08:01:50
103,3,2025-01-09 08:04:50,1021,2025-01-09 08:04:50
104,4,2025-01-09 08:08:50,1021,2025-01-09 08:08:50
105,5,2025-01-09 08:10:50,1021,2025-01-09 08:10:50
106,6,2025-01-09 08:11:50,1021,2025-01-09 08:11:50
107,7,2025-01-09 08:14:50,1021,2025-01-09 08:14:50
108,8,2025-01-09 08:16:50,1021,2025-01-09 08:16:50
109,9,2025-01-09 08:18:50,1021,2025-01-09 08:18:50
110,10,2025-01-09 08:20:50,1021,2025-01-09 08:20:50
111,11,2025-01-09 08:22:50,1021,2025-01-09 08:22:50
112,12,2025-01-09 08:24:50,1021,2025-01-09 08:24:50
113,13,2025-01-09 08:26:50,1021,2025-01-09 08:26:50
114,14,2025-01-09 08:28:50,1021,2025-01-09 08:28:50
115,15,2025-01-09 08:30:50,1021,2025-01-09 08:30:50
116,16,2025-01-09 08:32:50,1021,2025-01-09 08:32:50
117,17,2025-01-09 08:33:50,1021,2025-01-09 08:33:50
118,18,2025-01-09 08:35:50,1021,2025-01-09 08:35:50
119,19,2025-01-09 08:37:50,1021,2025-01-09 08:37:50
120,20,2025-01-09 08:39:50,1021,2025-01-09 08:39:50
121,21,2025-01-09 08:42:50,1021,2025-01-09 08:42:50
122,22,2025-01-09 08:44:50,1021,2025-01-09 08:44:50
123,23,2025-01-09 08:46:50,1021,2025-01-09 08:46:50
124,24,2025-01-09 08:49:50,1021,2025-01-09 08:49:50
125,25,2025-01-09 08:51:50,1021,2025-01-09 08:51:50
126,26,2025-01-09 08:54:50,1021,2025-01-09 08:54:50
127,27,2025-01-09 08:57:50,1021,2025-01-09 08:57:50
128,28,2025-01-09 08:59:50,1021,2025-01-09 08:59:50
129,29,2025-01-09 09:01:50,1021,2025-01-09 09:01:50
130,30,2025-01-09 09:03:50,1021,2025-01-09 09:03:50
131,31,2025-01-09 09:05:50,1021,2025-01-09 09:05:50
132,32,2025-01-09 09:06:50,1021,2025-01-09 09:06:50
133,33,2025-01-09 09:09:50,1021,2025-01-09 09:09:50
134,34,2025-01-09 09:11:50,1021,2025-01-09 09:11:50
135,35,2025-01-09 09:13:50,1021,2025-01-09 09:13:50
136,36,2025-01-09 09:15:50,1021,2025-01-09 09:15:50
100,0,2025-01-09 07:59:50,1022,2025-01-09 07:59:50
101,1,2025-01-09 08:03:50,1022,2025-01-09 08:03:50
102,2,2025-01-09 08:06:50,1022,2025-01-09 08:06:50
103,3,2025-01-09 08:09:50,1022,2025-01-09 08:09:50
104,4,2025-01-09 08:13:50,1022,2025-01-09 08:13:50
105,5,2025-01-09 08:15:50,1022,2025-01-09 08:15:50
106,6,2025-01-09 08:16:50,1022,2025-01-09 08:16:50
107,7,2025-01-09 08:19:50,1022,2025-01-09 08:19:50
108,8,2025-01-09 08:21:50,1022,2025-01-09 08:21:50
109,9,2025-01-09 08:23:50,1022,2025-01-09 08:23:50
110,10,2025-01-09 08:25:50,1022,2025-01-09 08:25:50
111,11,2025-01-09 08:27:50,1022,2025-01-09 08:27:50
112,12,2025-01-09 08:29:50,1022,2025-01-09 08:29:50
113,13,2025-01-09 08:31:50,1022,2025-01-09 08:31:50
114,14,2025-01-09 08:33:50,1022,2025-01-09 08:33:50
115,15,2025-01-09 08:35:50,1022,2025-01-09 08:35:50
116,16,2025-01-09 08:37:50,1022,2025-01-09 08:37:50
117,17,2025-01-09 08:38:50,1022,2025-01-09 08:38:50
118,18,2025-01-09 08:40:50,1022,2025-01-09 08:40:50
119,19,2025-01-09 08:42:50,1022,2025-01-09 08:42:50
120,20,2025-01-09 08:44:50,1022,2025-01-09 08:44:50
121,21,2025-01-09 08:47:50,1022,2025-01-09 08:47:50
122,22,2025-01-09 08:49:50,1022,2025-01-09 08:49:50
123,23,2025-01-09 08:51:50,1022,2025-01-09 08:51:50
124,24,2025-01-09 08:54:50,1022,2025-01-09 08:54:50
125,25,2025-01-09 08:56:50,1022,2025-01-09 08:56:50
126,26,2025-01-09 08:59:50,1022,2025-01-09 08:59:50
127,27,2025-01-09 09:02:50,1022,2025-01-09 09:02:50
128,28,2025-01-09 09:04:50,1022,2025-01-09 09:04:50
129,29,2025-01-09 09:06:50,1022,2025-01-09 09:06:50
130,30,2025-01-09 09:08:50,1022,2025-01-09 09:08:50
131,31,2025-01-09 09:10:50,1022,2025-01-09 09:10:50
132,32,2025-01-09 09:11:50,1022,2025-01-09 09:11:50
133,33,2025-01-09 09:14:50,1022,2025-01-09 09:14:50
134,34,2025-01-09 09:16:50,1022,2025-01-09 09:16:50
135,35,2025-01-09 09:18:50,1022,2025-01-09 09:18:50
136,36,2025-01-09 09:20:50,1022,2025-01-09 09:20:50
100,0,2025-01-09 08:04:50,1023,2025-01-09 08:04:50
101,1,2025-01-09 08:08:50,1023,2025-01-09 08:08:50
102,2,2025-01-09 08:11:50,1023,2025-01-09 08:11:50
103,3,2025-01-09 08:14:50,1023,2025-01-09 08:14:50
104,4,2025-01-09 08:18:50,1023,2025-01-09 08:18:50
105,5,2025-01-09 08:20:50,1023,2025-01-09 08:20:50
106,6,2025-01-09 08:21:50,1023,2025-01-09 08:21:50
107,7,2025-01-09 08:24:50,1023,2025-01-09 08:24:50
108,8,2025-01-09 08:26:50,1023,2025-01-09 08:26:50
109,9,2025-01-09 08:28:50,1023,2025-01-09 08:28:50
110,10,2025-01-09 08:30:50,1023,2025-01-09 08:30:50
111,11,2025-01-09 08:32:50,1023,2025-01-09 08:32:50
112,12,2025-01-09 08:34:50,1023,2025-01-09 08:34:50
113,13,2025-01-09 08:36:50,1023,2025-01-09 08:36:50
114,14,2025-01-09 08:38:50,1023,2025-01-09 08:38:50
115,15,2025-01-09 08:40:50,1023,2025-01-09 08:40:50
116,16,2025-01-09 08:42:50,1023,2025-01-09 08:42:50
117,17,2025-01-09 08:43:50,1023,2025-01-09 08:43:50
118,18,2025-01-09 08:45:50,1023,2025-01-09 08:45:50
119,19,2025-01-09 08:47:50,1023,2025-01-09 08:47:50
120,20,2025-01-09 08:49:50,1023,2025-01-09 08:49:50
121,21,2025-01-09 08:52:50,1023,2025-01-09 08:52:50
122,22,2025-01-09 08:54:50,1023,2025-01-09 08:54:50
123,23,2025-01-09 08:56:50,1023,2025-01-09 08:56:50
124,24,2025-01-09 08:59:50,1023,2025-01-09 08:59:50
125,25,2025-01-09 09:01:50,1023,2025-01-09 09:01:50
126,26,2025-01-09 09:04:50,1023,2025-01-09 09:04:50
127,27,2025-01-09 09:07:50,1023,2025-01-09 09:07:50
128,28,2025-01-09 09:09:50,1023,2025-01-09 09:09:50
129,29,2025-01-09 09:11:50,1023,2025-01-09 09:11:50
130,30,2025-01-09 09:13:50,1023,2025-01-09 09:13:50
131,31,2025-01-09 09:15:50,1023,2025-01-09 09:15:50
132,32,2025-01-09 09:16:50,1023,2025-01-09 09:16:50
133,33,2025-01-09 09:19:50,1023,2025-01-09 09:19:50
134,34,2025-01-09 09:21:50,1023,2025-01-09 09:21:50
135,35,2025-01-09 09:23:50,1023,2025-01-09 09:23:50
136,36,2025-01-09 09:25:50,1023,2025-01-09 09:25:50
100,0,2025-01-09 08:09:50,1024,2025-01-09 08:09:50
101,1,2025-01-09 08:13:50,1024,2025-01-09 08:13:50
102,2,2025-01-09 08:16:50,1024,2025-01-09 08:16:50
103,3,2025-01-09 08:19:50,1024,2025-01-09 08:19:50
104,4,2025-01-09 08:23:50,1024,2025-01-09 08:23:50
105,5,2025-01-09 08:25:50,1024,2025-01-09 08:25:50
106,6,2025-01-09 08:26:50,1024,2025-01-09 08:26:50
107,7,2025-01-09 08:29:50,1024,2025-01-09 08:29:50
108,8,2025-01-09 08:31:50,1024,2025-01-09 08:31:50
109,9,2025-01-09 08:33:50,1024,2025-01-09 08:33:50
110,10,2025-01-09 08:35:50,1024,2025-01-09 08:35:50
111,11,2025-01-09 08:37:50,1024,2025-01-09 08:37:50
112,12,2025-01-09 08:39:50,1024,2025-01-09 08:39:50
113,13,2025-01-09 08:41:50,1024,2025-01-09 08:41:50
114,14,2025-01-09 08:43:50,1024,2025-01-09 08:43:50
115,15,2025-01-09 08:45:50,1024,2025-01-09 08:45:50
116,16,2025-01-09 08:47:50,1024,2025-01-09 08:47:50
117,17,2025-01-09 08:48:50,1024,2025-01-09 08:48:50
118,18,2025-01-09 08:50:50,1024,2025-01-09 08:50:50
119,19,2025-01-09 08:52:50,1024,2025-01-09 08:52:50
120,20,2025-01-09 08:54:50,1024,2025-01-09 08:54:50
121,21,2025-01-09 08:57:50,1024,2025-01-09 08:57:50
122,22,2025-01-09 08:59:50,1024,2025-01-09 08:59:50
123,23,2025-01-09 09:01:50,1024,2025-01-09 09:01:50
124,24,2025-01-09 09:04:50,1024,2025-01-09 09:04:50
125,25,2025-01-09 09:06:50,1024,2025-01-09 09:06:50
126,26,2025-01-09 09:09:50,1024,2025-01-09 09:09:50
127,27,2025-01-09 09:12:50,1024,2025-01-09 09:12:50
128,28,2025-01-09 09:14:50,1024,2025-01-09 09:14:50
129,29,2025-01-09 09:16:50,1024,2025-01-09 09:16:50
130,30,2025-01-09 09:18:50,1024,2025-01-09 09:18:50
131,31,2025-01-09 09:20:50,1024,2025-01-09 09:20:50
132,32,2025-01-09 09:21:50,1024,2025-01-09 09:21:50
133,33,2025-01-09 09:24:50,1024,2025-01-09 09:24:50
134,34,2025-01-09 09:26:50,1024,2025-01-09 09:26:50
135,35,2025-01-09 09:28:50,1024,2025-01-09 09:28:50
136,36,2025-01-09 09:30:50,1024,2025-01-09 09:30:50
100,0,2025-01-09 08:14:50,1025,2025-01-09 08:14:50
101,1,2025-01-09 08:18:50,1025,2025-01-09 08:18:50
102,2,2025-01-09 08:21:50,1025,2025-01-09 08:21:50
103,3,2025-01-09 08:24:50,1025,2025-01-09 08:24:50
104,4,2025-01-09 08:28:50,1025,2025-01-09 08:28:50
105,5,2025-01-09 08:30:50,1025,2025-01-09 08:30:50
106,6,2025-01-09 08:31:50,1025,2025-01-09 08:31:50
107,7,2025-01-09 08:34:50,1025,2025-01-09 08:34:50
108,8,2025-01-09 08:36:50,1025,2025-01-09 08:36:50
109,9,2025-01-09 08:38:50,1025,2025-01-09 08:38:50
110,10,2025-01-09 08:40:50,1025,2025-01-09 08:40:50
111,11,2025-01-09 08:42:50,1025,2025-01-09 08:42:50
112,12,2025-01-09 08:44:50,1025,2025-01-09 08:44:50
113,13,2025-01-09 08:46:50,1025,2025-01-09 08:46:50
114,14,2025-01-09 08:48:50,1025,2025-01-09 08:48:50
115,15,2025-01-09 08:50:50,1025,2025-01-09 08:50:50
116,16,2025-01-09 08:52:50,1025,2025-01-09 08:52:50
117,17,2025-01-09 08:53:50,1025,2025-01-09 08:53:50
118,18,2025-01-09 08:55:50,1025,2025-01-09 08:55:50
119,19,2025-01-09 08:57:50,1025,2025-01-09 08:57:50
120,20,2025-01-09 08:59:50,1025,2025-01-09 08:59:50
121,21,2025-01-09 09:02:50,1025,2025-01-09 09:02:50
122,22,2025-01-09 09:04:50,1025,2025-01-09 09:04:50
123,23,2025-01-09 09:06:50,1025,2025-01-09 09:06:50
124,24,2025-01-09 09:09:50,1025,2025-01-09 09:09:50
125,25,2025-01-09 09:11:50,1025,2025-01-09 09:11:50
126,26,2025-01-09 09:14:50,1025,2025-01-09 09:14:50
127,27,2025-01-09 09:17:50,1025,2025-01-09 09:17:50
128,28,2025-01-09 09:19:50,1025,2025-01-09 09:19:50
129,29,2025-01-09 09:21:50,1025,2025-01-09 09:21:50
130,30,2025-01-09 09:23:50,1025,2025-01-09 09:23:50
131,31,2025-01-09 09:25:50,1025,2025-01-09 09:25:50
132,32,2025-01-09 09:26:50,1025,2025-01-09 09:26:50
133,33,2025-01-09 09:29:50,1025,2025-01-09 09:29:50
134,34,2025-01-09 09:31:50,1025,2025-01-09 09:31:50
135,35,2025-01-09 09:33:50,1025,2025-01-09 09:33:50
136,36,2025-01-09 09:35:50,1025,2025-01-09 09:35:50
100,0,2025-01-09 08:19:50,1026,2025-01-09 08:19:50
101,1,2025-01-09 08:23:50,1026,2025-01-09 08:23:50
102,2,2025-01-09 08:26:50,1026,2025-01-09 08:26:50
103,3,2025-01-09 08:29:50,1026,2025-01-09 08:29:50
104,4,2025-01-09 08:33:50,1026,2025-01-09 08:33:50
105,5,2025-01-09 08:35:50,1026,2025-01-09 08:35:50
106,6,2025-01-09 08:36:50,1026,2025-01-09 08:36:50
107,7,2025-01-09 08:39:50,1026,2025-01-09 08:39:50
108,8,2025-01-09 08:41:50,1026,2025-01-09 08:41:50
109,9,2025-01-09 08:43:50,1026,2025-01-09 08:43:50
110,10,2025-01-09 08:45:50,1026,2025-01-09 08:45:50
111,11,2025-01-09 08:47:50,1026,2025-01-09 08:47:50
112,12,2025-01-09 08:49:50,1026,2025-01-09 08:49:50
113,13,2025-01-09 08:51:50,1026,2025-01-09 08:51:50
114,14,2025-01-09 08:53:50,1026,2025-01-09 08:53:50
115,15,2025-01-09 08:55:50,1026,2025-01-09 08:55:50
116,16,2025-01-09 08:57:50,1026,2025-01-09 08:57:50
117,17,2025-01-09 08:58:50,1026,2025-01-09 08:58:50
118,18,2025-01-09 09:00:50,1026,2025-01-09 09:00:50
119,19,2025-01-09 09:02:50,1026,2025-01-09 09:02:50
120,20,2025-01-09 09:04:50,1026,2025-01-09 09:04:50
121,21,2025-01-09 09:07:50,1026,2025-01-09 09:07:50
122,22,2025-01-09 09:09:50,1026,2025-01-09 09:09:50
123,23,2025-01-09 09:11:50,1026,2025-01-09 09:11:50
124,24,2025-01-09 09:14:50,1026,2025-01-09 09:14:50
125,25,2025-01-09 09:16:50,1026,2025-01-09 09:16:50
126,26,2025-01-09 09:19:50,1026,2025-01-09 09:19:50
127,27,2025-01-09 09:22:50,1026,2025-01-09 09:22:50
128,28,2025-01-09 09:24:50,1026,2025-01-09 09:24:50
129,29,2025-01-09 09:26:50,1026,2025-01-09 09:26:50
130,30,2025-01-09 09:28:50,1026,2025-01-09 09:28:50
131,31,2025-01-09 09:30:50,1026,2025-01-09 09:30:50
132,32,2025-01-09 09:31:50,1026,2025-01-09 09:31:50
133,33,2025-01-09 09:34:50,1026,2025-01-09 09:34:50
134,34,2025-01-09 09:36:50,1026,2025-01-09 09:36:50
135,35,2025-01-09 09:38:50,1026,2025-01-09 09:38:50
136,36,2025-01-09 09:40:50,1026,2025-01-09 09:40:50
100,0,2025-01-09 08:24:50,1027,2025-01-09 08:24:50
101,1,2025-01-09 08:28:50,1027,2025-01-09 08:28:50
102,2,2025-01-09 08:31:50,1027,2025-01-09 08:31:50
103,3,2025-01-09 08:34:50,1027,2025-01-09 08:34:50
104,4,2025-01-09 08:38:50,1027,2025-01-09 08:38:50
105,5,2025-01-09 08:40:50,1027,2025-01-09 08:40:50
106,6,2025-01-09 08:41:50,1027,2025-01-09 08:41:50
107,7,2025-01-09 08:44:50,1027,2025-01-09 08:44:50
108,8,2025-01-09 08:46:50,1027,2025-01-09 08:46:50
109,9,2025-01-09 08:48:50,1027,2025-01-09 08:48:50
110,10,2025-01-09 08:50:50,1027,2025-01-09 08:50:50
111,11,2025-01-09 08:52:50,1027,2025-01-09 08:52:50
112,12,2025-01-09 08:54:50,1027,2025-01-09 08:54:50
113,13,2025-01-09 08:56:50,1027,2025-01-09 08:56:50
114,14,2025-01-09 08:58:50,1027,2025-01-09 08:58:50
115,15,2025-01-09 09:00:50,1027,2025-01-09 09:00:50
116,16,2025-01-09 09:02:50,1027,2025-01-09 09:02:50
117,17,2025-01-09 09:03:50,1027,2025-01-09 09:03:50
118,18,2025-01-09 09:05:50,1027,2025-01-09 09:05:50
119,19,2025-01-09 09:07:50,1027,2025-01-09 09:07:50
120,20,2025-01-09 09:09:50,1027,2025-01-09 09:09:50
121,21,2025-01-09 09:12:50,1027,2025-01-09 09:12:50
122,22,2025-01-09 09:14:50,1027,2025-01-09 09:14:50
123,23,2025-01-09 09:16:50,1027,2025-01-09 09:16:50
124,24,2025-01-09 09:19:50,1027,2025-01-09 09:19:50
125,25,2025-01-09 09:21:50,1027,2025-01-09 09:21:50
126,26,2025-01-09 09:24:50,1027,2025-01-09 09:24:50
127,27,2025-01-09 09:27:50,1027,2025-01-09 09:27:50
128,28,2025-01-09 09:29:50,1027,2025-01-09 09:29:50
129,29,2025-01-09 09:31:50,1027,2025-01-09 09:31:50
130,30,2025-01-09 09:33:50,1027,2025-01-09 09:33:50
131,31,2025-01-09 09:35:50,1027,2025-01-09 09:35:50
132,32,2025-01-09 09:36:50,1027,2025-01-09 09:36:50
133,33,2025-01-09 09:39:50,1027,2025-01-09 09:39:50
134,34,2025-01-09 09:41:50,1027,2025-01-09 09:41:50
135,35,2025-01-09 09:43:50,1027,2025-01-09 09:43:50
136,36,2025-01-09 09:45:50,1027,2025-01-09 09:45:50
100,0,2025-01-09 08:29:50,1028,2025-01-09 08:29:50
101,1,2025-01-09 08:33:50,1028,2025-01-09 08:33:50
102,2,2025-01-09 08:36:50,1028,2025-01-09 08:36:50
103,3,2025-01-09 08:39:50,1028,2025-01-09 08:39:50
104,4,2025-01-09 08:43:50,1028,2025-01-09 08:43:50
105,5,2025-01-09 08:45:50,1028,2025-01-09 08:45:50
106,6,2025-01-09 08:46:50,1028,2025-01-09 08:46:50
107,7,2025-01-09 08:49:50,1028,2025-01-09 08:49:50
108,8,2025-01-09 08:51:50,1028,2025-01-09 08:51:50
109,9,2025-01-09 08:53:50,1028,2025-01-09 08:53:50
110,10,2025-01-09 08:55:50,1028,2025-01-09 08:55:50
111,11,2025-01-09 08:57:50,1028,2025-01-09 08:57:50
112,12,2025-01-09 08:59:50,1028,2025-01-09 08:59:50
113,13,2025-01-09 09:01:50,1028,2025-01-09 09:01:50
114,14,2025-01-09 09:03:50,1028,2025-01-09 09:03:50
115,15,2025-01-09 09:05:50,1028,2025-01-09 09:05:50
116,16,2025-01-09 09:07:50,1028,2025-01-09 09:07:50
117,17,2025-01-09 09:08:50,1028,2025-01-09 09:08:50
118,18,2025-01-09 09:10:50,1028,2025-01-09 09:10:50
119,19,2025-01-09 09:12:50,1028,2025-01-09 09:12:50
120,20,2025-01-09 09:14:50,1028,2025-01-09 09:14:50
121,21,2025-01-09 09:17:50,1028,2025-01-09 09:17:50
122,22,2025-01-09 09:19:50,1028,2025-01-09 09:19:50
123,23,2025-01-09 09:21:50,1028,2025-01-09 09:21:50
124,24,2025-01-09 09:24:50,1028,2025-01-09 09:24:50
125,25,2025-01-09 09:26:50,1028,2025-01-09 09:26:50
126,26,2025-01-09 09:29:50,1028,2025-01-09 09:29:50
127,27,2025-01-09 09:32:50,1028,2025-01-09 09:32:50
128,28,2025-01-09 09:34:50,1028,2025-01-09 09:34:50
129,29,2025-01-09 09:36:50,1028,2025-01-09 09:36:50
130,30,2025-01-09 09:38:50,1028,2025-01-09 09:38:50
131,31,2025-01-09 09:40:50,1028,2025-01-09 09:40:50
132,32,2025-01-09 09:41:50,1028,2025-01-09 09:41:50
133,33,2025-01-09 09:44:50,1028,2025-01-09 09:44:50
134,34,2025-01-09 09:46:50,1028,2025-01-09 09:46:50
135,35,2025-01-09 09:48:50,1028,2025-01-09 09:48:50
136,36,2025-01-09 09:50:50,1028,2025-01-09 09:50:50
100,0,2025-01-09 08:34:50,1029,2025-01-09 08:34:50
101,1,2025-01-09 08:38:50,1029,2025-01-09 08:38:50
102,2,2025-01-09 08:41:50,1029,2025-01-09 08:41:50
103,3,2025-01-09 08:44:50,1029,2025-01-09 08:44:50
104,4,2025-01-09 08:48:50,1029,2025-01-09 08:48:50
105,5,2025-01-09 08:50:50,1029,2025-01-09 08:50:50
106,6,2025-01-09 08:51:50,1029,2025-01-09 08:51:50
107,7,2025-01-09 08:54:50,1029,2025-01-09 08:54:50
108,8,2025-01-09 08:56:50,1029,2025-01-09 08:56:50
109,9,2025-01-09 08:58:50,1029,2025-01-09 08:58:50
110,10,2025-01-09 09:00:50,1029,2025-01-09 09:00:50
111,11,2025-01-09 09:02:50,1029,2025-01-09 09:02:50
112,12,2025-01-09 09:04:50,1029,2025-01-09 09:04:50
113,13,2025-01-09 09:06:50,1029,2025-01-09 09:06:50
114,14,2025-01-09 09:08:50,1029,2025-01-09 09:08:50
115,15,2025-01-09 09:10:50,1029,2025-01-09 09:10:50
116,16,2025-01-09 09:12:50,1029,2025-01-09 09:12:50
117,17,2025-01-09 09:13:50,1029,2025-01-09 09:13:50
118,18,2025-01-09 09:15:50,1029,2025-01-09 09:15:50
119,19,2025-01-09 09:17:50,1029,2025-01-09 09:17:50
120,20,2025-01-09 09:19:50,1029,2025-01-09 09:19:50
121,21,2025-01-09 09:22:50,1029,2025-01-09 09:22:50
122,22,2025-01-09 09:24:50,1029,2025-01-09 09:24:50
123,23,2025-01-09 09:26:50,1029,2025-01-09 09:26:50
124,24,2025-01-09 09:29:50,1029,2025-01-09 09:29:50
125,25,2025-01-09 09:31:50,1029,2025-01-09 09:31:50
126,26,2025-01-09 09:34:50,1029,2025-01-09 09:34:50
127,27,2025-01-09 09:37:50,1029,2025-01-09 09:37:50
128,28,2025-01-09 09:39:50,1029,2025-01-09 09:39:50
129,29,2025-01-09 09:41:50,1029,2025-01-09 09:41:50
130,30,2025-01-09 09:43:50,1029,2025-01-09 09:43:50
131,31,2025-01-09 09:45:50,1029,2025-01-09 09:45:50
132,32,2025-01-09 09:46:50,1029,2025-01-09 09:46:50
133,33,2025-01-09 09:49:50,1029,2025-01-09 09:49:50
134,34,2025-01-09 09:51:50,1029,2025-01-09 09:51:50
135,35,2025-01-09 09:53:50,1029,2025-01-09 09:53:50
136,36,2025-01-09 09:55:50,1029,2025-01-09 09:55:50
100,0,2025-01-09 08:39:50,1030,2025-01-09 08:39:50
101,1,2025-01-09 08:43:50,1030,2025-01-09 08:43:50
102,2,2025-01-09 08:46:50,1030,2025-01-09 08:46:50
103,3,2025-01-09 08:49:50,1030,2025-01-09 08:49:50
104,4,2025-01-09 08:53:50,1030,2025-01-09 08:53:50
105,5,2025-01-09 08:55:50,1030,2025-01-09 08:55:50
106,6,2025-01-09 08:56:50,1030,2025-01-09 08:56:50
107,7,2025-01-09 08:59:50,1030,2025-01-09 08:59:50
108,8,2025-01-09 09:01:50,1030,2025-01-09 09:01:50
109,9,2025-01-09 09:03:50,1030,2025-01-09 09:03:50
110,10,2025-01-09 09:05:50,1030,2025-01-09 09:05:50
111,11,2025-01-09 09:07:50,1030,2025-01-09 09:07:50
112,12,2025-01-09 09:09:50,1030,2025-01-09 09:09:50
113,13,2025-01-09 09:11:50,1030,2025-01-09 09:11:50
114,14,2025-01-09 09:13:50,1030,2025-01-09 09:13:50
115,15,2025-01-09 09:15:50,1030,2025-01-09 09:15:50
116,16,2025-01-09 09:17:50,1030,2025-01-09 09:17:50
117,17,2025-01-09 09:18:50,1030,2025-01-09 09:18:50
118,18,2025-01-09 09:20:50,1030,2025-01-09 09:20:50
119,19,2025-01-09 09:22:50,1030,2025-01-09 09:22:50
120,20,2025-01-09 09:24:50,1030,2025-01-09 09:24:50
121,21,2025-01-09 09:27:50,1030,2025-01-09 09:27:50
122,22,2025-01-09 09:29:50,1030,2025-01-09 09:29:50
123,23,2025-01-09 09:31:50,1030,2025-01-09 09:31:50
124,24,2025-01-09 09:34:50,1030,2025-01-09 09:34:50
125,25,2025-01-09 09:36:50,1030,2025-01-09 09:36:50
126,26,2025-01-09 09:39:50,1030,2025-01-09 09:39:50
127,27,2025-01-09 09:42:50,1030,2025-01-09 09:42:50
128,28,2025-01-09 09:44:50,1030,2025-01-09 09:44:50
129,29,2025-01-09 09:46:50,1030,2025-01-09 09:46:50
130,30,2025-01-09 09:48:50,1030,2025-01-09 09:48:50
131,31,2025-01-09 09:50:50,1030,2025-01-09 09:50:50
132,32,2025-01-09 09:51:50,1030,2025-01-09 09:51:50
133,33,2025-01-09 09:54:50,1030,2025-01-09 09:54:50
134,34,2025-01-09 09:56:50,1030,2025-01-09 09:56:50
135,35,2025-01-09 09:58:50,1030,2025-01-09 09:58:50
136,36,2025-01-09 10:00:50,1030,2025-01-09 10:00:50
100,0,2025-01-09 08:42:50,1031,2025-01-09 08:42:50
101,1,2025-01-09 08:46:50,1031,2025-01-09 08:46:50
102,2,2025-01-09 08:49:50,1031,2025-01-09 08:49:50
103,3,2025-01-09 08:52:50,1031,2025-01-09 08:52:50
104,4,2025-01-09 08:56:50,1031,2025-01-09 08:56:50
105,5,2025-01-09 08:58:50,1031,2025-01-09 08:58:50
106,6,2025-01-09 08:59:50,1031,2025-01-09 08:59:50
107,7,2025-01-09 09:02:50,1031,2025-01-09 09:02:50
108,8,2025-01-09 09:04:50,1031,2025-01-09 09:04:50
109,9,2025-01-09 09:06:50,1031,2025-01-09 09:06:50
110,10,2025-01-09 09:08:50,1031,2025-01-09 09:08:50
111,11,2025-01-09 09:10:50,1031,2025-01-09 09:10:50
112,12,2025-01-09 09:12:50,1031,2025-01-09 09:12:50
113,13,2025-01-09 09:14:50,1031,2025-01-09 09:14:50
114,14,2025-01-09 09:16:50,1031,2025-01-09 09:16:50
115,15,2025-01-09 09:18:50,1031,2025-01-09 09:18:50
116,16,2025-01-09 09:20:50,1031,2025-01-09 09:20:50
117,17,2025-01-09 09:21:50,1031,2025-01-09 09:21:50
118,18,2025-01-09 09:23:50,1031,2025-01-09 09:23:50
119,19,2025-01-09 09:25:50,1031,2025-01-09 09:25:50
120,20,2025-01-09 09:27:50,1031,2025-01-09 09:27:50
121,21,2025-01-09 09:30:50,1031,2025-01-09 09:30:50
122,22,2025-01-09 09:32:50,1031,2025-01-09 09:32:50
123,23,2025-01-09 09:34:50,1031,2025-01-09 09:34:50
124,24,2025-01-09 09:37:50,1031,2025-01-09 09:37:50
125,25,2025-01-09 09:39:50,1031,2025-01-09 09:39:50
126,26,2025-01-09 09:42:50,1031,2025-01-09 09:42:50
127,27,2025-01-09 09:45:50,1031,2025-01-09 09:45:50
128,28,2025-01-09 09:47:50,1031,2025-01-09 09:47:50
129,29,2025-01-09 09:49:50,1031,2025-01-09 09:49:50
130,30,2025-01-09 09:51:50,1031,2025-01-09 09:51:50
131,31,2025-01-09 09:53:50,1031,2025-01-09 09:53:50
132,32,2025-01-09 09:54:50,1031,2025-01-09 09:54:50
133,33,2025-01-09 09:57:50,1031,2025-01-09 09:57:50
134,34,2025-01-09 09:59:50,1031,2025-01-09 09:59:50
135,35,2025-01-09 10:01:50,1031,2025-01-09 10:01:50
136,36,2025-01-09 10:03:50,1031,2025-01-09 10:03:50
100,0,2025-01-09 08:47:20,1032,2025-01-09 08:47:20
101,1,2025-01-09 08:51:20,1032,2025-01-09 08:51:20
102,2,2025-01-09 08:54:20,1032,2025-01-09 08:54:20
103,3,2025-01-09 08:57:20,1032,2025-01-09 08:57:20
104,4,2025-01-09 09:01:20,1032,2025-01-09 09:01:20
105,5,2025-01-09 09:03:20,1032,2025-01-09 09:03:20
106,6,2025-01-09 09:04:20,1032,2025-01-09 09:04:20
107,7,2025-01-09 09:07:20,1032,2025-01-09 09:07:20
108,8,2025-01-09 09:09:20,1032,2025-01-09 09:09:20
109,9,2025-01-09 09:11:20,1032,2025-01-09 09:11:20
110,10,2025-01-09 09:13:20,1032,2025-01-09 09:13:20
111,11,2025-01-09 09:15:20,1032,2025-01-09 09:15:20
112,12,2025-01-09 09:17:20,1032,2025-01-09 09:17:20
113,13,2025-01-09 09:19:20,1032,2025-01-09 09:19:20
114,14,2025-01-09 09:21:20,1032,2025-01-09 09:21:20
115,15,2025-01-09 09:23:20,1032,2025-01-09 09:23:20
116,16,2025-01-09 09:25:20,1032,2025-01-09 09:25:20
117,17,2025-01-09 09:26:20,1032,2025-01-09 09:26:20
118,18,2025-01-09 09:28:20,1032,2025-01-09 09:28:20
119,19,2025-01-09 09:30:20,1032,2025-01-09 09:30:20
120,20,2025-01-09 09:32:20,1032,2025-01-09 09:32:20
121,21,2025-01-09 09:35:20,1032,2025-01-09 09:35:20
122,22,2025-01-09 09:37:20,1032,2025-01-09 09:37:20
123,23,2025-01-09 09:39:20,1032,2025-01-09 09:39:20
124,24,2025-01-09 09:42:20,1032,2025-01-09 09:42:20
125,25,2025-01-09 09:44:20,1032,2025-01-09 09:44:20
126,26,2025-01-09 09:47:20,1032,2025-01-09 09:47:20
127,27,2025-01-09 09:50:20,1032,2025-01-09 09:50:20
128,28,2025-01-09 09:52:20,1032,2025-01-09 09:52:20
129,29,2025-01-09 09:54:20,1032,2025-01-09 09:54:20
130,30,2025-01-09 09:56:20,1032,2025-01-09 09:56:20
131,31,2025-01-09 09:58:20,1032,2025-01-09 09:58:20
132,32,2025-01-09 09:59:20,1032,2025-01-09 09:59:20
133,33,2025-01-09 10:02:20,1032,2025-01-09 10:02:20
134,34,2025-01-09 10:04:20,1032,2025-01-09 10:04:20
135,35,2025-01-09 10:06:20,1032,2025-01-09 10:06:20
136,36,2025-01-09 10:08:20,1032,2025-01-09 10:08:20
100,0,2025-01-09 08:51:50,1033,2025-01-09 08:51:50
101,1,2025-01-09 08:55:50,1033,2025-01-09 08:55:50
102,2,2025-01-09 08:58:50,1033,2025-01-09 08:58:50
103,3,2025-01-09 09:01:50,1033,2025-01-09 09:01:50
104,4,2025-01-09 09:05:50,1033,2025-01-09 09:05:50
105,5,2025-01-09 09:07:50,1033,2025-01-09 09:07:50
106,6,2025-01-09 09:08:50,1033,2025-01-09 09:08:50
107,7,2025-01-09 09:11:50,1033,2025-01-09 09:11:50
108,8,2025-01-09 09:13:50,1033,2025-01-09 09:13:50
109,9,2025-01-09 09:15:50,1033,2025-01-09 09:15:50
110,10,2025-01-09 09:17:50,1033,2025-01-09 09:17:50
111,11,2025-01-09 09:19:50,1033,2025-01-09 09:19:50
112,12,2025-01-09 09:21:50,1033,2025-01-09 09:21:50
113,13,2025-01-09 09:23:50,1033,2025-01-09 09:23:50
114,14,2025-01-09 09:25:50,1033,2025-01-09 09:25:50
115,15,2025-01-09 09:27:50,1033,2025-01-09 09:27:50
116,16,2025-01-09 09:29:50,1033,2025-01-09 09:29:50
117,17,2025-01-09 09:30:50,1033,2025-01-09 09:30:50
118,18,2025-01-09 09:32:50,1033,2025-01-09 09:32:50
119,19,2025-01-09 09:34:50,1033,2025-01-09 09:34:50
120,20,2025-01-09 09:36:50,1033,2025-01-09 09:36:50
121,21,2025-01-09 09:39:50,1033,2025-01-09 09:39:50
122,22,2025-01-09 09:41:50,1033,2025-01-09 09:41:50
123,23,2025-01-09 09:43:50,1033,2025-01-09 09:43:50
124,24,2025-01-09 09:46:50,1033,2025-01-09 09:46:50
125,25,2025-01-09 09:48:50,1033,2025-01-09 09:48:50
126,26,2025-01-09 09:51:50,1033,2025-01-09 09:51:50
127,27,2025-01-09 09:54:50,1033,2025-01-09 09:54:50
128,28,2025-01-09 09:56:50,1033,2025-01-09 09:56:50
129,29,2025-01-09 09:58:50,1033,2025-01-09 09:58:50
130,30,2025-01-09 10:00:50,1033,2025-01-09 10:00:50
131,31,2025-01-09 10:02:50,1033,2025-01-09 10:02:50
132,32,2025-01-09 10:03:50,1033,2025-01-09 10:03:50
133,33,2025-01-09 10:06:50,1033,2025-01-09 10:06:50
134,34,2025-01-09 10:08:50,1033,2025-01-09 10:08:50
135,35,2025-01-09 10:10:50,1033,2025-01-09 10:10:50
136,36,2025-01-09 10:12:50,1033,2025-01-09 10:12:50
100,0,2025-01-09 08:56:20,1034,2025-01-09 08:56:20
101,1,2025-01-09 09:00:20,1034,2025-01-09 09:00:20
102,2,2025-01-09 09:03:20,1034,2025-01-09 09:03:20
103,3,2025-01-09 09:06:20,1034,2025-01-09 09:06:20
104,4,2025-01-09 09:10:20,1034,2025-01-09 09:10:20
105,5,2025-01-09 09:12:20,1034,2025-01-09 09:12:20
106,6,2025-01-09 09:13:20,1034,2025-01-09 09:13:20
107,7,2025-01-09 09:16:20,1034,2025-01-09 09:16:20
108,8,2025-01-09 09:18:20,1034,2025-01-09 09:18:20
109,9,2025-01-09 09:20:20,1034,2025-01-09 09:20:20
110,10,2025-01-09 09:22:20,1034,2025-01-09 09:22:20
111,11,2025-01-09 09:24:20,1034,2025-01-09 09:24:20
112,12,2025-01-09 09:26:20,1034,2025-01-09 09:26:20
113,13,2025-01-09 09:28:20,1034,2025-01-09 09:28:20
114,14,2025-01-09 09:30:20,1034,2025-01-09 09:30:20
115,15,2025-01-09 09:32:20,1034,2025-01-09 09:32:20
116,16,2025-01-09 09:34:20,1034,2025-01-09 09:34:20
117,17,2025-01-09 09:35:20,1034,2025-01-09 09:35:20
118,18,2025-01-09 09:37:20,1034,2025-01-09 09:37:20
119,19,2025-01-09 09:39:20,1034,2025-01-09 09:39:20
120,20,2025-01-09 09:41:20,1034,2025-01-09 09:41:20
121,21,2025-01-09 09:44:20,1034,2025-01-09 09:44:20
122,22,2025-01-09 09:46:20,1034,2025-01-09 09:46:20
123,23,2025-01-09 09:48:20,1034,2025-01-09 09:48:20
124,24,2025-01-09 09:51:20,1034,2025-01-09 09:51:20
125,25,2025-01-09 09:53:20,1034,2025-01-09 09:53:20
126,26,2025-01-09 09:56:20,1034,2025-01-09 09:56:20
127,27,2025-01-09 09:59:20,1034,2025-01-09 09:59:20
128,28,2025-01-09 10:01:20,1034,2025-01-09 10:01:20
129,29,2025-01-09 10:03:20,1034,2025-01-09 10:03:20
130,30,2025-01-09 10:05:20,1034,2025-01-09 10:05:20
131,31,2025-01-09 10:07:20,1034,2025-01-09 10:07:20
132,32,2025-01-09 10:08:20,1034,2025-01-09 10:08:20
133,33,2025-01-09 10:11:20,1034,2025-01-09 10:11:20
134,34,2025-01-09 10:13:20,1034,2025-01-09 10:13:20
135,35,2025-01-09 10:15:20,1034,2025-01-09 10:15:20
136,36,2025-01-09 10:17:20,1034,2025-01-09 10:17:20
100,0,2025-01-09 09:00:50,1035,2025-01-09 09:00:50
101,1,2025-01-09 09:04:50,1035,2025-01-09 09:04:50
102,2,2025-01-09 09:07:50,1035,2025-01-09 09:07:50
103,3,2025-01-09 09:10:50,1035,2025-01-09 09:10:50
104,4,2025-01-09 09:14:50,1035,2025-01-09 09:14:50
105,5,2025-01-09 09:16:50,1035,2025-01-09 09:16:50
106,6,2025-01-09 09:17:50,1035,2025-01-09 09:17:50
107,7,2025-01-09 09:20:50,1035,2025-01-09 09:20:50
108,8,2025-01-09 09:22:50,1035,2025-01-09 09:22:50
109,9,2025-01-09 09:24:50,1035,2025-01-09 09:24:50
110,10,2025-01-09 09:26:50,1035,2025-01-09 09:26:50
111,11,2025-01-09 09:28:50,1035,2025-01-09 09:28:50
112,12,2025-01-09 09:30:50,1035,2025-01-09 09:30:50
113,13,2025-01-09 09:32:50,1035,2025-01-09 09:32:50
114,14,2025-01-09 09:34:50,1035,2025-01-09 09:34:50
115,15,2025-01-09 09:36:50,1035,2025-01-09 09:36:50
116,16,2025-01-09 09:38:50,1035,2025-01-09 09:38:50
117,17,2025-01-09 09:39:50,1035,2025-01-09 09:39:50
118,18,2025-01-09 09:41:50,1035,2025-01-09 09:41:50
119,19,2025-01-09 09:43:50,1035,2025-01-09 09:43:50
120,20,2025-01-09 09:45:50,1035,2025-01-09 09:45:50
121,21,2025-01-09 09:48:50,1035,2025-01-09 09:48:50
122,22,2025-01-09 09:50:50,1035,2025-01-09 09:50:50
123,23,2025-01-09 09:52:50,1035,2025-01-09 09:52:50
124,24,2025-01-09 09:55:50,1035,2025-01-09 09:55:50
125,25,2025-01-09 09:57:50,1035,2025-01-09 09:57:50
126,26,2025-01-09 10:00:50,1035,2025-01-09 10:00:50
127,27,2025-01-09 10:03:50,1035,2025-01-09 10:03:50
128,28,2025-01-09 10:05:50,1035,2025-01-09 10:05:50
129,29,2025-01-09 10:07:50,1035,2025-01-09 10:07:50
130,30,2025-01-09 10:09:50,1035,2025-01-09 10:09:50
131,31,2025-01-09 10:11:50,1035,2025-01-09 10:11:50
132,32,2025-01-09 10:12:50,1035,2025-01-09 10:12:50
133,33,2025-01-09 10:15:50,1035,2025-01-09 10:15:50
134,34,2025-01-09 10:17:50,1035,2025-01-09 10:17:50
135,35,2025-01-09 10:19:50,1035,2025-01-09 10:19:50
136,36,2025-01-09 10:21:50,1035,2025-01-09 10:21:50
100,0,2025-01-09 09:05:20,1036,2025-01-09 09:05:20
101,1,2025-01-09 09:09:20,1036,2025-01-09 09:09:20
102,2,2025-01-09 09:12:20,1036,2025-01-09 09:12:20
103,3,2025-01-09 09:15:20,1036,2025-01-09 09:15:20
104,4,2025-01-09 09:19:20,1036,2025-01-09 09:19:20
105,5,2025-01-09 09:21:20,1036,2025-01-09 09:21:20
106,6,2025-01-09 09:22:20,1036,2025-01-09 09:22:20
107,7,2025-01-09 09:25:20,1036,2025-01-09 09:25:20
108,8,2025-01-09 09:27:20,1036,2025-01-09 09:27:20
109,9,2025-01-09 09:29:20,1036,2025-01-09 09:29:20
110,10,2025-01-09 09:31:20,1036,2025-01-09 09:31:20
111,11,2025-01-09 09:33:20,1036,2025-01-09 09:33:20
112,12,2025-01-09 09:35:20,1036,2025-01-09 09:35:20
113,13,2025-01-09 09:37:20,1036,2025-01-09 09:37:20
114,14,2025-01-09 09:39:20,1036,2025-01-09 09:39:20
115,15,2025-01-09 09:41:20,1036,2025-01-09 09:41:20
116,16,2025-01-09 09:43:20,1036,2025-01-09 09:43:20
117,17,2025-01-09 09:44:20,1036,2025-01-09 09:44:20
118,18,2025-01-09 09:46:20,1036,2025-01-09 09:46:20
119,19,2025-01-09 09:48:20,1036,2025-01-09 09:48:20
120,20,2025-01-09 09:50:20,1036,2025-01-09 09:50:20
121,21,2025-01-09 09:53:20,1036,2025-01-09 09:53:20
122,22,2025-01-09 09:55:20,1036,2025-01-09 09:55:20
123,23,2025-01-09 09:57:20,1036,2025-01-09 09:57:20
124,24,2025-01-09 10:00:20,1036,2025-01-09 10:00:20
125,25,2025-01-09 10:02:20,1036,2025-01-09 10:02:20
126,26,2025-01-09 10:05:20,1036,2025-01-09 10:05:20
127,27,2025-01-09 10:08:20,1036,2025-01-09 10:08:20
128,28,2025-01-09 10:10:20,1036,2025-01-09 10:10:20
129,29,2025-01-09 10:12:20,1036,2025-01-09 10:12:20
130,30,2025-01-09 10:14:20,1036,2025-01-09 10:14:20
131,31,2025-01-09 10:16:20,1036,2025-01-09 10:16:20
132,32,2025-01-09 10:17:20,1036,2025-01-09 10:17:20
133,33,2025-01-09 10:20:20,1036,2025-01-09 10:20:20
134,34,2025-01-09 10:22:20,1036,2025-01-09 10:22:20
135,35,2025-01-09 10:24:20,1036,2025-01-09 10:24:20
136,36,2025-01-09 10:26:20,1036,2025-01-09 10:26:20
100,0,2025-01-09 09:09:50,1037,2025-01-09 09:09:50
101,1,2025-01-09 09:13:50,1037,2025-01-09 09:13:50
102,2,2025-01-09 09:16:50,1037,2025-01-09 09:16:50
103,3,2025-01-09 09:19:50,1037,2025-01-09 09:19:50
104,4,2025-01-09 09:23:50,1037,2025-01-09 09:23:50
105,5,2025-01-09 09:25:50,1037,2025-01-09 09:25:50
106,6,2025-01-09 09:26:50,1037,2025-01-09 09:26:50
107,7,2025-01-09 09:29:50,1037,2025-01-09 09:29:50
108,8,2025-01-09 09:31:50,1037,2025-01-09 09:31:50
109,9,2025-01-09 09:33:50,1037,2025-01-09 09:33:50
110,10,2025-01-09 09:35:50,1037,2025-01-09 09:35:50
111,11,2025-01-09 09:37:50,1037,2025-01-09 09:37:50
112,12,2025-01-09 09:39:50,1037,2025-01-09 09:39:50
113,13,2025-01-09 09:41:50,1037,2025-01-09 09:41:50
114,14,2025-01-09 09:43:50,1037,2025-01-09 09:43:50
115,15,2025-01-09 09:45:50,1037,2025-01-09 09:45:50
116,16,2025-01-09 09:47:50,1037,2025-01-09 09:47:50
117,17,2025-01-09 09:48:50,1037,2025-01-09 09:48:50
118,18,2025-01-09 09:50:50,1037,2025-01-09 09:50:50
119,19,2025-01-09 09:52:50,1037,2025-01-09 09:52:50
120,20,2025-01-09 09:54:50,1037,2025-01-09 09:54:50
121,21,2025-01-09 09:57:50,1037,2025-01-09 09:57:50
122,22,2025-01-09 09:59:50,1037,2025-01-09 09:59:50
123,23,2025-01-09 10:01:50,1037,2025-01-09 10:01:50
124,24,2025-01-09 10:04:50,1037,2025-01-09 10:04:50
125,25,2025-01-09 10:06:50,1037,2025-01-09 10:06:50
126,26,2025-01-09 10:09:50,1037,2025-01-09 10:09:50
127,27,2025-01-09 10:12:50,1037,2025-01-09 10:12:50
128,28,2025-01-09 10:14:50,1037,2025-01-09 10:14:50
129,29,2025-01-09 10:16:50,1037,2025-01-09 10:16:50
130,30,2025-01-09 10:18:50,1037,2025-01-09 10:18:50
131,31,2025-01-09 10:20:50,1037,2025-01-09 10:20:50
132,32,2025-01-09 10:21:50,1037,2025-01-09 10:21:50
133,33,2025-01-09 10:24:50,1037,2025-01-09 10:24:50
134,34,2025-01-09 10:26:50,1037,2025-01-09 10:26:50
135,35,2025-01-09 10:28:50,1037,2025-01-09 10:28:50
136,36,2025-01-09 10:30:50,1037,2025-01-09 10:30:50
100,0,2025-01-09 09:14:20,1038,2025-01-09 09:14:20
101,1,2025-01-09 09:18:20,1038,2025-01-09 09:18:20
102,2,2025-01-09 09:21:20,1038,2025-01-09 09:21:20
103,3,2025-01-09 09:24:20,1038,2025-01-09 09:24:20
104,4,2025-01-09 09:28:20,1038,2025-01-09 09:28:20
105,5,2025-01-09 09:30:20,1038,2025-01-09 09:30:20
106,6,2025-01-09 09:31:20,1038,2025-01-09 09:31:20
107,7,2025-01-09 09:34:20,1038,2025-01-09 09:34:20
108,8,2025-01-09 09:36:20,1038,2025-01-09 09:36:20
109,9,2025-01-09 09:38:20,1038,2025-01-09 09:38:20
110,10,2025-01-09 09:40:20,1038,2025-01-09 09:40:20
111,11,2025-01-09 09:42:20,1038,2025-01-09 09:42:20
112,12,2025-01-09 09:44:20,1038,2025-01-09 09:44:20
113,13,2025-01-09 09:46:20,1038,2025-01-09 09:46:20
114,14,2025-01-09 09:48:20,1038,2025-01-09 09:48:20
115,15,2025-01-09 09:50:20,1038,2025-01-09 09:50:20
116,16,2025-01-09 09:52:20,1038,2025-01-09 09:52:20
117,17,2025-01-09 09:53:20,1038,2025-01-09 09:53:20
118,18,2025-01-09 09:55:20,1038,2025-01-09 09:55:20
119,19,2025-01-09 09:57:20,1038,2025-01-09 09:57:20
120,20,2025-01-09 09:59:20,1038,2025-01-09 09:59:20
121,21,2025-01-09 10:02:20,1038,2025-01-09 10:02:20
122,22,2025-01-09 10:04:20,1038,2025-01-09 10:04:20
123,23,2025-01-09 10:06:20,1038,2025-01-09 10:06:20
124,24,2025-01-09 10:09:20,1038,2025-01-09 10:09:20
125,25,2025-01-09 10:11:20,1038,2025-01-09 10:11:20
126,26,2025-01-09 10:14:20,1038,2025-01-09 10:14:20
127,27,2025-01-09 10:17:20,1038,2025-01-09 10:17:20
128,28,2025-01-09 10:19:20,1038,2025-01-09 10:19:20
129,29,2025-01-09 10:21:20,1038,2025-01-09 10:21:20
130,30,2025-01-09 10:23:20,1038,2025-01-09 10:23:20
131,31,2025-01-09 10:25:20,1038,2025-01-09 10:25:20
132,32,2025-01-09 10:26:20,1038,2025-01-09 10:26:20
133,33,2025-01-09 10:29:20,1038,2025-01-09 10:29:20
134,34,2025-01-09 10:31:20,1038,2025-01-09 10:31:20
135,35,2025-01-09 10:33:20,1038,2025-01-09 10:33:20
136,36,2025-01-09 10:35:20,1038,2025-01-09 10:35:20
100,0,2025-01-09 09:18:50,1039,2025-01-09 09:18:50
101,1,2025-01-09 09:22:50,1039,2025-01-09 09:22:50
102,2,2025-01-09 09:25:50,1039,2025-01-09 09:25:50
103,3,2025-01-09 09:28:50,1039,2025-01-09 09:28:50
104,4,2025-01-09 09:32:50,1039,2025-01-09 09:32:50
105,5,2025-01-09 09:34:50,1039,2025-01-09 09:34:50
106,6,2025-01-09 09:35:50,1039,2025-01-09 09:35:50
107,7,2025-01-09 09:38:50,1039,2025-01-09 09:38:50
108,8,2025-01-09 09:40:50,1039,2025-01-09 09:40:50
109,9,2025-01-09 09:42:50,1039,2025-01-09 09:42:50
110,10,2025-01-09 09:44:50,1039,2025-01-09 09:44:50
111,11,2025-01-09 09:46:50,1039,2025-01-09 09:46:50
112,12,2025-01-09 09:48:50,1039,2025-01-09 09:48:50
113,13,2025-01-09 09:50:50,1039,2025-01-09 09:50:50
114,14,2025-01-09 09:52:50,1039,2025-01-09 09:52:50
115,15,2025-01-09 09:54:50,1039,2025-01-09 09:54:50
116,16,2025-01-09 09:56:50,1039,2025-01-09 09:56:50
117,17,2025-01-09 09:57:50,1039,2025-01-09 09:57:50
118,18,2025-01-09 09:59:50,1039,2025-01-09 09:59:50
119,19,2025-01-09 10:01:50,1039,2025-01-09 10:01:50
120,20,2025-01-09 10:03:50,1039,2025-01-09 10:03:50
121,21,2025-01-09 10:06:50,1039,2025-01-09 10:06:50
122,22,2025-01-09 10:08:50,1039,2025-01-09 10:08:50
123,23,2025-01-09 10:10:50,1039,2025-01-09 10:10:50
124,24,2025-01-09 10:13:50,1039,2025-01-09 10:13:50
125,25,2025-01-09 10:15:50,1039,2025-01-09 10:15:50
126,26,2025-01-09 10:18:50,1039,2025-01-09 10:18:50
127,27,2025-01-09 10:21:50,1039,2025-01-09 10:21:50
128,28,2025-01-09 10:23:50,1039,2025-01-09 10:23:50
129,29,2025-01-09 10:25:50,1039,2025-01-09 10:25:50
130,30,2025-01-09 10:27:50,1039,2025-01-09 10:27:50
131,31,2025-01-09 10:29:50,1039,2025-01-09 10:29:50
132,32,2025-01-09 10:30:50,1039,2025-01-09 10:30:50
133,33,2025-01-09 10:33:50,1039,2025-01-09 10:33:50
134,34,2025-01-09 10:35:50,1039,2025-01-09 10:35:50
135,35,2025-01-09 10:37:50,1039,2025-01-09 10:37:50
136,36,2025-01-09 10:39:50,1039,2025-01-09 10:39:50
100,0,2025-01-09 09:23:20,1040,2025-01-09 09:23:20
101,1,2025-01-09 09:27:20,1040,2025-01-09 09:27:20
102,2,2025-01-09 09:30:20,1040,2025-01-09 09:30:20
103,3,2025-01-09 09:33:20,1040,2025-01-09 09:33:20
104,4,2025-01-09 09:37:20,1040,2025-01-09 09:37:20
105,5,2025-01-09 09:39:20,1040,2025-01-09 09:39:20
106,6,2025-01-09 09:40:20,1040,2025-01-09 09:40:20
107,7,2025-01-09 09:43:20,1040,2025-01-09 09:43:20
108,8,2025-01-09 09:45:20,1040,2025-01-09 09:45:20
109,9,2025-01-09 09:47:20,1040,2025-01-09 09:47:20
110,10,2025-01-09 09:49:20,1040,2025-01-09 09:49:20
111,11,2025-01-09 09:51:20,1040,2025-01-09 09:51:20
112,12,2025-01-09 09:53:20,1040,2025-01-09 09:53:20
113,13,2025-01-09 09:55:20,1040,2025-01-09 09:55:20
114,14,2025-01-09 09:57:20,1040,2025-01-09 09:57:20
115,15,2025-01-09 09:59:20,1040,2025-01-09 09:59:20
116,16,2025-01-09 10:01:20,1040,2025-01-09 10:01:20
117,17,2025-01-09 10:02:20,1040,2025-01-09 10:02:20
118,18,2025-01-09 10:04:20,1040,2025-01-09 10:04:20
119,19,2025-01-09 10:06:20,1040,2025-01-09 10:06:20
120,20,2025-01-09 10:08:20,1040,2025-01-09 10:08:20
121,21,2025-01-09 10:11:20,1040,2025-01-09 10:11:20
122,22,2025-01-09 10:13:20,1040,2025-01-09 10:13:20
123,23,2025-01-09 10:15:20,1040,2025-01-09 10:15:20
124,24,2025-01-09 10:18:20,1040,2025-01-09 10:18:20
125,25,2025-01-09 10:20:20,1040,2025-01-09 10:20:20
126,26,2025-01-09 10:23:20,1040,2025-01-09 10:23:20
127,27,2025-01-09 10:26:20,1040,2025-01-09 10:26:20
128,28,2025-01-09 10:28:20,1040,2025-01-09 10:28:20
129,29,2025-01-09 10:30:20,1040,2025-01-09 10:30:20
130,30,2025-01-09 10:32:20,1040,2025-01-09 10:32:20
131,31,2025-01-09 10:34:20,1040,2025-01-09 10:34:20
132,32,2025-01-09 10:35:20,1040,2025-01-09 10:35:20
133,33,2025-01-09 10:38:20,1040,2025-01-09 10:38:20
134,34,2025-01-09 10:40:20,1040,2025-01-09 10:40:20
135,35,2025-01-09 10:42:20,1040,2025-01-09 10:42:20
136,36,2025-01-09 10:44:20,1040,2025-01-09 10:44:20
100,0,2025-01-09 09:27:50,1041,2025-01-09 09:27:50
101,1,2025-01-09 09:31:50,1041,2025-01-09 09:31:50
102,2,2025-01-09 09:34:50,1041,2025-01-09 09:34:50
103,3,2025-01-09 09:37:50,1041,2025-01-09 09:37:50
104,4,2025-01-09 09:41:50,1041,2025-01-09 09:41:50
105,5,2025-01-09 09:43:50,1041,2025-01-09 09:43:50
106,6,2025-01-09 09:44:50,1041,2025-01-09 09:44:50
107,7,2025-01-09 09:47:50,1041,2025-01-09 09:47:50
108,8,2025-01-09 09:49:50,1041,2025-01-09 09:49:50
109,9,2025-01-09 09:51:50,1041,2025-01-09 09:51:50
110,10,2025-01-09 09:53:50,1041,2025-01-09 09:53:50
111,11,2025-01-09 09:55:50,1041,2025-01-09 09:55:50
112,12,2025-01-09 09:57:50,1041,2025-01-09 09:57:50
113,13,2025-01-09 09:59:50,1041,2025-01-09 09:59:50
114,14,2025-01-09 10:01:50,1041,2025-01-09 10:01:50
115,15,2025-01-09 10:03:50,1041,2025-01-09 10:03:50
116,16,2025-01-09 10:05:50,1041,2025-01-09 10:05:50
117,17,2025-01-09 10:06:50,1041,2025-01-09 10:06:50
118,18,2025-01-09 10:08:50,1041,2025-01-09 10:08:50
119,19,2025-01-09 10:10:50,1041,2025-01-09 10:10:50
120,20,2025-01-09 10:12:50,1041,2025-01-09 10:12:50
121,21,2025-01-09 10:15:50,1041,2025-01-09 10:15:50
122,22,2025-01-09 10:17:50,1041,2025-01-09 10:17:50
123,23,2025-01-09 10:19:50,1041,2025-01-09 10:19:50
124,24,2025-01-09 10:22:50,1041,2025-01-09 10:22:50
125,25,2025-01-09 10:24:50,1041,2025-01-09 10:24:50
126,26,2025-01-09 10:27:50,1041,2025-01-09 10:27:50
127,27,2025-01-09 10:30:50,1041,2025-01-09 10:30:50
128,28,2025-01-09 10:32:50,1041,2025-01-09 10:32:50
129,29,2025-01-09 10:34:50,1041,2025-01-09 10:34:50
130,30,2025-01-09 10:36:50,1041,2025-01-09 10:36:50
131,31,2025-01-09 10:38:50,1041,2025-01-09 10:38:50
132,32,2025-01-09 10:39:50,1041,2025-01-09 10:39:50
133,33,2025-01-09 10:42:50,1041,2025-01-09 10:42:50
134,34,2025-01-09 10:44:50,1041,2025-01-09 10:44:50
135,35,2025-01-09 10:46:50,1041,2025-01-09 10:46:50
136,36,2025-01-09 10:48:50,1041,2025-01-09 10:48:50
100,0,2025-01-09 09:31:50,1042,2025-01-09 09:31:50
101,1,2025-01-09 09:35:50,1042,2025-01-09 09:35:50
102,2,2025-01-09 09:38:50,1042,2025-01-09 09:38:50
103,3,2025-01-09 09:41:50,1042,2025-01-09 09:41:50
104,4,2025-01-09 09:45:50,1042,2025-01-09 09:45:50
105,5,2025-01-09 09:47:50,1042,2025-01-09 09:47:50
106,6,2025-01-09 09:48:50,1042,2025-01-09 09:48:50
107,7,2025-01-09 09:51:50,1042,2025-01-09 09:51:50
108,8,2025-01-09 09:53:50,1042,2025-01-09 09:53:50
109,9,2025-01-09 09:55:50,1042,2025-01-09 09:55:50
110,10,2025-01-09 09:57:50,1042,2025-01-09 09:57:50
111,11,2025-01-09 09:59:50,1042,2025-01-09 09:59:50
112,12,2025-01-09 10:01:50,1042,2025-01-09 10:01:50
113,13,2025-01-09 10:03:50,1042,2025-01-09 10:03:50
114,14,2025-01-09 10:05:50,1042,2025-01-09 10:05:50
115,15,2025-01-09 10:07:50,1042,2025-01-09 10:07:50
116,16,2025-01-09 10:09:50,1042,2025-01-09 10:09:50
117,17,2025-01-09 10:10:50,1042,2025-01-09 10:10:50
118,18,2025-01-09 10:12:50,1042,2025-01-09 10:12:50
119,19,2025-01-09 10:14:50,1042,2025-01-09 10:14:50
120,20,2025-01-09 10:16:50,1042,2025-01-09 10:16:50
121,21,2025-01-09 10:19:50,1042,2025-01-09 10:19:50
122,22,2025-01-09 10:21:50,1042,2025-01-09 10:21:50
123,23,2025-01-09 10:23:50,1042,2025-01-09 10:23:50
124,24,2025-01-09 10:26:50,1042,2025-01-09 10:26:50
125,25,2025-01-09 10:28:50,1042,2025-01-09 10:28:50
126,26,2025-01-09 10:31:50,1042,2025-01-09 10:31:50
127,27,2025-01-09 10:34:50,1042,2025-01-09 10:34:50
128,28,2025-01-09 10:36:50,1042,2025-01-09 10:36:50
129,29,2025-01-09 10:38:50,1042,2025-01-09 10:38:50
130,30,2025-01-09 10:40:50,1042,2025-01-09 10:40:50
131,31,2025-01-09 10:42:50,1042,2025-01-09 10:42:50
132,32,2025-01-09 10:43:50,1042,2025-01-09 10:43:50
133,33,2025-01-09 10:46:50,1042,2025-01-09 10:46:50
134,34,2025-01-09 10:48:50,1042,2025-01-09 10:48:50
135,35,2025-01-09 10:50:50,1042,2025-01-09 10:50:50
136,36,2025-01-09 10:52:50,1042,2025-01-09 10:52:50
100,0,2025-01-09 09:36:50,1043,2025-01-09 09:36:50
101,1,2025-01-09 09:40:50,1043,2025-01-09 09:40:50
102,2,2025-01-09 09:43:50,1043,2025-01-09 09:43:50
103,3,2025-01-09 09:46:50,1043,2025-01-09 09:46:50
104,4,2025-01-09 09:50:50,1043,2025-01-09 09:50:50
105,5,2025-01-09 09:52:50,1043,2025-01-09 09:52:50
106,6,2025-01-09 09:53:50,1043,2025-01-09 09:53:50
107,7,2025-01-09 09:56:50,1043,2025-01-09 09:56:50
108,8,2025-01-09 09:58:50,1043,2025-01-09 09:58:50
109,9,2025-01-09 10:00:50,1043,2025-01-09 10:00:50
110,10,2025-01-09 10:02:50,1043,2025-01-09 10:02:50
111,11,2025-01-09 10:04:50,1043,2025-01-09 10:04:50
112,12,2025-01-09 10:06:50,1043,2025-01-09 10:06:50
113,13,2025-01-09 10:08:50,1043,2025-01-09 10:08:50
114,14,2025-01-09 10:10:50,1043,2025-01-09 10:10:50
115,15,2025-01-09 10:12:50,1043,2025-01-09 10:12:50
116,16,2025-01-09 10:14:50,1043,2025-01-09 10:14:50
117,17,2025-01-09 10:15:50,1043,2025-01-09 10:15:50
118,18,2025-01-09 10:17:50,1043,2025-01-09 10:17:50
119,19,2025-01-09 10:19:50,1043,2025-01-09 10:19:50
120,20,2025-01-09 10:21:50,1043,2025-01-09 10:21:50
121,21,2025-01-09 10:24:50,1043,2025-01-09 10:24:50
122,22,2025-01-09 10:26:50,1043,2025-01-09 10:26:50
123,23,2025-01-09 10:28:50,1043,2025-01-09 10:28:50
124,24,2025-01-09 10:31:50,1043,2025-01-09 10:31:50
125,25,2025-01-09 10:33:50,1043,2025-01-09 10:33:50
126,26,2025-01-09 10:36:50,1043,2025-01-09 10:36:50
127,27,2025-01-09 10:39:50,1043,2025-01-09 10:39:50
128,28,2025-01-09 10:41:50,1043,2025-01-09 10:41:50
129,29,2025-01-09 10:43:50,1043,2025-01-09 10:43:50
130,30,2025-01-09 10:45:50,1043,2025-01-09 10:45:50
131,31,2025-01-09 10:47:50,1043,2025-01-09 10:47:50
132,32,2025-01-09 10:48:50,1043,2025-01-09 10:48:50
133,33,2025-01-09 10:51:50,1043,2025-01-09 10:51:50
134,34,2025-01-09 10:53:50,1043,2025-01-09 10:53:50
135,35,2025-01-09 10:55:50,1043,2025-01-09 10:55:50
136,36,2025-01-09 10:57:50,1043,2025-01-09 10:57:50
100,0,2025-01-09 09:41:50,1044,2025-01-09 09:41:50
101,1,2025-01-09 09:45:50,1044,2025-01-09 09:45:50
102,2,2025-01-09 09:48:50,1044,2025-01-09 09:48:50
103,3,2025-01-09 09:51:50,1044,2025-01-09 09:51:50
104,4,2025-01-09 09:55:50,1044,2025-01-09 09:55:50
105,5,2025-01-09 09:57:50,1044,2025-01-09 09:57:50
106,6,2025-01-09 09:58:50,1044,2025-01-09 09:58:50
107,7,2025-01-09 10:01:50,1044,2025-01-09 10:01:50
108,8,2025-01-09 10:03:50,1044,2025-01-09 10:03:50
109,9,2025-01-09 10:05:50,1044,2025-01-09 10:05:50
110,10,2025-01-09 10:07:50,1044,2025-01-09 10:07:50
111,11,2025-01-09 10:09:50,1044,2025-01-09 10:09:50
112,12,2025-01-09 10:11:50,1044,2025-01-09 10:11:50
113,13,2025-01-09 10:13:50,1044,2025-01-09 10:13:50
114,14,2025-01-09 10:15:50,1044,2025-01-09 10:15:50
115,15,2025-01-09 10:17:50,1044,2025-01-09 10:17:50
116,16,2025-01-09 10:19:50,1044,2025-01-09 10:19:50
117,17,2025-01-09 10:20:50,1044,2025-01-09 10:20:50
118,18,2025-01-09 10:22:50,1044,2025-01-09 10:22:50
119,19,2025-01-09 10:24:50,1044,2025-01-09 10:24:50
120,20,2025-01-09 10:26:50,1044,2025-01-09 10:26:50
121,21,2025-01-09 10:29:50,1044,2025-01-09 10:29:50
122,22,2025-01-09 10:31:50,1044,2025-01-09 10:31:50
123,23,2025-01-09 10:33:50,1044,2025-01-09 10:33:50
124,24,2025-01-09 10:36:50,1044,2025-01-09 10:36:50
125,25,2025-01-09 10:38:50,1044,2025-01-09 10:38:50
126,26,2025-01-09 10:41:50,1044,2025-01-09 10:41:50
127,27,2025-01-09 10:44:50,1044,2025-01-09 10:44:50
128,28,2025-01-09 10:46:50,1044,2025-01-09 10:46:50
129,29,2025-01-09 10:48:50,1044,2025-01-09 10:48:50
130,30,2025-01-09 10:50:50,1044,2025-01-09 10:50:50
131,31,2025-01-09 10:52:50,1044,2025-01-09 10:52:50
132,32,2025-01-09 10:53:50,1044,2025-01-09 10:53:50
133,33,2025-01-09 10:56:50,1044,2025-01-09 10:56:50
134,34,2025-01-09 10:58:50,1044,2025-01-09 10:58:50
135,35,2025-01-09 11:00:50,1044,2025-01-09 11:00:50
136,36,2025-01-09 11:02:50,1044,2025-01-09 11:02:50
100,0,2025-01-09 09:46:50,1045,2025-01-09 09:46:50
101,1,2025-01-09 09:50:50,1045,2025-01-09 09:50:50
102,2,2025-01-09 09:53:50,1045,2025-01-09 09:53:50
103,3,2025-01-09 09:56:50,1045,2025-01-09 09:56:50
104,4,2025-01-09 10:00:50,1045,2025-01-09 10:00:50
105,5,2025-01-09 10:02:50,1045,2025-01-09 10:02:50
106,6,2025-01-09 10:03:50,1045,2025-01-09 10:03:50
107,7,2025-01-09 10:06:50,1045,2025-01-09 10:06:50
108,8,2025-01-09 10:08:50,1045,2025-01-09 10:08:50
109,9,2025-01-09 10:10:50,1045,2025-01-09 10:10:50
110,10,2025-01-09 10:12:50,1045,2025-01-09 10:12:50
111,11,2025-01-09 10:14:50,1045,2025-01-09 10:14:50
112,12,2025-01-09 10:16:50,1045,2025-01-09 10:16:50
113,13,2025-01-09 10:18:50,1045,2025-01-09 10:18:50
114,14,2025-01-09 10:20:50,1045,2025-01-09 10:20:50
115,15,2025-01-09 10:22:50,1045,2025-01-09 10:22:50
116,16,2025-01-09 10:24:50,1045,2025-01-09 10:24:50
117,17,2025-01-09 10:25:50,1045,2025-01-09 10:25:50
118,18,2025-01-09 10:27:50,1045,2025-01-09 10:27:50
119,19,2025-01-09 10:29:50,1045,2025-01-09 10:29:50
120,20,2025-01-09 10:31:50,1045,2025-01-09 10:31:50
121,21,2025-01-09 10:34:50,1045,2025-01-09 10:34:50
122,22,2025-01-09 10:36:50,1045,2025-01-09 10:36:50
123,23,2025-01-09 10:38:50,1045,2025-01-09 10:38:50
124,24,2025-01-09 10:41:50,1045,2025-01-09 10:41:50
125,25,2025-01-09 10:43:50,1045,2025-01-09 10:43:50
126,26,2025-01-09 10:46:50,1045,2025-01-09 10:46:50
127,27,2025-01-09 10:49:50,1045,2025-01-09 10:49:50
128,28,2025-01-09 10:51:50,1045,2025-01-09 10:51:50
129,29,2025-01-09 10:53:50,1045,2025-01-09 10:53:50
130,30,2025-01-09 10:55:50,1045,2025-01-09 10:55:50
131,31,2025-01-09 10:57:50,1045,2025-01-09 10:57:50
132,32,2025-01-09 10:58:50,1045,2025-01-09 10:58:50
133,33,2025-01-09 11:01:50,1045,2025-01-09 11:01:50
134,34,2025-01-09 11:03:50,1045,2025-01-09 11:03:50
135,35,2025-01-09 11:05:50,1045,2025-01-09 11:05:50
136,36,2025-01-09 11:07:50,1045,2025-01-09 11:07:50
100,0,2025-01-09 09:51:50,1046,2025-01-09 09:51:50
101,1,2025-01-09 09:55:50,1046,2025-01-09 09:55:50
102,2,2025-01-09 09:58:50,1046,2025-01-09 09:58:50
103,3,2025-01-09 10:01:50,1046,2025-01-09 10:01:50
104,4,2025-01-09 10:05:50,1046,2025-01-09 10:05:50
105,5,2025-01-09 10:07:50,1046,2025-01-09 10:07:50
106,6,2025-01-09 10:08:50,1046,2025-01-09 10:08:50
107,7,2025-01-09 10:11:50,1046,2025-01-09 10:11:50
108,8,2025-01-09 10:13:50,1046,2025-01-09 10:13:50
109,9,2025-01-09 10:15:50,1046,2025-01-09 10:15:50
110,10,2025-01-09 10:17:50,1046,2025-01-09 10:17:50
111,11,2025-01-09 10:19:50,1046,2025-01-09 10:19:50
112,12,2025-01-09 10:21:50,1046,2025-01-09 10:21:50
113,13,2025-01-09 10:23:50,1046,2025-01-09 10:23:50
114,14,2025-01-09 10:25:50,1046,2025-01-09 10:25:50
115,15,2025-01-09 10:27:50,1046,2025-01-09 10:27:50
116,16,2025-01-09 10:29:50,1046,2025-01-09 10:29:50
117,17,2025-01-09 10:30:50,1046,2025-01-09 10:30:50
118,18,2025-01-09 10:32:50,1046,2025-01-09 10:32:50
119,19,2025-01-09 10:34:50,1046,2025-01-09 10:34:50
120,20,2025-01-09 10:36:50,1046,2025-01-09 10:36:50
121,21,2025-01-09 10:39:50,1046,2025-01-09 10:39:50
122,22,2025-01-09 10:41:50,1046,2025-01-09 10:41:50
123,23,2025-01-09 10:43:50,1046,2025-01-09 10:43:50
124,24,2025-01-09 10:46:50,1046,2025-01-09 10:46:50
125,25,2025-01-09 10:48:50,1046,2025-01-09 10:48:50
126,26,2025-01-09 10:51:50,1046,2025-01-09 10:51:50
127,27,2025-01-09 10:54:50,1046,2025-01-09 10:54:50
128,28,2025-01-09 10:56:50,1046,2025-01-09 10:56:50
129,29,2025-01-09 10:58:50,1046,2025-01-09 10:58:50
130,30,2025-01-09 11:00:50,1046,2025-01-09 11:00:50
131,31,2025-01-09 11:02:50,1046,2025-01-09 11:02:50
132,32,2025-01-09 11:03:50,1046,2025-01-09 11:03:50
133,33,2025-01-09 11:06:50,1046,2025-01-09 11:06:50
134,34,2025-01-09 11:08:50,1046,2025-01-09 11:08:50
135,35,2025-01-09 11:10:50,1046,2025-01-09 11:10:50
136,36,2025-01-09 11:12:50,1046,2025-01-09 11:12:50
100,0,2025-01-09 09:56:50,1047,2025-01-09 09:56:50
101,1,2025-01-09 10:00:50,1047,2025-01-09 10:00:50
102,2,2025-01-09 10:03:50,1047,2025-01-09 10:03:50
103,3,2025-01-09 10:06:50,1047,2025-01-09 10:06:50
104,4,2025-01-09 10:10:50,1047,2025-01-09 10:10:50
105,5,2025-01-09 10:12:50,1047,2025-01-09 10:12:50
106,6,2025-01-09 10:13:50,1047,2025-01-09 10:13:50
107,7,2025-01-09 10:16:50,1047,2025-01-09 10:16:50
108,8,2025-01-09 10:18:50,1047,2025-01-09 10:18:50
109,9,2025-01-09 10:20:50,1047,2025-01-09 10:20:50
110,10,2025-01-09 10:22:50,1047,2025-01-09 10:22:50
111,11,2025-01-09 10:24:50,1047,2025-01-09 10:24:50
112,12,2025-01-09 10:26:50,1047,2025-01-09 10:26:50
113,13,2025-01-09 10:28:50,1047,2025-01-09 10:28:50
114,14,2025-01-09 10:30:50,1047,2025-01-09 10:30:50
115,15,2025-01-09 10:32:50,1047,2025-01-09 10:32:50
116,16,2025-01-09 10:34:50,1047,2025-01-09 10:34:50
117,17,2025-01-09 10:35:50,1047,2025-01-09 10:35:50
118,18,2025-01-09 10:37:50,1047,2025-01-09 10:37:50
119,19,2025-01-09 10:39:50,1047,2025-01-09 10:39:50
120,20,2025-01-09 10:41:50,1047,2025-01-09 10:41:50
121,21,2025-01-09 10:44:50,1047,2025-01-09 10:44:50
122,22,2025-01-09 10:46:50,1047,2025-01-09 10:46:50
123,23,2025-01-09 10:48:50,1047,2025-01-09 10:48:50
124,24,2025-01-09 10:51:50,1047,2025-01-09 10:51:50
125,25,2025-01-09 10:53:50,1047,2025-01-09 10:53:50
126,26,2025-01-09 10:56:50,1047,2025-01-09 10:56:50
127,27,2025-01-09 10:59:50,1047,2025-01-09 10:59:50
128,28,2025-01-09 11:01:50,1047,2025-01-09 11:01:50
129,29,2025-01-09 11:03:50,1047,2025-01-09 11:03:50
130,30,2025-01-09 11:05:50,1047,2025-01-09 11:05:50
131,31,2025-01-09 11:07:50,1047,2025-01-09 11:07:50
132,32,2025-01-09 11:08:50,1047,2025-01-09 11:08:50
133,33,2025-01-09 11:11:50,1047,2025-01-09 11:11:50
134,34,2025-01-09 11:13:50,1047,2025-01-09 11:13:50
135,35,2025-01-09 11:15:50,1047,2025-01-09 11:15:50
136,36,2025-01-09 11:17:50,1047,2025-01-09 11:17:50
100,0,2025-01-09 10:01:50,1048,2025-01-09 10:01:50
101,1,2025-01-09 10:05:50,1048,2025-01-09 10:05:50
102,2,2025-01-09 10:08:50,1048,2025-01-09 10:08:50
103,3,2025-01-09 10:11:50,1048,2025-01-09 10:11:50
104,4,2025-01-09 10:15:50,1048,2025-01-09 10:15:50
105,5,2025-01-09 10:17:50,1048,2025-01-09 10:17:50
106,6,2025-01-09 10:18:50,1048,2025-01-09 10:18:50
107,7,2025-01-09 10:21:50,1048,2025-01-09 10:21:50
108,8,2025-01-09 10:23:50,1048,2025-01-09 10:23:50
109,9,2025-01-09 10:25:50,1048,2025-01-09 10:25:50
110,10,2025-01-09 10:27:50,1048,2025-01-09 10:27:50
111,11,2025-01-09 10:29:50,1048,2025-01-09 10:29:50
112,12,2025-01-09 10:31:50,1048,2025-01-09 10:31:50
113,13,2025-01-09 10:33:50,1048,2025-01-09 10:33:50
114,14,2025-01-09 10:35:50,1048,2025-01-09 10:35:50
115,15,2025-01-09 10:37:50,1048,2025-01-09 10:37:50
116,16,2025-01-09 10:39:50,1048,2025-01-09 10:39:50
117,17,2025-01-09 10:40:50,1048,2025-01-09 10:40:50
118,18,2025-01-09 10:42:50,1048,2025-01-09 10:42:50
119,19,2025-01-09 10:44:50,1048,2025-01-09 10:44:50
120,20,2025-01-09 10:46:50,1048,2025-01-09 10:46:50
121,21,2025-01-09 10:49:50,1048,2025-01-09 10:49:50
122,22,2025-01-09 10:51:50,1048,2025-01-09 10:51:50
123,23,2025-01-09 10:53:50,1048,2025-01-09 10:53:50
124,24,2025-01-09 10:56:50,1048,2025-01-09 10:56:50
125,25,2025-01-09 10:58:50,1048,2025-01-09 10:58:50
126,26,2025-01-09 11:01:50,1048,2025-01-09 11:01:50
127,27,2025-01-09 11:04:50,1048,2025-01-09 11:04:50
128,28,2025-01-09 11:06:50,1048,2025-01-09 11:06:50
129,29,2025-01-09 11:08:50,1048,2025-01-09 11:08:50
130,30,2025-01-09 11:10:50,1048,2025-01-09 11:10:50
131,31,2025-01-09 11:12:50,1048,2025-01-09 11:12:50
132,32,2025-01-09 11:13:50,1048,2025-01-09 11:13:50
133,33,2025-01-09 11:16:50,1048,2025-01-09 11:16:50
134,34,2025-01-09 11:18:50,1048,2025-01-09 11:18:50
135,35,2025-01-09 11:20:50,1048,2025-01-09 11:20:50
136,36,2025-01-09 11:22:50,1048,2025-01-09 11:22:50
100,0,2025-01-09 10:06:50,1049,2025-01-09 10:06:50
101,1,2025-01-09 10:10:50,1049,2025-01-09 10:10:50
102,2,2025-01-09 10:13:50,1049,2025-01-09 10:13:50
103,3,2025-01-09 10:16:50,1049,2025-01-09 10:16:50
104,4,2025-01-09 10:20:50,1049,2025-01-09 10:20:50
105,5,2025-01-09 10:22:50,1049,2025-01-09 10:22:50
106,6,2025-01-09 10:23:50,1049,2025-01-09 10:23:50
107,7,2025-01-09 10:26:50,1049,2025-01-09 10:26:50
108,8,2025-01-09 10:28:50,1049,2025-01-09 10:28:50
109,9,2025-01-09 10:30:50,1049,2025-01-09 10:30:50
110,10,2025-01-09 10:32:50,1049,2025-01-09 10:32:50
111,11,2025-01-09 10:34:50,1049,2025-01-09 10:34:50
112,12,2025-01-09 10:36:50,1049,2025-01-09 10:36:50
113,13,2025-01-09 10:38:50,1049,2025-01-09 10:38:50
114,14,2025-01-09 10:40:50,1049,2025-01-09 10:40:50
115,15,2025-01-09 10:42:50,1049,2025-01-09 10:42:50
116,16,2025-01-09 10:44:50,1049,2025-01-09 10:44:50
117,17,2025-01-09 10:45:50,1049,2025-01-09 10:45:50
118,18,2025-01-09 10:47:50,1049,2025-01-09 10:47:50
119,19,2025-01-09 10:49:50,1049,2025-01-09 10:49:50
120,20,2025-01-09 10:51:50,1049,2025-01-09 10:51:50
121,21,2025-01-09 10:54:50,1049,2025-01-09 10:54:50
122,22,2025-01-09 10:56:50,1049,2025-01-09 10:56:50
123,23,2025-01-09 10:58:50,1049,2025-01-09 10:58:50
124,24,2025-01-09 11:01:50,1049,2025-01-09 11:01:50
125,25,2025-01-09 11:03:50,1049,2025-01-09 11:03:50
126,26,2025-01-09 11:06:50,1049,2025-01-09 11:06:50
127,27,2025-01-09 11:09:50,1049,2025-01-09 11:09:50
128,28,2025-01-09 11:11:50,1049,2025-01-09 11:11:50
129,29,2025-01-09 11:13:50,1049,2025-01-09 11:13:50
130,30,2025-01-09 11:15:50,1049,2025-01-09 11:15:50
131,31,2025-01-09 11:17:50,1049,2025-01-09 11:17:50
132,32,2025-01-09 11:18:50,1049,2025-01-09 11:18:50
133,33,2025-01-09 11:21:50,1049,2025-01-09 11:21:50
134,34,2025-01-09 11:23:50,1049,2025-01-09 11:23:50
135,35,2025-01-09 11:25:50,1049,2025-01-09 11:25:50
136,36,2025-01-09 11:27:50,1049,2025-01-09 11:27:50
100,0,2025-01-09 10:07:50,1050,2025-01-09 10:07:50
101,1,2025-01-09 10:11:50,1050,2025-01-09 10:11:50
102,2,2025-01-09 10:14:50,1050,2025-01-09 10:14:50
103,3,2025-01-09 10:17:50,1050,2025-01-09 10:17:50
104,4,2025-01-09 10:21:50,1050,2025-01-09 10:21:50
105,5,2025-01-09 10:23:50,1050,2025-01-09 10:23:50
106,6,2025-01-09 10:24:50,1050,2025-01-09 10:24:50
107,7,2025-01-09 10:27:50,1050,2025-01-09 10:27:50
108,8,2025-01-09 10:29:50,1050,2025-01-09 10:29:50
109,9,2025-01-09 10:31:50,1050,2025-01-09 10:31:50
110,10,2025-01-09 10:33:50,1050,2025-01-09 10:33:50
111,11,2025-01-09 10:35:50,1050,2025-01-09 10:35:50
112,12,2025-01-09 10:37:50,1050,2025-01-09 10:37:50
113,13,2025-01-09 10:39:50,1050,2025-01-09 10:39:50
114,14,2025-01-09 10:41:50,1050,2025-01-09 10:41:50
115,15,2025-01-09 10:43:50,1050,2025-01-09 10:43:50
116,16,2025-01-09 10:45:50,1050,2025-01-09 10:45:50
117,17,2025-01-09 10:46:50,1050,2025-01-09 10:46:50
118,18,2025-01-09 10:48:50,1050,2025-01-09 10:48:50
119,19,2025-01-09 10:50:50,1050,2025-01-09 10:50:50
120,20,2025-01-09 10:52:50,1050,2025-01-09 10:52:50
121,21,2025-01-09 10:55:50,1050,2025-01-09 10:55:50
122,22,2025-01-09 10:57:50,1050,2025-01-09 10:57:50
123,23,2025-01-09 10:59:50,1050,2025-01-09 10:59:50
124,24,2025-01-09 11:02:50,1050,2025-01-09 11:02:50
125,25,2025-01-09 11:04:50,1050,2025-01-09 11:04:50
126,26,2025-01-09 11:07:50,1050,2025-01-09 11:07:50
127,27,2025-01-09 11:10:50,1050,2025-01-09 11:10:50
128,28,2025-01-09 11:12:50,1050,2025-01-09 11:12:50
129,29,2025-01-09 11:14:50,1050,2025-01-09 11:14:50
130,30,2025-01-09 11:16:50,1050,2025-01-09 11:16:50
131,31,2025-01-09 11:18:50,1050,2025-01-09 11:18:50
132,32,2025-01-09 11:19:50,1050,2025-01-09 11:19:50
133,33,2025-01-09 11:22:50,1050,2025-01-09 11:22:50
134,34,2025-01-09 11:24:50,1050,2025-01-09 11:24:50
135,35,2025-01-09 11:26:50,1050,2025-01-09 11:26:50
136,36,2025-01-09 11:28:50,1050,2025-01-09 11:28:50
100,0,2025-01-09 10:13:50,1051,2025-01-09 10:13:50
101,1,2025-01-09 10:17:50,1051,2025-01-09 10:17:50
102,2,2025-01-09 10:20:50,1051,2025-01-09 10:20:50
103,3,2025-01-09 10:23:50,1051,2025-01-09 10:23:50
104,4,2025-01-09 10:27:50,1051,2025-01-09 10:27:50
105,5,2025-01-09 10:29:50,1051,2025-01-09 10:29:50
106,6,2025-01-09 10:30:50,1051,2025-01-09 10:30:50
107,7,2025-01-09 10:33:50,1051,2025-01-09 10:33:50
108,8,2025-01-09 10:35:50,1051,2025-01-09 10:35:50
109,9,2025-01-09 10:37:50,1051,2025-01-09 10:37:50
110,10,2025-01-09 10:39:50,1051,2025-01-09 10:39:50
111,11,2025-01-09 10:41:50,1051,2025-01-09 10:41:50
112,12,2025-01-09 10:43:50,1051,2025-01-09 10:43:50
113,13,2025-01-09 10:45:50,1051,2025-01-09 10:45:50
114,14,2025-01-09 10:47:50,1051,2025-01-09 10:47:50
115,15,2025-01-09 10:49:50,1051,2025-01-09 10:49:50
116,16,2025-01-09 10:51:50,1051,2025-01-09 10:51:50
117,17,2025-01-09 10:52:50,1051,2025-01-09 10:52:50
118,18,2025-01-09 10:54:50,1051,2025-01-09 10:54:50
119,19,2025-01-09 10:56:50,1051,2025-01-09 10:56:50
120,20,2025-01-09 10:58:50,1051,2025-01-09 10:58:50
121,21,2025-01-09 11:01:50,1051,2025-01-09 11:01:50
122,22,2025-01-09 11:03:50,1051,2025-01-09 11:03:50
123,23,2025-01-09 11:05:50,1051,2025-01-09 11:05:50
124,24,2025-01-09 11:08:50,1051,2025-01-09 11:08:50
125,25,2025-01-09 11:10:50,1051,2025-01-09 11:10:50
126,26,2025-01-09 11:13:50,1051,2025-01-09 11:13:50
127,27,2025-01-09 11:16:50,1051,2025-01-09 11:16:50
128,28,2025-01-09 11:18:50,1051,2025-01-09 11:18:50
129,29,2025-01-09 11:20:50,1051,2025-01-09 11:20:50
130,30,2025-01-09 11:22:50,1051,2025-01-09 11:22:50
131,31,2025-01-09 11:24:50,1051,2025-01-09 11:24:50
132,32,2025-01-09 11:25:50,1051,2025-01-09 11:25:50
133,33,2025-01-09 11:28:50,1051,2025-01-09 11:28:50
134,34,2025-01-09 11:30:50,1051,2025-01-09 11:30:50
135,35,2025-01-09 11:32:50,1051,2025-01-09 11:32:50
136,36,2025-01-09 11:34:50,1051,2025-01-09 11:34:50
100,0,2025-01-09 10:19:50,1052,2025-01-09 10:19:50
101,1,2025-01-09 10:23:50,1052,2025-01-09 10:23:50
102,2,2025-01-09 10:26:50,1052,2025-01-09 10:26:50
103,3,2025-01-09 10:29:50,1052,2025-01-09 10:29:50
104,4,2025-01-09 10:33:50,1052,2025-01-09 10:33:50
105,5,2025-01-09 10:35:50,1052,2025-01-09 10:35:50
106,6,2025-01-09 10:36:50,1052,2025-01-09 10:36:50
107,7,2025-01-09 10:39:50,1052,2025-01-09 10:39:50
108,8,2025-01-09 10:41:50,1052,2025-01-09 10:41:50
109,9,2025-01-09 10:43:50,1052,2025-01-09 10:43:50
110,10,2025-01-09 10:45:50,1052,2025-01-09 10:45:50
111,11,2025-01-09 10:47:50,1052,2025-01-09 10:47:50
112,12,2025-01-09 10:49:50,1052,2025-01-09 10:49:50
113,13,2025-01-09 10:51:50,1052,2025-01-09 10:51:50
114,14,2025-01-09 10:53:50,1052,2025-01-09 10:53:50
115,15,2025-01-09 10:55:50,1052,2025-01-09 10:55:50
116,16,2025-01-09 10:57:50,1052,2025-01-09 10:57:50
117,17,2025-01-09 10:58:50,1052,2025-01-09 10:58:50
118,18,2025-01-09 11:00:50,1052,2025-01-09 11:00:50
119,19,2025-01-09 11:02:50,1052,2025-01-09 11:02:50
120,20,2025-01-09 11:04:50,1052,2025-01-09 11:04:50
121,21,2025-01-09 11:07:50,1052,2025-01-09 11:07:50
122,22,2025-01-09 11:09:50,1052,2025-01-09 11:09:50
123,23,2025-01-09 11:11:50,1052,2025-01-09 11:11:50
124,24,2025-01-09 11:14:50,1052,2025-01-09 11:14:50
125,25,2025-01-09 11:16:50,1052,2025-01-09 11:16:50
126,26,2025-01-09 11:19:50,1052,2025-01-09 11:19:50
127,27,2025-01-09 11:22:50,1052,2025-01-09 11:22:50
128,28,2025-01-09 11:24:50,1052,2025-01-09 11:24:50
129,29,2025-01-09 11:26:50,1052,2025-01-09 11:26:50
130,30,2025-01-09 11:28:50,1052,2025-01-09 11:28:50
131,31,2025-01-09 11:30:50,1052,2025-01-09 11:30:50
132,32,2025-01-09 11:31:50,1052,2025-01-09 11:31:50
133,33,2025-01-09 11:34:50,1052,2025-01-09 11:34:50
134,34,2025-01-09 11:36:50,1052,2025-01-09 11:36:50
135,35,2025-01-09 11:38:50,1052,2025-01-09 11:38:50
136,36,2025-01-09 11:40:50,1052,2025-01-09 11:40:50
100,0,2025-01-09 10:25:50,1053,2025-01-09 10:25:50
101,1,2025-01-09 10:29:50,1053,2025-01-09 10:29:50
102,2,2025-01-09 10:32:50,1053,2025-01-09 10:32:50
103,3,2025-01-09 10:35:50,1053,2025-01-09 10:35:50
104,4,2025-01-09 10:39:50,1053,2025-01-09 10:39:50
105,5,2025-01-09 10:41:50,1053,2025-01-09 10:41:50
106,6,2025-01-09 10:42:50,1053,2025-01-09 10:42:50
107,7,2025-01-09 10:45:50,1053,2025-01-09 10:45:50
108,8,2025-01-09 10:47:50,1053,2025-01-09 10:47:50
109,9,2025-01-09 10:49:50,1053,2025-01-09 10:49:50
110,10,2025-01-09 10:51:50,1053,2025-01-09 10:51:50
111,11,2025-01-09 10:53:50,1053,2025-01-09 10:53:50
112,12,2025-01-09 10:55:50,1053,2025-01-09 10:55:50
113,13,2025-01-09 10:57:50,1053,2025-01-09 10:57:50
114,14,2025-01-09 10:59:50,1053,2025-01-09 10:59:50
115,15,2025-01-09 11:01:50,1053,2025-01-09 11:01:50
116,16,2025-01-09 11:03:50,1053,2025-01-09 11:03:50
117,17,2025-01-09 11:04:50,1053,2025-01-09 11:04:50
118,18,2025-01-09 11:06:50,1053,2025-01-09 11:06:50
119,19,2025-01-09 11:08:50,1053,2025-01-09 11:08:50
120,20,2025-01-09 11:10:50,1053,2025-01-09 11:10:50
121,21,2025-01-09 11:13:50,1053,2025-01-09 11:13:50
122,22,2025-01-09 11:15:50,1053,2025-01-09 11:15:50
123,23,2025-01-09 11:17:50,1053,2025-01-09 11:17:50
124,24,2025-01-09 11:20:50,1053,2025-01-09 11:20:50
125,25,2025-01-09 11:22:50,1053,2025-01-09 11:22:50
126,26,2025-01-09 11:25:50,1053,2025-01-09 11:25:50
127,27,2025-01-09 11:28:50,1053,2025-01-09 11:28:50
128,28,2025-01-09 11:30:50,1053,2025-01-09 11:30:50
129,29,2025-01-09 11:32:50,1053,2025-01-09 11:32:50
130,30,2025-01-09 11:34:50,1053,2025-01-09 11:34:50
131,31,2025-01-09 11:36:50,1053,2025-01-09 11:36:50
132,32,2025-01-09 11:37:50,1053,2025-01-09 11:37:50
133,33,2025-01-09 11:40:50,1053,2025-01-09 11:40:50
134,34,2025-01-09 11:42:50,1053,2025-01-09 11:42:50
135,35,2025-01-09 11:44:50,1053,2025-01-09 11:44:50
136,36,2025-01-09 11:46:50,1053,2025-01-09 11:46:50
100,0,2025-01-09 10:31:50,1054,2025-01-09 10:31:50
101,1,2025-01-09 10:35:50,1054,2025-01-09 10:35:50
102,2,2025-01-09 10:38:50,1054,2025-01-09 10:38:50
103,3,2025-01-09 10:41:50,1054,2025-01-09 10:41:50
104,4,2025-01-09 10:45:50,1054,2025-01-09 10:45:50
105,5,2025-01-09 10:47:50,1054,2025-01-09 10:47:50
106,6,2025-01-09 10:48:50,1054,2025-01-09 10:48:50
107,7,2025-01-09 10:51:50,1054,2025-01-09 10:51:50
108,8,2025-01-09 10:53:50,1054,2025-01-09 10:53:50
109,9,2025-01-09 10:55:50,1054,2025-01-09 10:55:50
110,10,2025-01-09 10:57:50,1054,2025-01-09 10:57:50
111,11,2025-01-09 10:59:50,1054,2025-01-09 10:59:50
112,12,2025-01-09 11:01:50,1054,2025-01-09 11:01:50
113,13,2025-01-09 11:03:50,1054,2025-01-09 11:03:50
114,14,2025-01-09 11:05:50,1054,2025-01-09 11:05:50
115,15,2025-01-09 11:07:50,1054,2025-01-09 11:07:50
116,16,2025-01-09 11:09:50,1054,2025-01-09 11:09:50
117,17,2025-01-09 11:10:50,1054,2025-01-09 11:10:50
118,18,2025-01-09 11:12:50,1054,2025-01-09 11:12:50
119,19,2025-01-09 11:14:50,1054,2025-01-09 11:14:50
120,20,2025-01-09 11:16:50,1054,2025-01-09 11:16:50
121,21,2025-01-09 11:19:50,1054,2025-01-09 11:19:50
122,22,2025-01-09 11:21:50,1054,2025-01-09 11:21:50
123,23,2025-01-09 11:23:50,1054,2025-01-09 11:23:50
124,24,2025-01-09 11:26:50,1054,2025-01-09 11:26:50
125,25,2025-01-09 11:28:50,1054,2025-01-09 11:28:50
126,26,2025-01-09 11:31:50,1054,2025-01-09 11:31:50
127,27,2025-01-09 11:34:50,1054,2025-01-09 11:34:50
128,28,2025-01-09 11:36:50,1054,2025-01-09 11:36:50
129,29,2025-01-09 11:38:50,1054,2025-01-09 11:38:50
130,30,2025-01-09 11:40:50,1054,2025-01-09 11:40:50
131,31,2025-01-09 11:42:50,1054,2025-01-09 11:42:50
132,32,2025-01-09 11:43:50,1054,2025-01-09 11:43:50
133,33,2025-01-09 11:46:50,1054,2025-01-09 11:46:50
134,34,2025-01-09 11:48:50,1054,2025-01-09 11:48:50
135,35,2025-01-09 11:50:50,1054,2025-01-09 11:50:50
136,36,2025-01-09 11:52:50,1054,2025-01-09 11:52:50
100,0,2025-01-09 10:37:50,1055,2025-01-09 10:37:50
101,1,2025-01-09 10:41:50,1055,2025-01-09 10:41:50
102,2,2025-01-09 10:44:50,1055,2025-01-09 10:44:50
103,3,2025-01-09 10:47:50,1055,2025-01-09 10:47:50
104,4,2025-01-09 10:51:50,1055,2025-01-09 10:51:50
105,5,2025-01-09 10:53:50,1055,2025-01-09 10:53:50
106,6,2025-01-09 10:54:50,1055,2025-01-09 10:54:50
107,7,2025-01-09 10:57:50,1055,2025-01-09 10:57:50
108,8,2025-01-09 10:59:50,1055,2025-01-09 10:59:50
109,9,2025-01-09 11:01:50,1055,2025-01-09 11:01:50
110,10,2025-01-09 11:03:50,1055,2025-01-09 11:03:50
111,11,2025-01-09 11:05:50,1055,2025-01-09 11:05:50
112,12,2025-01-09 11:07:50,1055,2025-01-09 11:07:50
113,13,2025-01-09 11:09:50,1055,2025-01-09 11:09:50
114,14,2025-01-09 11:11:50,1055,2025-01-09 11:11:50
115,15,2025-01-09 11:13:50,1055,2025-01-09 11:13:50
116,16,2025-01-09 11:15:50,1055,2025-01-09 11:15:50
117,17,2025-01-09 11:16:50,1055,2025-01-09 11:16:50
118,18,2025-01-09 11:18:50,1055,2025-01-09 11:18:50
119,19,2025-01-09 11:20:50,1055,2025-01-09 11:20:50
120,20,2025-01-09 11:22:50,1055,2025-01-09 11:22:50
121,21,2025-01-09 11:25:50,1055,2025-01-09 11:25:50
122,22,2025-01-09 11:27:50,1055,2025-01-09 11:27:50
123,23,2025-01-09 11:29:50,1055,2025-01-09 11:29:50
124,24,2025-01-09 11:32:50,1055,2025-01-09 11:32:50
125,25,2025-01-09 11:34:50,1055,2025-01-09 11:34:50
126,26,2025-01-09 11:37:50,1055,2025-01-09 11:37:50
127,27,2025-01-09 11:40:50,1055,2025-01-09 11:40:50
128,28,2025-01-09 11:42:50,1055,2025-01-09 11:42:50
129,29,2025-01-09 11:44:50,1055,2025-01-09 11:44:50
130,30,2025-01-09 11:46:50,1055,2025-01-09 11:46:50
131,31,2025-01-09 11:48:50,1055,2025-01-09 11:48:50
132,32,2025-01-09 11:49:50,1055,2025-01-09 11:49:50
133,33,2025-01-09 11:52:50,1055,2025-01-09 11:52:50
134,34,2025-01-09 11:54:50,1055,2025-01-09 11:54:50
135,35,2025-01-09 11:56:50,1055,2025-01-09 11:56:50
136,36,2025-01-09 11:58:50,1055,2025-01-09 11:58:50
100,0,2025-01-09 10:43:50,1056,2025-01-09 10:43:50
101,1,2025-01-09 10:47:50,1056,2025-01-09 10:47:50
102,2,2025-01-09 10:50:50,1056,2025-01-09 10:50:50
103,3,2025-01-09 10:53:50,1056,2025-01-09 10:53:50
104,4,2025-01-09 10:57:50,1056,2025-01-09 10:57:50
105,5,2025-01-09 10:59:50,1056,2025-01-09 10:59:50
106,6,2025-01-09 11:00:50,1056,2025-01-09 11:00:50
107,7,2025-01-09 11:03:50,1056,2025-01-09 11:03:50
108,8,2025-01-09 11:05:50,1056,2025-01-09 11:05:50
109,9,2025-01-09 11:07:50,1056,2025-01-09 11:07:50
110,10,2025-01-09 11:09:50,1056,2025-01-09 11:09:50
111,11,2025-01-09 11:11:50,1056,2025-01-09 11:11:50
112,12,2025-01-09 11:13:50,1056,2025-01-09 11:13:50
113,13,2025-01-09 11:15:50,1056,2025-01-09 11:15:50
114,14,2025-01-09 11:17:50,1056,2025-01-09 11:17:50
115,15,2025-01-09 11:19:50,1056,2025-01-09 11:19:50
116,16,2025-01-09 11:21:50,1056,2025-01-09 11:21:50
117,17,2025-01-09 11:22:50,1056,2025-01-09 11:22:50
118,18,2025-01-09 11:24:50,1056,2025-01-09 11:24:50
119,19,2025-01-09 11:26:50,1056,2025-01-09 11:26:50
120,20,2025-01-09 11:28:50,1056,2025-01-09 11:28:50
121,21,2025-01-09 11:31:50,1056,2025-01-09 11:31:50
122,22,2025-01-09 11:33:50,1056,2025-01-09 11:33:50
123,23,2025-01-09 11:35:50,1056,2025-01-09 11:35:50
124,24,2025-01-09 11:38:50,1056,2025-01-09 11:38:50
125,25,2025-01-09 11:40:50,1056,2025-01-09 11:40:50
126,26,2025-01-09 11:43:50,1056,2025-01-09 11:43:50
127,27,2025-01-09 11:46:50,1056,2025-01-09 11:46:50
128,28,2025-01-09 11:48:50,1056,2025-01-09 11:48:50
129,29,2025-01-09 11:50:50,1056,2025-01-09 11:50:50
130,30,2025-01-09 11:52:50,1056,2025-01-09 11:52:50
131,31,2025-01-09 11:54:50,1056,2025-01-09 11:54:50
132,32,2025-01-09 11:55:50,1056,2025-01-09 11:55:50
133,33,2025-01-09 11:58:50,1056,2025-01-09 11:58:50
134,34,2025-01-09 12:00:50,1056,2025-01-09 12:00:50
135,35,2025-01-09 12:02:50,1056,2025-01-09 12:02:50
136,36,2025-01-09 12:04:50,1056,2025-01-09 12:04:50
100,0,2025-01-09 10:49:50,1057,2025-01-09 10:49:50
101,1,2025-01-09 10:53:50,1057,2025-01-09 10:53:50
102,2,2025-01-09 10:56:50,1057,2025-01-09 10:56:50
103,3,2025-01-09 10:59:50,1057,2025-01-09 10:59:50
104,4,2025-01-09 11:03:50,1057,2025-01-09 11:03:50
105,5,2025-01-09 11:05:50,1057,2025-01-09 11:05:50
106,6,2025-01-09 11:06:50,1057,2025-01-09 11:06:50
107,7,2025-01-09 11:09:50,1057,2025-01-09 11:09:50
108,8,2025-01-09 11:11:50,1057,2025-01-09 11:11:50
109,9,2025-01-09 11:13:50,1057,2025-01-09 11:13:50
110,10,2025-01-09 11:15:50,1057,2025-01-09 11:15:50
111,11,2025-01-09 11:17:50,1057,2025-01-09 11:17:50
112,12,2025-01-09 11:19:50,1057,2025-01-09 11:19:50
113,13,2025-01-09 11:21:50,1057,2025-01-09 11:21:50
114,14,2025-01-09 11:23:50,1057,2025-01-09 11:23:50
115,15,2025-01-09 11:25:50,1057,2025-01-09 11:25:50
116,16,2025-01-09 11:27:50,1057,2025-01-09 11:27:50
117,17,2025-01-09 11:28:50,1057,2025-01-09 11:28:50
118,18,2025-01-09 11:30:50,1057,2025-01-09 11:30:50
119,19,2025-01-09 11:32:50,1057,2025-01-09 11:32:50
120,20,2025-01-09 11:34:50,1057,2025-01-09 11:34:50
121,21,2025-01-09 11:37:50,1057,2025-01-09 11:37:50
122,22,2025-01-09 11:39:50,1057,2025-01-09 11:39:50
123,23,2025-01-09 11:41:50,1057,2025-01-09 11:41:50
124,24,2025-01-09 11:44:50,1057,2025-01-09 11:44:50
125,25,2025-01-09 11:46:50,1057,2025-01-09 11:46:50
126,26,2025-01-09 11:49:50,1057,2025-01-09 11:49:50
127,27,2025-01-09 11:52:50,1057,2025-01-09 11:52:50
128,28,2025-01-09 11:54:50,1057,2025-01-09 11:54:50
129,29,2025-01-09 11:56:50,1057,2025-01-09 11:56:50
130,30,2025-01-09 11:58:50,1057,2025-01-09 11:58:50
131,31,2025-01-09 12:00:50,1057,2025-01-09 12:00:50
132,32,2025-01-09 12:01:50,1057,2025-01-09 12:01:50
133,33,2025-01-09 12:04:50,1057,2025-01-09 12:04:50
134,34,2025-01-09 12:06:50,1057,2025-01-09 12:06:50
135,35,2025-01-09 12:08:50,1057,2025-01-09 12:08:50
136,36,2025-01-09 12:10:50,1057,2025-01-09 12:10:50
100,0,2025-01-09 10:53:50,1058,2025-01-09 10:53:50
101,1,2025-01-09 10:57:50,1058,2025-01-09 10:57:50
102,2,2025-01-09 11:00:50,1058,2025-01-09 11:00:50
103,3,2025-01-09 11:03:50,1058,2025-01-09 11:03:50
104,4,2025-01-09 11:07:50,1058,2025-01-09 11:07:50
105,5,2025-01-09 11:09:50,1058,2025-01-09 11:09:50
106,6,2025-01-09 11:10:50,1058,2025-01-09 11:10:50
107,7,2025-01-09 11:13:50,1058,2025-01-09 11:13:50
108,8,2025-01-09 11:15:50,1058,2025-01-09 11:15:50
109,9,2025-01-09 11:17:50,1058,2025-01-09 11:17:50
110,10,2025-01-09 11:19:50,1058,2025-01-09 11:19:50
111,11,2025-01-09 11:21:50,1058,2025-01-09 11:21:50
112,12,2025-01-09 11:23:50,1058,2025-01-09 11:23:50
113,13,2025-01-09 11:25:50,1058,2025-01-09 11:25:50
114,14,2025-01-09 11:27:50,1058,2025-01-09 11:27:50
115,15,2025-01-09 11:29:50,1058,2025-01-09 11:29:50
116,16,2025-01-09 11:31:50,1058,2025-01-09 11:31:50
117,17,2025-01-09 11:32:50,1058,2025-01-09 11:32:50
118,18,2025-01-09 11:34:50,1058,2025-01-09 11:34:50
119,19,2025-01-09 11:36:50,1058,2025-01-09 11:36:50
120,20,2025-01-09 11:38:50,1058,2025-01-09 11:38:50
121,21,2025-01-09 11:41:50,1058,2025-01-09 11:41:50
122,22,2025-01-09 11:43:50,1058,2025-01-09 11:43:50
123,23,2025-01-09 11:45:50,1058,2025-01-09 11:45:50
124,24,2025-01-09 11:48:50,1058,2025-01-09 11:48:50
125,25,2025-01-09 11:50:50,1058,2025-01-09 11:50:50
126,26,2025-01-09 11:53:50,1058,2025-01-09 11:53:50
127,27,2025-01-09 11:56:50,1058,2025-01-09 11:56:50
128,28,2025-01-09 11:58:50,1058,2025-01-09 11:58:50
129,29,2025-01-09 12:00:50,1058,2025-01-09 12:00:50
130,30,2025-01-09 12:02:50,1058,2025-01-09 12:02:50
131,31,2025-01-09 12:04:50,1058,2025-01-09 12:04:50
132,32,2025-01-09 12:05:50,1058,2025-01-09 12:05:50
133,33,2025-01-09 12:08:50,1058,2025-01-09 12:08:50
134,34,2025-01-09 12:10:50,1058,2025-01-09 12:10:50
135,35,2025-01-09 12:12:50,1058,2025-01-09 12:12:50
136,36,2025-01-09 12:14:50,1058,2025-01-09 12:14:50
100,0,2025-01-09 11:03:50,1059,2025-01-09 11:03:50
101,1,2025-01-09 11:07:50,1059,2025-01-09 11:07:50
102,2,2025-01-09 11:10:50,1059,2025-01-09 11:10:50
103,3,2025-01-09 11:13:50,1059,2025-01-09 11:13:50
104,4,2025-01-09 11:17:50,1059,2025-01-09 11:17:50
105,5,2025-01-09 11:19:50,1059,2025-01-09 11:19:50
106,6,2025-01-09 11:20:50,1059,2025-01-09 11:20:50
107,7,2025-01-09 11:23:50,1059,2025-01-09 11:23:50
108,8,2025-01-09 11:25:50,1059,2025-01-09 11:25:50
109,9,2025-01-09 11:27:50,1059,2025-01-09 11:27:50
110,10,2025-01-09 11:29:50,1059,2025-01-09 11:29:50
111,11,2025-01-09 11:31:50,1059,2025-01-09 11:31:50
112,12,2025-01-09 11:33:50,1059,2025-01-09 11:33:50
113,13,2025-01-09 11:35:50,1059,2025-01-09 11:35:50
114,14,2025-01-09 11:37:50,1059,2025-01-09 11:37:50
115,15,2025-01-09 11:39:50,1059,2025-01-09 11:39:50
116,16,2025-01-09 11:41:50,1059,2025-01-09 11:41:50
117,17,2025-01-09 11:42:50,1059,2025-01-09 11:42:50
118,18,2025-01-09 11:44:50,1059,2025-01-09 11:44:50
119,19,2025-01-09 11:46:50,1059,2025-01-09 11:46:50
120,20,2025-01-09 11:48:50,1059,2025-01-09 11:48:50
121,21,2025-01-09 11:51:50,1059,2025-01-09 11:51:50
122,22,2025-01-09 11:53:50,1059,2025-01-09 11:53:50
123,23,2025-01-09 11:55:50,1059,2025-01-09 11:55:50
124,24,2025-01-09 11:58:50,1059,2025-01-09 11:58:50
125,25,2025-01-09 12:00:50,1059,2025-01-09 12:00:50
126,26,2025-01-09 12:03:50,1059,2025-01-09 12:03:50
127,27,2025-01-09 12:06:50,1059,2025-01-09 12:06:50
128,28,2025-01-09 12:08:50,1059,2025-01-09 12:08:50
129,29,2025-01-09 12:10:50,1059,2025-01-09 12:10:50
130,30,2025-01-09 12:12:50,1059,2025-01-09 12:12:50
131,31,2025-01-09 12:14:50,1059,2025-01-09 12:14:50
132,32,2025-01-09 12:15:50,1059,2025-01-09 12:15:50
133,33,2025-01-09 12:18:50,1059,2025-01-09 12:18:50
134,34,2025-01-09 12:20:50,1059,2025-01-09 12:20:50
135,35,2025-01-09 12:22:50,1059,2025-01-09 12:22:50
136,36,2025-01-09 12:24:50,1059,2025-01-09 12:24:50
100,0,2025-01-09 11:13:50,1060,2025-01-09 11:13:50
101,1,2025-01-09 11:17:50,1060,2025-01-09 11:17:50
102,2,2025-01-09 11:20:50,1060,2025-01-09 11:20:50
103,3,2025-01-09 11:23:50,1060,2025-01-09 11:23:50
104,4,2025-01-09 11:27:50,1060,2025-01-09 11:27:50
105,5,2025-01-09 11:29:50,1060,2025-01-09 11:29:50
106,6,2025-01-09 11:30:50,1060,2025-01-09 11:30:50
107,7,2025-01-09 11:33:50,1060,2025-01-09 11:33:50
108,8,2025-01-09 11:35:50,1060,2025-01-09 11:35:50
109,9,2025-01-09 11:37:50,1060,2025-01-09 11:37:50
110,10,2025-01-09 11:39:50,1060,2025-01-09 11:39:50
111,11,2025-01-09 11:41:50,1060,2025-01-09 11:41:50
112,12,2025-01-09 11:43:50,1060,2025-01-09 11:43:50
113,13,2025-01-09 11:45:50,1060,2025-01-09 11:45:50
114,14,2025-01-09 11:47:50,1060,2025-01-09 11:47:50
115,15,2025-01-09 11:49:50,1060,2025-01-09 11:49:50
116,16,2025-01-09 11:51:50,1060,2025-01-09 11:51:50
117,17,2025-01-09 11:52:50,1060,2025-01-09 11:52:50
118,18,2025-01-09 11:54:50,1060,2025-01-09 11:54:50
119,19,2025-01-09 11:56:50,1060,2025-01-09 11:56:50
120,20,2025-01-09 11:58:50,1060,2025-01-09 11:58:50
121,21,2025-01-09 12:01:50,1060,2025-01-09 12:01:50
122,22,2025-01-09 12:03:50,1060,2025-01-09 12:03:50
123,23,2025-01-09 12:05:50,1060,2025-01-09 12:05:50
124,24,2025-01-09 12:08:50,1060,2025-01-09 12:08:50
125,25,2025-01-09 12:10:50,1060,2025-01-09 12:10:50
126,26,2025-01-09 12:13:50,1060,2025-01-09 12:13:50
127,27,2025-01-09 12:16:50,1060,2025-01-09 12:16:50
128,28,2025-01-09 12:18:50,1060,2025-01-09 12:18:50
129,29,2025-01-09 12:20:50,1060,2025-01-09 12:20:50
130,30,2025-01-09 12:22:50,1060,2025-01-09 12:22:50
131,31,2025-01-09 12:24:50,1060,2025-01-09 12:24:50
132,32,2025-01-09 12:25:50,1060,2025-01-09 12:25:50
133,33,2025-01-09 12:28:50,1060,2025-01-09 12:28:50
134,34,2025-01-09 12:30:50,1060,2025-01-09 12:30:50
135,35,2025-01-09 12:32:50,1060,2025-01-09 12:32:50
136,36,2025-01-09 12:34:50,1060,2025-01-09 12:34:50
100,0,2025-01-09 11:23:50,1061,2025-01-09 11:23:50
101,1,2025-01-09 11:27:50,1061,2025-01-09 11:27:50
102,2,2025-01-09 11:30:50,1061,2025-01-09 11:30:50
103,3,2025-01-09 11:33:50,1061,2025-01-09 11:33:50
104,4,2025-01-09 11:37:50,1061,2025-01-09 11:37:50
105,5,2025-01-09 11:39:50,1061,2025-01-09 11:39:50
106,6,2025-01-09 11:40:50,1061,2025-01-09 11:40:50
107,7,2025-01-09 11:43:50,1061,2025-01-09 11:43:50
108,8,2025-01-09 11:45:50,1061,2025-01-09 11:45:50
109,9,2025-01-09 11:47:50,1061,2025-01-09 11:47:50
110,10,2025-01-09 11:49:50,1061,2025-01-09 11:49:50
111,11,2025-01-09 11:51:50,1061,2025-01-09 11:51:50
112,12,2025-01-09 11:53:50,1061,2025-01-09 11:53:50
113,13,2025-01-09 11:55:50,1061,2025-01-09 11:55:50
114,14,2025-01-09 11:57:50,1061,2025-01-09 11:57:50
115,15,2025-01-09 11:59:50,1061,2025-01-09 11:59:50
116,16,2025-01-09 12:01:50,1061,2025-01-09 12:01:50
117,17,2025-01-09 12:02:50,1061,2025-01-09 12:02:50
118,18,2025-01-09 12:04:50,1061,2025-01-09 12:04:50
119,19,2025-01-09 12:06:50,1061,2025-01-09 12:06:50
120,20,2025-01-09 12:08:50,1061,2025-01-09 12:08:50
121,21,2025-01-09 12:11:50,1061,2025-01-09 12:11:50
122,22,2025-01-09 12:13:50,1061,2025-01-09 12:13:50
123,23,2025-01-09 12:15:50,1061,2025-01-09 12:15:50
124,24,2025-01-09 12:18:50,1061,2025-01-09 12:18:50
125,25,2025-01-09 12:20:50,1061,2025-01-09 12:20:50
126,26,2025-01-09 12:23:50,1061,2025-01-09 12:23:50
127,27,2025-01-09 12:26:50,1061,2025-01-09 12:26:50
128,28,2025-01-09 12:28:50,1061,2025-01-09 12:28:50
129,29,2025-01-09 12:30:50,1061,2025-01-09 12:30:50
130,30,2025-01-09 12:32:50,1061,2025-01-09 12:32:50
131,31,2025-01-09 12:34:50,1061,2025-01-09 12:34:50
132,32,2025-01-09 12:35:50,1061,2025-01-09 12:35:50
133,33,2025-01-09 12:38:50,1061,2025-01-09 12:38:50
134,34,2025-01-09 12:40:50,1061,2025-01-09 12:40:50
135,35,2025-01-09 12:42:50,1061,2025-01-09 12:42:50
136,36,2025-01-09 12:44:50,1061,2025-01-09 12:44:50
100,0,2025-01-09 11:33:50,1062,2025-01-09 11:33:50
101,1,2025-01-09 11:37:50,1062,2025-01-09 11:37:50
102,2,2025-01-09 11:40:50,1062,2025-01-09 11:40:50
103,3,2025-01-09 11:43:50,1062,2025-01-09 11:43:50
104,4,2025-01-09 11:47:50,1062,2025-01-09 11:47:50
105,5,2025-01-09 11:49:50,1062,2025-01-09 11:49:50
106,6,2025-01-09 11:50:50,1062,2025-01-09 11:50:50
107,7,2025-01-09 11:53:50,1062,2025-01-09 11:53:50
108,8,2025-01-09 11:55:50,1062,2025-01-09 11:55:50
109,9,2025-01-09 11:57:50,1062,2025-01-09 11:57:50
110,10,2025-01-09 11:59:50,1062,2025-01-09 11:59:50
111,11,2025-01-09 12:01:50,1062,2025-01-09 12:01:50
112,12,2025-01-09 12:03:50,1062,2025-01-09 12:03:50
113,13,2025-01-09 12:05:50,1062,2025-01-09 12:05:50
114,14,2025-01-09 12:07:50,1062,2025-01-09 12:07:50
115,15,2025-01-09 12:09:50,1062,2025-01-09 12:09:50
116,16,2025-01-09 12:11:50,1062,2025-01-09 12:11:50
117,17,2025-01-09 12:12:50,1062,2025-01-09 12:12:50
118,18,2025-01-09 12:14:50,1062,2025-01-09 12:14:50
119,19,2025-01-09 12:16:50,1062,2025-01-09 12:16:50
120,20,2025-01-09 12:18:50,1062,2025-01-09 12:18:50
121,21,2025-01-09 12:21:50,1062,2025-01-09 12:21:50
122,22,2025-01-09 12:23:50,1062,2025-01-09 12:23:50
123,23,2025-01-09 12:25:50,1062,2025-01-09 12:25:50
124,24,2025-01-09 12:28:50,1062,2025-01-09 12:28:50
125,25,2025-01-09 12:30:50,1062,2025-01-09 12:30:50
126,26,2025-01-09 12:33:50,1062,2025-01-09 12:33:50
127,27,2025-01-09 12:36:50,1062,2025-01-09 12:36:50
128,28,2025-01-09 12:38:50,1062,2025-01-09 12:38:50
129,29,2025-01-09 12:40:50,1062,2025-01-09 12:40:50
130,30,2025-01-09 12:42:50,1062,2025-01-09 12:42:50
131,31,2025-01-09 12:44:50,1062,2025-01-09 12:44:50
132,32,2025-01-09 12:45:50,1062,2025-01-09 12:45:50
133,33,2025-01-09 12:48:50,1062,2025-01-09 12:48:50
134,34,2025-01-09 12:50:50,1062,2025-01-09 12:50:50
135,35,2025-01-09 12:52:50,1062,2025-01-09 12:52:50
136,36,2025-01-09 12:54:50,1062,2025-01-09 12:54:50
100,0,2025-01-09 11:43:50,1063,2025-01-09 11:43:50
101,1,2025-01-09 11:47:50,1063,2025-01-09 11:47:50
102,2,2025-01-09 11:50:50,1063,2025-01-09 11:50:50
103,3,2025-01-09 11:53:50,1063,2025-01-09 11:53:50
104,4,2025-01-09 11:57:50,1063,2025-01-09 11:57:50
105,5,2025-01-09 11:59:50,1063,2025-01-09 11:59:50
106,6,2025-01-09 12:00:50,1063,2025-01-09 12:00:50
107,7,2025-01-09 12:03:50,1063,2025-01-09 12:03:50
108,8,2025-01-09 12:05:50,1063,2025-01-09 12:05:50
109,9,2025-01-09 12:07:50,1063,2025-01-09 12:07:50
110,10,2025-01-09 12:09:50,1063,2025-01-09 12:09:50
111,11,2025-01-09 12:11:50,1063,2025-01-09 12:11:50
112,12,2025-01-09 12:13:50,1063,2025-01-09 12:13:50
113,13,2025-01-09 12:15:50,1063,2025-01-09 12:15:50
114,14,2025-01-09 12:17:50,1063,2025-01-09 12:17:50
115,15,2025-01-09 12:19:50,1063,2025-01-09 12:19:50
116,16,2025-01-09 12:21:50,1063,2025-01-09 12:21:50
117,17,2025-01-09 12:22:50,1063,2025-01-09 12:22:50
118,18,2025-01-09 12:24:50,1063,2025-01-09 12:24:50
119,19,2025-01-09 12:26:50,1063,2025-01-09 12:26:50
120,20,2025-01-09 12:28:50,1063,2025-01-09 12:28:50
121,21,2025-01-09 12:31:50,1063,2025-01-09 12:31:50
122,22,2025-01-09 12:33:50,1063,2025-01-09 12:33:50
123,23,2025-01-09 12:35:50,1063,2025-01-09 12:35:50
124,24,2025-01-09 12:38:50,1063,2025-01-09 12:38:50
125,25,2025-01-09 12:40:50,1063,2025-01-09 12:40:50
126,26,2025-01-09 12:43:50,1063,2025-01-09 12:43:50
127,27,2025-01-09 12:46:50,1063,2025-01-09 12:46:50
128,28,2025-01-09 12:48:50,1063,2025-01-09 12:48:50
129,29,2025-01-09 12:50:50,1063,2025-01-09 12:50:50
130,30,2025-01-09 12:52:50,1063,2025-01-09 12:52:50
131,31,2025-01-09 12:54:50,1063,2025-01-09 12:54:50
132,32,2025-01-09 12:55:50,1063,2025-01-09 12:55:50
133,33,2025-01-09 12:58:50,1063,2025-01-09 12:58:50
134,34,2025-01-09 13:00:50,1063,2025-01-09 13:00:50
135,35,2025-01-09 13:02:50,1063,2025-01-09 13:02:50
136,36,2025-01-09 13:04:50,1063,2025-01-09 13:04:50
100,0,2025-01-09 11:53:50,1064,2025-01-09 11:53:50
101,1,2025-01-09 11:57:50,1064,2025-01-09 11:57:50
102,2,2025-01-09 12:00:50,1064,2025-01-09 12:00:50
103,3,2025-01-09 12:03:50,1064,2025-01-09 12:03:50
104,4,2025-01-09 12:07:50,1064,2025-01-09 12:07:50
105,5,2025-01-09 12:09:50,1064,2025-01-09 12:09:50
106,6,2025-01-09 12:10:50,1064,2025-01-09 12:10:50
107,7,2025-01-09 12:13:50,1064,2025-01-09 12:13:50
108,8,2025-01-09 12:15:50,1064,2025-01-09 12:15:50
109,9,2025-01-09 12:17:50,1064,2025-01-09 12:17:50
110,10,2025-01-09 12:19:50,1064,2025-01-09 12:19:50
111,11,2025-01-09 12:21:50,1064,2025-01-09 12:21:50
112,12,2025-01-09 12:23:50,1064,2025-01-09 12:23:50
113,13,2025-01-09 12:25:50,1064,2025-01-09 12:25:50
114,14,2025-01-09 12:27:50,1064,2025-01-09 12:27:50
115,15,2025-01-09 12:29:50,1064,2025-01-09 12:29:50
116,16,2025-01-09 12:31:50,1064,2025-01-09 12:31:50
117,17,2025-01-09 12:32:50,1064,2025-01-09 12:32:50
118,18,2025-01-09 12:34:50,1064,2025-01-09 12:34:50
119,19,2025-01-09 12:36:50,1064,2025-01-09 12:36:50
120,20,2025-01-09 12:38:50,1064,2025-01-09 12:38:50
121,21,2025-01-09 12:41:50,1064,2025-01-09 12:41:50
122,22,2025-01-09 12:43:50,1064,2025-01-09 12:43:50
123,23,2025-01-09 12:45:50,1064,2025-01-09 12:45:50
124,24,2025-01-09 12:48:50,1064,2025-01-09 12:48:50
125,25,2025-01-09 12:50:50,1064,2025-01-09 12:50:50
126,26,2025-01-09 12:53:50,1064,2025-01-09 12:53:50
127,27,2025-01-09 12:56:50,1064,2025-01-09 12:56:50
128,28,2025-01-09 12:58:50,1064,2025-01-09 12:58:50
129,29,2025-01-09 13:00:50,1064,2025-01-09 13:00:50
130,30,2025-01-09 13:02:50,1064,2025-01-09 13:02:50
131,31,2025-01-09 13:04:50,1064,2025-01-09 13:04:50
132,32,2025-01-09 13:05:50,1064,2025-01-09 13:05:50
133,33,2025-01-09 13:08:50,1064,2025-01-09 13:08:50
134,34,2025-01-09 13:10:50,1064,2025-01-09 13:10:50
135,35,2025-01-09 13:12:50,1064,2025-01-09 13:12:50
136,36,2025-01-09 13:14:50,1064,2025-01-09 13:14:50
100,0,2025-01-09 12:03:50,1065,2025-01-09 12:03:50
101,1,2025-01-09 12:07:50,1065,2025-01-09 12:07:50
102,2,2025-01-09 12:10:50,1065,2025-01-09 12:10:50
103,3,2025-01-09 12:13:50,1065,2025-01-09 12:13:50
104,4,2025-01-09 12:17:50,1065,2025-01-09 12:17:50
105,5,2025-01-09 12:19:50,1065,2025-01-09 12:19:50
106,6,2025-01-09 12:20:50,1065,2025-01-09 12:20:50
107,7,2025-01-09 12:23:50,1065,2025-01-09 12:23:50
108,8,2025-01-09 12:25:50,1065,2025-01-09 12:25:50
109,9,2025-01-09 12:27:50,1065,2025-01-09 12:27:50
110,10,2025-01-09 12:29:50,1065,2025-01-09 12:29:50
111,11,2025-01-09 12:31:50,1065,2025-01-09 12:31:50
112,12,2025-01-09 12:33:50,1065,2025-01-09 12:33:50
113,13,2025-01-09 12:35:50,1065,2025-01-09 12:35:50
114,14,2025-01-09 12:37:50,1065,2025-01-09 12:37:50
115,15,2025-01-09 12:39:50,1065,2025-01-09 12:39:50
116,16,2025-01-09 12:41:50,1065,2025-01-09 12:41:50
117,17,2025-01-09 12:42:50,1065,2025-01-09 12:42:50
118,18,2025-01-09 12:44:50,1065,2025-01-09 12:44:50
119,19,2025-01-09 12:46:50,1065,2025-01-09 12:46:50
120,20,2025-01-09 12:48:50,1065,2025-01-09 12:48:50
121,21,2025-01-09 12:51:50,1065,2025-01-09 12:51:50
122,22,2025-01-09 12:53:50,1065,2025-01-09 12:53:50
123,23,2025-01-09 12:55:50,1065,2025-01-09 12:55:50
124,24,2025-01-09 12:58:50,1065,2025-01-09 12:58:50
125,25,2025-01-09 13:00:50,1065,2025-01-09 13:00:50
126,26,2025-01-09 13:03:50,1065,2025-01-09 13:03:50
127,27,2025-01-09 13:06:50,1065,2025-01-09 13:06:50
128,28,2025-01-09 13:08:50,1065,2025-01-09 13:08:50
129,29,2025-01-09 13:10:50,1065,2025-01-09 13:10:50
130,30,2025-01-09 13:12:50,1065,2025-01-09 13:12:50
131,31,2025-01-09 13:14:50,1065,2025-01-09 13:14:50
132,32,2025-01-09 13:15:50,1065,2025-01-09 13:15:50
133,33,2025-01-09 13:18:50,1065,2025-01-09 13:18:50
134,34,2025-01-09 13:20:50,1065,2025-01-09 13:20:50
135,35,2025-01-09 13:22:50,1065,2025-01-09 13:22:50
136,36,2025-01-09 13:24:50,1065,2025-01-09 13:24:50
100,0,2025-01-09 12:13:50,1066,2025-01-09 12:13:50
101,1,2025-01-09 12:17:50,1066,2025-01-09 12:17:50
102,2,2025-01-09 12:20:50,1066,2025-01-09 12:20:50
103,3,2025-01-09 12:23:50,1066,2025-01-09 12:23:50
104,4,2025-01-09 12:27:50,1066,2025-01-09 12:27:50
105,5,2025-01-09 12:29:50,1066,2025-01-09 12:29:50
106,6,2025-01-09 12:30:50,1066,2025-01-09 12:30:50
107,7,2025-01-09 12:33:50,1066,2025-01-09 12:33:50
108,8,2025-01-09 12:35:50,1066,2025-01-09 12:35:50
109,9,2025-01-09 12:37:50,1066,2025-01-09 12:37:50
110,10,2025-01-09 12:39:50,1066,2025-01-09 12:39:50
111,11,2025-01-09 12:41:50,1066,2025-01-09 12:41:50
112,12,2025-01-09 12:43:50,1066,2025-01-09 12:43:50
113,13,2025-01-09 12:45:50,1066,2025-01-09 12:45:50
114,14,2025-01-09 12:47:50,1066,2025-01-09 12:47:50
115,15,2025-01-09 12:49:50,1066,2025-01-09 12:49:50
116,16,2025-01-09 12:51:50,1066,2025-01-09 12:51:50
117,17,2025-01-09 12:52:50,1066,2025-01-09 12:52:50
118,18,2025-01-09 12:54:50,1066,2025-01-09 12:54:50
119,19,2025-01-09 12:56:50,1066,2025-01-09 12:56:50
120,20,2025-01-09 12:58:50,1066,2025-01-09 12:58:50
121,21,2025-01-09 13:01:50,1066,2025-01-09 13:01:50
122,22,2025-01-09 13:03:50,1066,2025-01-09 13:03:50
123,23,2025-01-09 13:05:50,1066,2025-01-09 13:05:50
124,24,2025-01-09 13:08:50,1066,2025-01-09 13:08:50
125,25,2025-01-09 13:10:50,1066,2025-01-09 13:10:50
126,26,2025-01-09 13:13:50,1066,2025-01-09 13:13:50
127,27,2025-01-09 13:16:50,1066,2025-01-09 13:16:50
128,28,2025-01-09 13:18:50,1066,2025-01-09 13:18:50
129,29,2025-01-09 13:20:50,1066,2025-01-09 13:20:50
130,30,2025-01-09 13:22:50,1066,2025-01-09 13:22:50
131,31,2025-01-09 13:24:50,1066,2025-01-09 13:24:50
132,32,2025-01-09 13:25:50,1066,2025-01-09 13:25:50
133,33,2025-01-09 13:28:50,1066,2025-01-09 13:28:50
134,34,2025-01-09 13:30:50,1066,2025-01-09 13:30:50
135,35,2025-01-09 13:32:50,1066,2025-01-09 13:32:50
136,36,2025-01-09 13:34:50,1066,2025-01-09 13:34:50
100,0,2025-01-09 12:23:50,1067,2025-01-09 12:23:50
101,1,2025-01-09 12:27:50,1067,2025-01-09 12:27:50
102,2,2025-01-09 12:30:50,1067,2025-01-09 12:30:50
103,3,2025-01-09 12:33:50,1067,2025-01-09 12:33:50
104,4,2025-01-09 12:37:50,1067,2025-01-09 12:37:50
105,5,2025-01-09 12:39:50,1067,2025-01-09 12:39:50
106,6,2025-01-09 12:40:50,1067,2025-01-09 12:40:50
107,7,2025-01-09 12:43:50,1067,2025-01-09 12:43:50
108,8,2025-01-09 12:45:50,1067,2025-01-09 12:45:50
109,9,2025-01-09 12:47:50,1067,2025-01-09 12:47:50
110,10,2025-01-09 12:49:50,1067,2025-01-09 12:49:50
111,11,2025-01-09 12:51:50,1067,2025-01-09 12:51:50
112,12,2025-01-09 12:53:50,1067,2025-01-09 12:53:50
113,13,2025-01-09 12:55:50,1067,2025-01-09 12:55:50
114,14,2025-01-09 12:57:50,1067,2025-01-09 12:57:50
115,15,2025-01-09 12:59:50,1067,2025-01-09 12:59:50
116,16,2025-01-09 13:01:50,1067,2025-01-09 13:01:50
117,17,2025-01-09 13:02:50,1067,2025-01-09 13:02:50
118,18,2025-01-09 13:04:50,1067,2025-01-09 13:04:50
119,19,2025-01-09 13:06:50,1067,2025-01-09 13:06:50
120,20,2025-01-09 13:08:50,1067,2025-01-09 13:08:50
121,21,2025-01-09 13:11:50,1067,2025-01-09 13:11:50
122,22,2025-01-09 13:13:50,1067,2025-01-09 13:13:50
123,23,2025-01-09 13:15:50,1067,2025-01-09 13:15:50
124,24,2025-01-09 13:18:50,1067,2025-01-09 13:18:50
125,25,2025-01-09 13:20:50,1067,2025-01-09 13:20:50
126,26,2025-01-09 13:23:50,1067,2025-01-09 13:23:50
127,27,2025-01-09 13:26:50,1067,2025-01-09 13:26:50
128,28,2025-01-09 13:28:50,1067,2025-01-09 13:28:50
129,29,2025-01-09 13:30:50,1067,2025-01-09 13:30:50
130,30,2025-01-09 13:32:50,1067,2025-01-09 13:32:50
131,31,2025-01-09 13:34:50,1067,2025-01-09 13:34:50
132,32,2025-01-09 13:35:50,1067,2025-01-09 13:35:50
133,33,2025-01-09 13:38:50,1067,2025-01-09 13:38:50
134,34,2025-01-09 13:40:50,1067,2025-01-09 13:40:50
135,35,2025-01-09 13:42:50,1067,2025-01-09 13:42:50
136,36,2025-01-09 13:44:50,1067,2025-01-09 13:44:50
100,0,2025-01-09 12:33:50,1068,2025-01-09 12:33:50
101,1,2025-01-09 12:37:50,1068,2025-01-09 12:37:50
102,2,2025-01-09 12:40:50,1068,2025-01-09 12:40:50
103,3,2025-01-09 12:43:50,1068,2025-01-09 12:43:50
104,4,2025-01-09 12:47:50,1068,2025-01-09 12:47:50
105,5,2025-01-09 12:49:50,1068,2025-01-09 12:49:50
106,6,2025-01-09 12:50:50,1068,2025-01-09 12:50:50
107,7,2025-01-09 12:53:50,1068,2025-01-09 12:53:50
108,8,2025-01-09 12:55:50,1068,2025-01-09 12:55:50
109,9,2025-01-09 12:57:50,1068,2025-01-09 12:57:50
110,10,2025-01-09 12:59:50,1068,2025-01-09 12:59:50
111,11,2025-01-09 13:01:50,1068,2025-01-09 13:01:50
112,12,2025-01-09 13:03:50,1068,2025-01-09 13:03:50
113,13,2025-01-09 13:05:50,1068,2025-01-09 13:05:50
114,14,2025-01-09 13:07:50,1068,2025-01-09 13:07:50
115,15,2025-01-09 13:09:50,1068,2025-01-09 13:09:50
116,16,2025-01-09 13:11:50,1068,2025-01-09 13:11:50
117,17,2025-01-09 13:12:50,1068,2025-01-09 13:12:50
118,18,2025-01-09 13:14:50,1068,2025-01-09 13:14:50
119,19,2025-01-09 13:16:50,1068,2025-01-09 13:16:50
120,20,2025-01-09 13:18:50,1068,2025-01-09 13:18:50
121,21,2025-01-09 13:21:50,1068,2025-01-09 13:21:50
122,22,2025-01-09 13:23:50,1068,2025-01-09 13:23:50
123,23,2025-01-09 13:25:50,1068,2025-01-09 13:25:50
124,24,2025-01-09 13:28:50,1068,2025-01-09 13:28:50
125,25,2025-01-09 13:30:50,1068,2025-01-09 13:30:50
126,26,2025-01-09 13:33:50,1068,2025-01-09 13:33:50
127,27,2025-01-09 13:36:50,1068,2025-01-09 13:36:50
128,28,2025-01-09 13:38:50,1068,2025-01-09 13:38:50
129,29,2025-01-09 13:40:50,1068,2025-01-09 13:40:50
130,30,2025-01-09 13:42:50,1068,2025-01-09 13:42:50
131,31,2025-01-09 13:44:50,1068,2025-01-09 13:44:50
132,32,2025-01-09 13:45:50,1068,2025-01-09 13:45:50
133,33,2025-01-09 13:48:50,1068,2025-01-09 13:48:50
134,34,2025-01-09 13:50:50,1068,2025-01-09 13:50:50
135,35,2025-01-09 13:52:50,1068,2025-01-09 13:52:50
136,36,2025-01-09 13:54:50,1068,2025-01-09 13:54:50
100,0,2025-01-09 12:43:50,1069,2025-01-09 12:43:50
101,1,2025-01-09 12:47:50,1069,2025-01-09 12:47:50
102,2,2025-01-09 12:50:50,1069,2025-01-09 12:50:50
103,3,2025-01-09 12:53:50,1069,2025-01-09 12:53:50
104,4,2025-01-09 12:57:50,1069,2025-01-09 12:57:50
105,5,2025-01-09 12:59:50,1069,2025-01-09 12:59:50
106,6,2025-01-09 13:00:50,1069,2025-01-09 13:00:50
107,7,2025-01-09 13:03:50,1069,2025-01-09 13:03:50
108,8,2025-01-09 13:05:50,1069,2025-01-09 13:05:50
109,9,2025-01-09 13:07:50,1069,2025-01-09 13:07:50
110,10,2025-01-09 13:09:50,1069,2025-01-09 13:09:50
111,11,2025-01-09 13:11:50,1069,2025-01-09 13:11:50
112,12,2025-01-09 13:13:50,1069,2025-01-09 13:13:50
113,13,2025-01-09 13:15:50,1069,2025-01-09 13:15:50
114,14,2025-01-09 13:17:50,1069,2025-01-09 13:17:50
115,15,2025-01-09 13:19:50,1069,2025-01-09 13:19:50
116,16,2025-01-09 13:21:50,1069,2025-01-09 13:21:50
117,17,2025-01-09 13:22:50,1069,2025-01-09 13:22:50
118,18,2025-01-09 13:24:50,1069,2025-01-09 13:24:50
119,19,2025-01-09 13:26:50,1069,2025-01-09 13:26:50
120,20,2025-01-09 13:28:50,1069,2025-01-09 13:28:50
121,21,2025-01-09 13:31:50,1069,2025-01-09 13:31:50
122,22,2025-01-09 13:33:50,1069,2025-01-09 13:33:50
123,23,2025-01-09 13:35:50,1069,2025-01-09 13:35:50
124,24,2025-01-09 13:38:50,1069,2025-01-09 13:38:50
125,25,2025-01-09 13:40:50,1069,2025-01-09 13:40:50
126,26,2025-01-09 13:43:50,1069,2025-01-09 13:43:50
127,27,2025-01-09 13:46:50,1069,2025-01-09 13:46:50
128,28,2025-01-09 13:48:50,1069,2025-01-09 13:48:50
129,29,2025-01-09 13:50:50,1069,2025-01-09 13:50:50
130,30,2025-01-09 13:52:50,1069,2025-01-09 13:52:50
131,31,2025-01-09 13:54:50,1069,2025-01-09 13:54:50
132,32,2025-01-09 13:55:50,1069,2025-01-09 13:55:50
133,33,2025-01-09 13:58:50,1069,2025-01-09 13:58:50
134,34,2025-01-09 14:00:50,1069,2025-01-09 14:00:50
135,35,2025-01-09 14:02:50,1069,2025-01-09 14:02:50
136,36,2025-01-09 14:04:50,1069,2025-01-09 14:04:50
100,0,2025-01-09 12:53:50,1070,2025-01-09 12:53:50
101,1,2025-01-09 12:57:50,1070,2025-01-09 12:57:50
102,2,2025-01-09 13:00:50,1070,2025-01-09 13:00:50
103,3,2025-01-09 13:03:50,1070,2025-01-09 13:03:50
104,4,2025-01-09 13:07:50,1070,2025-01-09 13:07:50
105,5,2025-01-09 13:09:50,1070,2025-01-09 13:09:50
106,6,2025-01-09 13:10:50,1070,2025-01-09 13:10:50
107,7,2025-01-09 13:13:50,1070,2025-01-09 13:13:50
108,8,2025-01-09 13:15:50,1070,2025-01-09 13:15:50
109,9,2025-01-09 13:17:50,1070,2025-01-09 13:17:50
110,10,2025-01-09 13:19:50,1070,2025-01-09 13:19:50
111,11,2025-01-09 13:21:50,1070,2025-01-09 13:21:50
112,12,2025-01-09 13:23:50,1070,2025-01-09 13:23:50
113,13,2025-01-09 13:25:50,1070,2025-01-09 13:25:50
114,14,2025-01-09 13:27:50,1070,2025-01-09 13:27:50
115,15,2025-01-09 13:29:50,1070,2025-01-09 13:29:50
116,16,2025-01-09 13:31:50,1070,2025-01-09 13:31:50
117,17,2025-01-09 13:32:50,1070,2025-01-09 13:32:50
118,18,2025-01-09 13:34:50,1070,2025-01-09 13:34:50
119,19,2025-01-09 13:36:50,1070,2025-01-09 13:36:50
120,20,2025-01-09 13:38:50,1070,2025-01-09 13:38:50
121,21,2025-01-09 13:41:50,1070,2025-01-09 13:41:50
122,22,2025-01-09 13:43:50,1070,2025-01-09 13:43:50
123,23,2025-01-09 13:45:50,1070,2025-01-09 13:45:50
124,24,2025-01-09 13:48:50,1070,2025-01-09 13:48:50
125,25,2025-01-09 13:50:50,1070,2025-01-09 13:50:50
126,26,2025-01-09 13:53:50,1070,2025-01-09 13:53:50
127,27,2025-01-09 13:56:50,1070,2025-01-09 13:56:50
128,28,2025-01-09 13:58:50,1070,2025-01-09 13:58:50
129,29,2025-01-09 14:00:50,1070,2025-01-09 14:00:50
130,30,2025-01-09 14:02:50,1070,2025-01-09 14:02:50
131,31,2025-01-09 14:04:50,1070,2025-01-09 14:04:50
132,32,2025-01-09 14:05:50,1070,2025-01-09 14:05:50
133,33,2025-01-09 14:08:50,1070,2025-01-09 14:08:50
134,34,2025-01-09 14:10:50,1070,2025-01-09 14:10:50
135,35,2025-01-09 14:12:50,1070,2025-01-09 14:12:50
136,36,2025-01-09 14:14:50,1070,2025-01-09 14:14:50
100,0,2025-01-09 13:03:50,1071,2025-01-09 13:03:50
101,1,2025-01-09 13:07:50,1071,2025-01-09 13:07:50
102,2,2025-01-09 13:10:50,1071,2025-01-09 13:10:50
103,3,2025-01-09 13:13:50,1071,2025-01-09 13:13:50
104,4,2025-01-09 13:17:50,1071,2025-01-09 13:17:50
105,5,2025-01-09 13:19:50,1071,2025-01-09 13:19:50
106,6,2025-01-09 13:20:50,1071,2025-01-09 13:20:50
107,7,2025-01-09 13:23:50,1071,2025-01-09 13:23:50
108,8,2025-01-09 13:25:50,1071,2025-01-09 13:25:50
109,9,2025-01-09 13:27:50,1071,2025-01-09 13:27:50
110,10,2025-01-09 13:29:50,1071,2025-01-09 13:29:50
111,11,2025-01-09 13:31:50,1071,2025-01-09 13:31:50
112,12,2025-01-09 13:33:50,1071,2025-01-09 13:33:50
113,13,2025-01-09 13:35:50,1071,2025-01-09 13:35:50
114,14,2025-01-09 13:37:50,1071,2025-01-09 13:37:50
115,15,2025-01-09 13:39:50,1071,2025-01-09 13:39:50
116,16,2025-01-09 13:41:50,1071,2025-01-09 13:41:50
117,17,2025-01-09 13:42:50,1071,2025-01-09 13:42:50
118,18,2025-01-09 13:44:50,1071,2025-01-09 13:44:50
119,19,2025-01-09 13:46:50,1071,2025-01-09 13:46:50
120,20,2025-01-09 13:48:50,1071,2025-01-09 13:48:50
121,21,2025-01-09 13:51:50,1071,2025-01-09 13:51:50
122,22,2025-01-09 13:53:50,1071,2025-01-09 13:53:50
123,23,2025-01-09 13:55:50,1071,2025-01-09 13:55:50
124,24,2025-01-09 13:58:50,1071,2025-01-09 13:58:50
125,25,2025-01-09 14:00:50,1071,2025-01-09 14:00:50
126,26,2025-01-09 14:03:50,1071,2025-01-09 14:03:50
127,27,2025-01-09 14:06:50,1071,2025-01-09 14:06:50
128,28,2025-01-09 14:08:50,1071,2025-01-09 14:08:50
129,29,2025-01-09 14:10:50,1071,2025-01-09 14:10:50
130,30,2025-01-09 14:12:50,1071,2025-01-09 14:12:50
131,31,2025-01-09 14:14:50,1071,2025-01-09 14:14:50
132,32,2025-01-09 14:15:50,1071,2025-01-09 14:15:50
133,33,2025-01-09 14:18:50,1071,2025-01-09 14:18:50
134,34,2025-01-09 14:20:50,1071,2025-01-09 14:20:50
135,35,2025-01-09 14:22:50,1071,2025-01-09 14:22:50
136,36,2025-01-09 14:24:50,1071,2025-01-09 14:24:50
100,0,2025-01-09 13:13:50,1072,2025-01-09 13:13:50
101,1,2025-01-09 13:17:50,1072,2025-01-09 13:17:50
102,2,2025-01-09 13:20:50,1072,2025-01-09 13:20:50
103,3,2025-01-09 13:23:50,1072,2025-01-09 13:23:50
104,4,2025-01-09 13:27:50,1072,2025-01-09 13:27:50
105,5,2025-01-09 13:29:50,1072,2025-01-09 13:29:50
106,6,2025-01-09 13:30:50,1072,2025-01-09 13:30:50
107,7,2025-01-09 13:33:50,1072,2025-01-09 13:33:50
108,8,2025-01-09 13:35:50,1072,2025-01-09 13:35:50
109,9,2025-01-09 13:37:50,1072,2025-01-09 13:37:50
110,10,2025-01-09 13:39:50,1072,2025-01-09 13:39:50
111,11,2025-01-09 13:41:50,1072,2025-01-09 13:41:50
112,12,2025-01-09 13:43:50,1072,2025-01-09 13:43:50
113,13,2025-01-09 13:45:50,1072,2025-01-09 13:45:50
114,14,2025-01-09 13:47:50,1072,2025-01-09 13:47:50
115,15,2025-01-09 13:49:50,1072,2025-01-09 13:49:50
116,16,2025-01-09 13:51:50,1072,2025-01-09 13:51:50
117,17,2025-01-09 13:52:50,1072,2025-01-09 13:52:50
118,18,2025-01-09 13:54:50,1072,2025-01-09 13:54:50
119,19,2025-01-09 13:56:50,1072,2025-01-09 13:56:50
120,20,2025-01-09 13:58:50,1072,2025-01-09 13:58:50
121,21,2025-01-09 14:01:50,1072,2025-01-09 14:01:50
122,22,2025-01-09 14:03:50,1072,2025-01-09 14:03:50
123,23,2025-01-09 14:05:50,1072,2025-01-09 14:05:50
124,24,2025-01-09 14:08:50,1072,2025-01-09 14:08:50
125,25,2025-01-09 14:10:50,1072,2025-01-09 14:10:50
126,26,2025-01-09 14:13:50,1072,2025-01-09 14:13:50
127,27,2025-01-09 14:16:50,1072,2025-01-09 14:16:50
128,28,2025-01-09 14:18:50,1072,2025-01-09 14:18:50
129,29,2025-01-09 14:20:50,1072,2025-01-09 14:20:50
130,30,2025-01-09 14:22:50,1072,2025-01-09 14:22:50
131,31,2025-01-09 14:24:50,1072,2025-01-09 14:24:50
132,32,2025-01-09 14:25:50,1072,2025-01-09 14:25:50
133,33,2025-01-09 14:28:50,1072,2025-01-09 14:28:50
134,34,2025-01-09 14:30:50,1072,2025-01-09 14:30:50
135,35,2025-01-09 14:32:50,1072,2025-01-09 14:32:50
136,36,2025-01-09 14:34:50,1072,2025-01-09 14:34:50
100,0,2025-01-09 13:23:50,1073,2025-01-09 13:23:50
101,1,2025-01-09 13:27:50,1073,2025-01-09 13:27:50
102,2,2025-01-09 13:30:50,1073,2025-01-09 13:30:50
103,3,2025-01-09 13:33:50,1073,2025-01-09 13:33:50
104,4,2025-01-09 13:37:50,1073,2025-01-09 13:37:50
105,5,2025-01-09 13:39:50,1073,2025-01-09 13:39:50
106,6,2025-01-09 13:40:50,1073,2025-01-09 13:40:50
107,7,2025-01-09 13:43:50,1073,2025-01-09 13:43:50
108,8,2025-01-09 13:45:50,1073,2025-01-09 13:45:50
109,9,2025-01-09 13:47:50,1073,2025-01-09 13:47:50
110,10,2025-01-09 13:49:50,1073,2025-01-09 13:49:50
111,11,2025-01-09 13:51:50,1073,2025-01-09 13:51:50
112,12,2025-01-09 13:53:50,1073,2025-01-09 13:53:50
113,13,2025-01-09 13:55:50,1073,2025-01-09 13:55:50
114,14,2025-01-09 13:57:50,1073,2025-01-09 13:57:50
115,15,2025-01-09 13:59:50,1073,2025-01-09 13:59:50
116,16,2025-01-09 14:01:50,1073,2025-01-09 14:01:50
117,17,2025-01-09 14:02:50,1073,2025-01-09 14:02:50
118,18,2025-01-09 14:04:50,1073,2025-01-09 14:04:50
119,19,2025-01-09 14:06:50,1073,2025-01-09 14:06:50
120,20,2025-01-09 14:08:50,1073,2025-01-09 14:08:50
121,21,2025-01-09 14:11:50,1073,2025-01-09 14:11:50
122,22,2025-01-09 14:13:50,1073,2025-01-09 14:13:50
123,23,2025-01-09 14:15:50,1073,2025-01-09 14:15:50
124,24,2025-01-09 14:18:50,1073,2025-01-09 14:18:50
125,25,2025-01-09 14:20:50,1073,2025-01-09 14:20:50
126,26,2025-01-09 14:23:50,1073,2025-01-09 14:23:50
127,27,2025-01-09 14:26:50,1073,2025-01-09 14:26:50
128,28,2025-01-09 14:28:50,1073,2025-01-09 14:28:50
129,29,2025-01-09 14:30:50,1073,2025-01-09 14:30:50
130,30,2025-01-09 14:32:50,1073,2025-01-09 14:32:50
131,31,2025-01-09 14:34:50,1073,2025-01-09 14:34:50
132,32,2025-01-09 14:35:50,1073,2025-01-09 14:35:50
133,33,2025-01-09 14:38:50,1073,2025-01-09 14:38:50
134,34,2025-01-09 14:40:50,1073,2025-01-09 14:40:50
135,35,2025-01-09 14:42:50,1073,2025-01-09 14:42:50
136,36,2025-01-09 14:44:50,1073,2025-01-09 14:44:50
100,0,2025-01-09 13:33:50,1074,2025-01-09 13:33:50
101,1,2025-01-09 13:37:50,1074,2025-01-09 13:37:50
102,2,2025-01-09 13:40:50,1074,2025-01-09 13:40:50
103,3,2025-01-09 13:43:50,1074,2025-01-09 13:43:50
104,4,2025-01-09 13:47:50,1074,2025-01-09 13:47:50
105,5,2025-01-09 13:49:50,1074,2025-01-09 13:49:50
106,6,2025-01-09 13:50:50,1074,2025-01-09 13:50:50
107,7,2025-01-09 13:53:50,1074,2025-01-09 13:53:50
108,8,2025-01-09 13:55:50,1074,2025-01-09 13:55:50
109,9,2025-01-09 13:57:50,1074,2025-01-09 13:57:50
110,10,2025-01-09 13:59:50,1074,2025-01-09 13:59:50
111,11,2025-01-09 14:01:50,1074,2025-01-09 14:01:50
112,12,2025-01-09 14:03:50,1074,2025-01-09 14:03:50
113,13,2025-01-09 14:05:50,1074,2025-01-09 14:05:50
114,14,2025-01-09 14:07:50,1074,2025-01-09 14:07:50
115,15,2025-01-09 14:09:50,1074,2025-01-09 14:09:50
116,16,2025-01-09 14:11:50,1074,2025-01-09 14:11:50
117,17,2025-01-09 14:12:50,1074,2025-01-09 14:12:50
118,18,2025-01-09 14:14:50,1074,2025-01-09 14:14:50
119,19,2025-01-09 14:16:50,1074,2025-01-09 14:16:50
120,20,2025-01-09 14:18:50,1074,2025-01-09 14:18:50
121,21,2025-01-09 14:21:50,1074,2025-01-09 14:21:50
122,22,2025-01-09 14:23:50,1074,2025-01-09 14:23:50
123,23,2025-01-09 14:25:50,1074,2025-01-09 14:25:50
124,24,2025-01-09 14:28:50,1074,2025-01-09 14:28:50
125,25,2025-01-09 14:30:50,1074,2025-01-09 14:30:50
126,26,2025-01-09 14:33:50,1074,2025-01-09 14:33:50
127,27,2025-01-09 14:36:50,1074,2025-01-09 14:36:50
128,28,2025-01-09 14:38:50,1074,2025-01-09 14:38:50
129,29,2025-01-09 14:40:50,1074,2025-01-09 14:40:50
130,30,2025-01-09 14:42:50,1074,2025-01-09 14:42:50
131,31,2025-01-09 14:44:50,1074,2025-01-09 14:44:50
132,32,2025-01-09 14:45:50,1074,2025-01-09 14:45:50
133,33,2025-01-09 14:48:50,1074,2025-01-09 14:48:50
134,34,2025-01-09 14:50:50,1074,2025-01-09 14:50:50
135,35,2025-01-09 14:52:50,1074,2025-01-09 14:52:50
136,36,2025-01-09 14:54:50,1074,2025-01-09 14:54:50
100,0,2025-01-09 13:43:50,1075,2025-01-09 13:43:50
101,1,2025-01-09 13:47:50,1075,2025-01-09 13:47:50
102,2,2025-01-09 13:50:50,1075,2025-01-09 13:50:50
103,3,2025-01-09 13:53:50,1075,2025-01-09 13:53:50
104,4,2025-01-09 13:57:50,1075,2025-01-09 13:57:50
105,5,2025-01-09 13:59:50,1075,2025-01-09 13:59:50
106,6,2025-01-09 14:00:50,1075,2025-01-09 14:00:50
107,7,2025-01-09 14:03:50,1075,2025-01-09 14:03:50
108,8,2025-01-09 14:05:50,1075,2025-01-09 14:05:50
109,9,2025-01-09 14:07:50,1075,2025-01-09 14:07:50
110,10,2025-01-09 14:09:50,1075,2025-01-09 14:09:50
111,11,2025-01-09 14:11:50,1075,2025-01-09 14:11:50
112,12,2025-01-09 14:13:50,1075,2025-01-09 14:13:50
113,13,2025-01-09 14:15:50,1075,2025-01-09 14:15:50
114,14,2025-01-09 14:17:50,1075,2025-01-09 14:17:50
115,15,2025-01-09 14:19:50,1075,2025-01-09 14:19:50
116,16,2025-01-09 14:21:50,1075,2025-01-09 14:21:50
117,17,2025-01-09 14:22:50,1075,2025-01-09 14:22:50
118,18,2025-01-09 14:24:50,1075,2025-01-09 14:24:50
119,19,2025-01-09 14:26:50,1075,2025-01-09 14:26:50
120,20,2025-01-09 14:28:50,1075,2025-01-09 14:28:50
121,21,2025-01-09 14:31:50,1075,2025-01-09 14:31:50
122,22,2025-01-09 14:33:50,1075,2025-01-09 14:33:50
123,23,2025-01-09 14:35:50,1075,2025-01-09 14:35:50
124,24,2025-01-09 14:38:50,1075,2025-01-09 14:38:50
125,25,2025-01-09 14:40:50,1075,2025-01-09 14:40:50
126,26,2025-01-09 14:43:50,1075,2025-01-09 14:43:50
127,27,2025-01-09 14:46:50,1075,2025-01-09 14:46:50
128,28,2025-01-09 14:48:50,1075,2025-01-09 14:48:50
129,29,2025-01-09 14:50:50,1075,2025-01-09 14:50:50
130,30,2025-01-09 14:52:50,1075,2025-01-09 14:52:50
131,31,2025-01-09 14:54:50,1075,2025-01-09 14:54:50
132,32,2025-01-09 14:55:50,1075,2025-01-09 14:55:50
133,33,2025-01-09 14:58:50,1075,2025-01-09 14:58:50
134,34,2025-01-09 15:00:50,1075,2025-01-09 15:00:50
135,35,2025-01-09 15:02:50,1075,2025-01-09 15:02:50
136,36,2025-01-09 15:04:50,1075,2025-01-09 15:04:50
100,0,2025-01-09 13:53:50,1076,2025-01-09 13:53:50
101,1,2025-01-09 13:57:50,1076,2025-01-09 13:57:50
102,2,2025-01-09 14:00:50,1076,2025-01-09 14:00:50
103,3,2025-01-09 14:03:50,1076,2025-01-09 14:03:50
104,4,2025-01-09 14:07:50,1076,2025-01-09 14:07:50
105,5,2025-01-09 14:09:50,1076,2025-01-09 14:09:50
106,6,2025-01-09 14:10:50,1076,2025-01-09 14:10:50
107,7,2025-01-09 14:13:50,1076,2025-01-09 14:13:50
108,8,2025-01-09 14:15:50,1076,2025-01-09 14:15:50
109,9,2025-01-09 14:17:50,1076,2025-01-09 14:17:50
110,10,2025-01-09 14:19:50,1076,2025-01-09 14:19:50
111,11,2025-01-09 14:21:50,1076,2025-01-09 14:21:50
112,12,2025-01-09 14:23:50,1076,2025-01-09 14:23:50
113,13,2025-01-09 14:25:50,1076,2025-01-09 14:25:50
114,14,2025-01-09 14:27:50,1076,2025-01-09 14:27:50
115,15,2025-01-09 14:29:50,1076,2025-01-09 14:29:50
116,16,2025-01-09 14:31:50,1076,2025-01-09 14:31:50
117,17,2025-01-09 14:32:50,1076,2025-01-09 14:32:50
118,18,2025-01-09 14:34:50,1076,2025-01-09 14:34:50
119,19,2025-01-09 14:36:50,1076,2025-01-09 14:36:50
120,20,2025-01-09 14:38:50,1076,2025-01-09 14:38:50
121,21,2025-01-09 14:41:50,1076,2025-01-09 14:41:50
122,22,2025-01-09 14:43:50,1076,2025-01-09 14:43:50
123,23,2025-01-09 14:45:50,1076,2025-01-09 14:45:50
124,24,2025-01-09 14:48:50,1076,2025-01-09 14:48:50
125,25,2025-01-09 14:50:50,1076,2025-01-09 14:50:50
126,26,2025-01-09 14:53:50,1076,2025-01-09 14:53:50
127,27,2025-01-09 14:56:50,1076,2025-01-09 14:56:50
128,28,2025-01-09 14:58:50,1076,2025-01-09 14:58:50
129,29,2025-01-09 15:00:50,1076,2025-01-09 15:00:50
130,30,2025-01-09 15:02:50,1076,2025-01-09 15:02:50
131,31,2025-01-09 15:04:50,1076,2025-01-09 15:04:50
132,32,2025-01-09 15:05:50,1076,2025-01-09 15:05:50
133,33,2025-01-09 15:08:50,1076,2025-01-09 15:08:50
134,34,2025-01-09 15:10:50,1076,2025-01-09 15:10:50
135,35,2025-01-09 15:12:50,1076,2025-01-09 15:12:50
136,36,2025-01-09 15:14:50,1076,2025-01-09 15:14:50
100,0,2025-01-09 14:03:50,1077,2025-01-09 14:03:50
101,1,2025-01-09 14:07:50,1077,2025-01-09 14:07:50
102,2,2025-01-09 14:10:50,1077,2025-01-09 14:10:50
103,3,2025-01-09 14:13:50,1077,2025-01-09 14:13:50
104,4,2025-01-09 14:17:50,1077,2025-01-09 14:17:50
105,5,2025-01-09 14:19:50,1077,2025-01-09 14:19:50
106,6,2025-01-09 14:20:50,1077,2025-01-09 14:20:50
107,7,2025-01-09 14:23:50,1077,2025-01-09 14:23:50
108,8,2025-01-09 14:25:50,1077,2025-01-09 14:25:50
109,9,2025-01-09 14:27:50,1077,2025-01-09 14:27:50
110,10,2025-01-09 14:29:50,1077,2025-01-09 14:29:50
111,11,2025-01-09 14:31:50,1077,2025-01-09 14:31:50
112,12,2025-01-09 14:33:50,1077,2025-01-09 14:33:50
113,13,2025-01-09 14:35:50,1077,2025-01-09 14:35:50
114,14,2025-01-09 14:37:50,1077,2025-01-09 14:37:50
115,15,2025-01-09 14:39:50,1077,2025-01-09 14:39:50
116,16,2025-01-09 14:41:50,1077,2025-01-09 14:41:50
117,17,2025-01-09 14:42:50,1077,2025-01-09 14:42:50
118,18,2025-01-09 14:44:50,1077,2025-01-09 14:44:50
119,19,2025-01-09 14:46:50,1077,2025-01-09 14:46:50
120,20,2025-01-09 14:48:50,1077,2025-01-09 14:48:50
121,21,2025-01-09 14:51:50,1077,2025-01-09 14:51:50
122,22,2025-01-09 14:53:50,1077,2025-01-09 14:53:50
123,23,2025-01-09 14:55:50,1077,2025-01-09 14:55:50
124,24,2025-01-09 14:58:50,1077,2025-01-09 14:58:50
125,25,2025-01-09 15:00:50,1077,2025-01-09 15:00:50
126,26,2025-01-09 15:03:50,1077,2025-01-09 15:03:50
127,27,2025-01-09 15:06:50,1077,2025-01-09 15:06:50
128,28,2025-01-09 15:08:50,1077,2025-01-09 15:08:50
129,29,2025-01-09 15:10:50,1077,2025-01-09 15:10:50
130,30,2025-01-09 15:12:50,1077,2025-01-09 15:12:50
131,31,2025-01-09 15:14:50,1077,2025-01-09 15:14:50
132,32,2025-01-09 15:15:50,1077,2025-01-09 15:15:50
133,33,2025-01-09 15:18:50,1077,2025-01-09 15:18:50
134,34,2025-01-09 15:20:50,1077,2025-01-09 15:20:50
135,35,2025-01-09 15:22:50,1077,2025-01-09 15:22:50
136,36,2025-01-09 15:24:50,1077,2025-01-09 15:24:50
100,0,2025-01-09 14:13:50,1078,2025-01-09 14:13:50
101,1,2025-01-09 14:17:50,1078,2025-01-09 14:17:50
102,2,2025-01-09 14:20:50,1078,2025-01-09 14:20:50
103,3,2025-01-09 14:23:50,1078,2025-01-09 14:23:50
104,4,2025-01-09 14:27:50,1078,2025-01-09 14:27:50
105,5,2025-01-09 14:29:50,1078,2025-01-09 14:29:50
106,6,2025-01-09 14:30:50,1078,2025-01-09 14:30:50
107,7,2025-01-09 14:33:50,1078,2025-01-09 14:33:50
108,8,2025-01-09 14:35:50,1078,2025-01-09 14:35:50
109,9,2025-01-09 14:37:50,1078,2025-01-09 14:37:50
110,10,2025-01-09 14:39:50,1078,2025-01-09 14:39:50
111,11,2025-01-09 14:41:50,1078,2025-01-09 14:41:50
112,12,2025-01-09 14:43:50,1078,2025-01-09 14:43:50
113,13,2025-01-09 14:45:50,1078,2025-01-09 14:45:50
114,14,2025-01-09 14:47:50,1078,2025-01-09 14:47:50
115,15,2025-01-09 14:49:50,1078,2025-01-09 14:49:50
116,16,2025-01-09 14:51:50,1078,2025-01-09 14:51:50
117,17,2025-01-09 14:52:50,1078,2025-01-09 14:52:50
118,18,2025-01-09 14:54:50,1078,2025-01-09 14:54:50
119,19,2025-01-09 14:56:50,1078,2025-01-09 14:56:50
120,20,2025-01-09 14:58:50,1078,2025-01-09 14:58:50
121,21,2025-01-09 15:01:50,1078,2025-01-09 15:01:50
122,22,2025-01-09 15:03:50,1078,2025-01-09 15:03:50
123,23,2025-01-09 15:05:50,1078,2025-01-09 15:05:50
124,24,2025-01-09 15:08:50,1078,2025-01-09 15:08:50
125,25,2025-01-09 15:10:50,1078,2025-01-09 15:10:50
126,26,2025-01-09 15:13:50,1078,2025-01-09 15:13:50
127,27,2025-01-09 15:16:50,1078,2025-01-09 15:16:50
128,28,2025-01-09 15:18:50,1078,2025-01-09 15:18:50
129,29,2025-01-09 15:20:50,1078,2025-01-09 15:20:50
130,30,2025-01-09 15:22:50,1078,2025-01-09 15:22:50
131,31,2025-01-09 15:24:50,1078,2025-01-09 15:24:50
132,32,2025-01-09 15:25:50,1078,2025-01-09 15:25:50
133,33,2025-01-09 15:28:50,1078,2025-01-09 15:28:50
134,34,2025-01-09 15:30:50,1078,2025-01-09 15:30:50
135,35,2025-01-09 15:32:50,1078,2025-01-09 15:32:50
136,36,2025-01-09 15:34:50,1078,2025-01-09 15:34:50
100,0,2025-01-09 14:23:50,1079,2025-01-09 14:23:50
101,1,2025-01-09 14:27:50,1079,2025-01-09 14:27:50
102,2,2025-01-09 14:30:50,1079,2025-01-09 14:30:50
103,3,2025-01-09 14:33:50,1079,2025-01-09 14:33:50
104,4,2025-01-09 14:37:50,1079,2025-01-09 14:37:50
105,5,2025-01-09 14:39:50,1079,2025-01-09 14:39:50
106,6,2025-01-09 14:40:50,1079,2025-01-09 14:40:50
107,7,2025-01-09 14:43:50,1079,2025-01-09 14:43:50
108,8,2025-01-09 14:45:50,1079,2025-01-09 14:45:50
109,9,2025-01-09 14:47:50,1079,2025-01-09 14:47:50
110,10,2025-01-09 14:49:50,1079,2025-01-09 14:49:50
111,11,2025-01-09 14:51:50,1079,2025-01-09 14:51:50
112,12,2025-01-09 14:53:50,1079,2025-01-09 14:53:50
113,13,2025-01-09 14:55:50,1079,2025-01-09 14:55:50
114,14,2025-01-09 14:57:50,1079,2025-01-09 14:57:50
115,15,2025-01-09 14:59:50,1079,2025-01-09 14:59:50
116,16,2025-01-09 15:01:50,1079,2025-01-09 15:01:50
117,17,2025-01-09 15:02:50,1079,2025-01-09 15:02:50
118,18,2025-01-09 15:04:50,1079,2025-01-09 15:04:50
119,19,2025-01-09 15:06:50,1079,2025-01-09 15:06:50
120,20,2025-01-09 15:08:50,1079,2025-01-09 15:08:50
121,21,2025-01-09 15:11:50,1079,2025-01-09 15:11:50
122,22,2025-01-09 15:13:50,1079,2025-01-09 15:13:50
123,23,2025-01-09 15:15:50,1079,2025-01-09 15:15:50
124,24,2025-01-09 15:18:50,1079,2025-01-09 15:18:50
125,25,2025-01-09 15:20:50,1079,2025-01-09 15:20:50
126,26,2025-01-09 15:23:50,1079,2025-01-09 15:23:50
127,27,2025-01-09 15:26:50,1079,2025-01-09 15:26:50
128,28,2025-01-09 15:28:50,1079,2025-01-09 15:28:50
129,29,2025-01-09 15:30:50,1079,2025-01-09 15:30:50
130,30,2025-01-09 15:32:50,1079,2025-01-09 15:32:50
131,31,2025-01-09 15:34:50,1079,2025-01-09 15:34:50
132,32,2025-01-09 15:35:50,1079,2025-01-09 15:35:50
133,33,2025-01-09 15:38:50,1079,2025-01-09 15:38:50
134,34,2025-01-09 15:40:50,1079,2025-01-09 15:40:50
135,35,2025-01-09 15:42:50,1079,2025-01-09 15:42:50
136,36,2025-01-09 15:44:50,1079,2025-01-09 15:44:50
100,0,2025-01-09 14:33:50,1080,2025-01-09 14:33:50
101,1,2025-01-09 14:37:50,1080,2025-01-09 14:37:50
102,2,2025-01-09 14:40:50,1080,2025-01-09 14:40:50
103,3,2025-01-09 14:43:50,1080,2025-01-09 14:43:50
104,4,2025-01-09 14:47:50,1080,2025-01-09 14:47:50
105,5,2025-01-09 14:49:50,1080,2025-01-09 14:49:50
106,6,2025-01-09 14:50:50,1080,2025-01-09 14:50:50
107,7,2025-01-09 14:53:50,1080,2025-01-09 14:53:50
108,8,2025-01-09 14:55:50,1080,2025-01-09 14:55:50
109,9,2025-01-09 14:57:50,1080,2025-01-09 14:57:50
110,10,2025-01-09 14:59:50,1080,2025-01-09 14:59:50
111,11,2025-01-09 15:01:50,1080,2025-01-09 15:01:50
112,12,2025-01-09 15:03:50,1080,2025-01-09 15:03:50
113,13,2025-01-09 15:05:50,1080,2025-01-09 15:05:50
114,14,2025-01-09 15:07:50,1080,2025-01-09 15:07:50
115,15,2025-01-09 15:09:50,1080,2025-01-09 15:09:50
116,16,2025-01-09 15:11:50,1080,2025-01-09 15:11:50
117,17,2025-01-09 15:12:50,1080,2025-01-09 15:12:50
118,18,2025-01-09 15:14:50,1080,2025-01-09 15:14:50
119,19,2025-01-09 15:16:50,1080,2025-01-09 15:16:50
120,20,2025-01-09 15:18:50,1080,2025-01-09 15:18:50
121,21,2025-01-09 15:21:50,1080,2025-01-09 15:21:50
122,22,2025-01-09 15:23:50,1080,2025-01-09 15:23:50
123,23,2025-01-09 15:25:50,1080,2025-01-09 15:25:50
124,24,2025-01-09 15:28:50,1080,2025-01-09 15:28:50
125,25,2025-01-09 15:30:50,1080,2025-01-09 15:30:50
126,26,2025-01-09 15:33:50,1080,2025-01-09 15:33:50
127,27,2025-01-09 15:36:50,1080,2025-01-09 15:36:50
128,28,2025-01-09 15:38:50,1080,2025-01-09 15:38:50
129,29,2025-01-09 15:40:50,1080,2025-01-09 15:40:50
130,30,2025-01-09 15:42:50,1080,2025-01-09 15:42:50
131,31,2025-01-09 15:44:50,1080,2025-01-09 15:44:50
132,32,2025-01-09 15:45:50,1080,2025-01-09 15:45:50
133,33,2025-01-09 15:48:50,1080,2025-01-09 15:48:50
134,34,2025-01-09 15:50:50,1080,2025-01-09 15:50:50
135,35,2025-01-09 15:52:50,1080,2025-01-09 15:52:50
136,36,2025-01-09 15:54:50,1080,2025-01-09 15:54:50
100,0,2025-01-09 14:43:50,1081,2025-01-09 14:43:50
101,1,2025-01-09 14:47:50,1081,2025-01-09 14:47:50
102,2,2025-01-09 14:50:50,1081,2025-01-09 14:50:50
103,3,2025-01-09 14:53:50,1081,2025-01-09 14:53:50
104,4,2025-01-09 14:57:50,1081,2025-01-09 14:57:50
105,5,2025-01-09 14:59:50,1081,2025-01-09 14:59:50
106,6,2025-01-09 15:00:50,1081,2025-01-09 15:00:50
107,7,2025-01-09 15:03:50,1081,2025-01-09 15:03:50
108,8,2025-01-09 15:05:50,1081,2025-01-09 15:05:50
109,9,2025-01-09 15:07:50,1081,2025-01-09 15:07:50
110,10,2025-01-09 15:09:50,1081,2025-01-09 15:09:50
111,11,2025-01-09 15:11:50,1081,2025-01-09 15:11:50
112,12,2025-01-09 15:13:50,1081,2025-01-09 15:13:50
113,13,2025-01-09 15:15:50,1081,2025-01-09 15:15:50
114,14,2025-01-09 15:17:50,1081,2025-01-09 15:17:50
115,15,2025-01-09 15:19:50,1081,2025-01-09 15:19:50
116,16,2025-01-09 15:21:50,1081,2025-01-09 15:21:50
117,17,2025-01-09 15:22:50,1081,2025-01-09 15:22:50
118,18,2025-01-09 15:24:50,1081,2025-01-09 15:24:50
119,19,2025-01-09 15:26:50,1081,2025-01-09 15:26:50
120,20,2025-01-09 15:28:50,1081,2025-01-09 15:28:50
121,21,2025-01-09 15:31:50,1081,2025-01-09 15:31:50
122,22,2025-01-09 15:33:50,1081,2025-01-09 15:33:50
123,23,2025-01-09 15:35:50,1081,2025-01-09 15:35:50
124,24,2025-01-09 15:38:50,1081,2025-01-09 15:38:50
125,25,2025-01-09 15:40:50,1081,2025-01-09 15:40:50
126,26,2025-01-09 15:43:50,1081,2025-01-09 15:43:50
127,27,2025-01-09 15:46:50,1081,2025-01-09 15:46:50
128,28,2025-01-09 15:48:50,1081,2025-01-09 15:48:50
129,29,2025-01-09 15:50:50,1081,2025-01-09 15:50:50
130,30,2025-01-09 15:52:50,1081,2025-01-09 15:52:50
131,31,2025-01-09 15:54:50,1081,2025-01-09 15:54:50
132,32,2025-01-09 15:55:50,1081,2025-01-09 15:55:50
133,33,2025-01-09 15:58:50,1081,2025-01-09 15:58:50
134,34,2025-01-09 16:00:50,1081,2025-01-09 16:00:50
135,35,2025-01-09 16:02:50,1081,2025-01-09 16:02:50
136,36,2025-01-09 16:04:50,1081,2025-01-09 16:04:50
100,0,2025-01-09 14:53:50,1082,2025-01-09 14:53:50
101,1,2025-01-09 14:57:50,1082,2025-01-09 14:57:50
102,2,2025-01-09 15:00:50,1082,2025-01-09 15:00:50
103,3,2025-01-09 15:03:50,1082,2025-01-09 15:03:50
104,4,2025-01-09 15:07:50,1082,2025-01-09 15:07:50
105,5,2025-01-09 15:09:50,1082,2025-01-09 15:09:50
106,6,2025-01-09 15:10:50,1082,2025-01-09 15:10:50
107,7,2025-01-09 15:13:50,1082,2025-01-09 15:13:50
108,8,2025-01-09 15:15:50,1082,2025-01-09 15:15:50
109,9,2025-01-09 15:17:50,1082,2025-01-09 15:17:50
110,10,2025-01-09 15:19:50,1082,2025-01-09 15:19:50
111,11,2025-01-09 15:21:50,1082,2025-01-09 15:21:50
112,12,2025-01-09 15:23:50,1082,2025-01-09 15:23:50
113,13,2025-01-09 15:25:50,1082,2025-01-09 15:25:50
114,14,2025-01-09 15:27:50,1082,2025-01-09 15:27:50
115,15,2025-01-09 15:29:50,1082,2025-01-09 15:29:50
116,16,2025-01-09 15:31:50,1082,2025-01-09 15:31:50
117,17,2025-01-09 15:32:50,1082,2025-01-09 15:32:50
118,18,2025-01-09 15:34:50,1082,2025-01-09 15:34:50
119,19,2025-01-09 15:36:50,1082,2025-01-09 15:36:50
120,20,2025-01-09 15:38:50,1082,2025-01-09 15:38:50
121,21,2025-01-09 15:41:50,1082,2025-01-09 15:41:50
122,22,2025-01-09 15:43:50,1082,2025-01-09 15:43:50
123,23,2025-01-09 15:45:50,1082,2025-01-09 15:45:50
124,24,2025-01-09 15:48:50,1082,2025-01-09 15:48:50
125,25,2025-01-09 15:50:50,1082,2025-01-09 15:50:50
126,26,2025-01-09 15:53:50,1082,2025-01-09 15:53:50
127,27,2025-01-09 15:56:50,1082,2025-01-09 15:56:50
128,28,2025-01-09 15:58:50,1082,2025-01-09 15:58:50
129,29,2025-01-09 16:00:50,1082,2025-01-09 16:00:50
130,30,2025-01-09 16:02:50,1082,2025-01-09 16:02:50
131,31,2025-01-09 16:04:50,1082,2025-01-09 16:04:50
132,32,2025-01-09 16:05:50,1082,2025-01-09 16:05:50
133,33,2025-01-09 16:08:50,1082,2025-01-09 16:08:50
134,34,2025-01-09 16:10:50,1082,2025-01-09 16:10:50
135,35,2025-01-09 16:12:50,1082,2025-01-09 16:12:50
136,36,2025-01-09 16:14:50,1082,2025-01-09 16:14:50
100,0,2025-01-09 15:03:50,1083,2025-01-09 15:03:50
101,1,2025-01-09 15:07:50,1083,2025-01-09 15:07:50
102,2,2025-01-09 15:10:50,1083,2025-01-09 15:10:50
103,3,2025-01-09 15:13:50,1083,2025-01-09 15:13:50
104,4,2025-01-09 15:17:50,1083,2025-01-09 15:17:50
105,5,2025-01-09 15:19:50,1083,2025-01-09 15:19:50
106,6,2025-01-09 15:20:50,1083,2025-01-09 15:20:50
107,7,2025-01-09 15:23:50,1083,2025-01-09 15:23:50
108,8,2025-01-09 15:25:50,1083,2025-01-09 15:25:50
109,9,2025-01-09 15:27:50,1083,2025-01-09 15:27:50
110,10,2025-01-09 15:29:50,1083,2025-01-09 15:29:50
111,11,2025-01-09 15:31:50,1083,2025-01-09 15:31:50
112,12,2025-01-09 15:33:50,1083,2025-01-09 15:33:50
113,13,2025-01-09 15:35:50,1083,2025-01-09 15:35:50
114,14,2025-01-09 15:37:50,1083,2025-01-09 15:37:50
115,15,2025-01-09 15:39:50,1083,2025-01-09 15:39:50
116,16,2025-01-09 15:41:50,1083,2025-01-09 15:41:50
117,17,2025-01-09 15:42:50,1083,2025-01-09 15:42:50
118,18,2025-01-09 15:44:50,1083,2025-01-09 15:44:50
119,19,2025-01-09 15:46:50,1083,2025-01-09 15:46:50
120,20,2025-01-09 15:48:50,1083,2025-01-09 15:48:50
121,21,2025-01-09 15:51:50,1083,2025-01-09 15:51:50
122,22,2025-01-09 15:53:50,1083,2025-01-09 15:53:50
123,23,2025-01-09 15:55:50,1083,2025-01-09 15:55:50
124,24,2025-01-09 15:58:50,1083,2025-01-09 15:58:50
125,25,2025-01-09 16:00:50,1083,2025-01-09 16:00:50
126,26,2025-01-09 16:03:50,1083,2025-01-09 16:03:50
127,27,2025-01-09 16:06:50,1083,2025-01-09 16:06:50
128,28,2025-01-09 16:08:50,1083,2025-01-09 16:08:50
129,29,2025-01-09 16:10:50,1083,2025-01-09 16:10:50
130,30,2025-01-09 16:12:50,1083,2025-01-09 16:12:50
131,31,2025-01-09 16:14:50,1083,2025-01-09 16:14:50
132,32,2025-01-09 16:15:50,1083,2025-01-09 16:15:50
133,33,2025-01-09 16:18:50,1083,2025-01-09 16:18:50
134,34,2025-01-09 16:20:50,1083,2025-01-09 16:20:50
135,35,2025-01-09 16:22:50,1083,2025-01-09 16:22:50
136,36,2025-01-09 16:24:50,1083,2025-01-09 16:24:50
100,0,2025-01-09 15:13:50,1084,2025-01-09 15:13:50
101,1,2025-01-09 15:17:50,1084,2025-01-09 15:17:50
102,2,2025-01-09 15:20:50,1084,2025-01-09 15:20:50
103,3,2025-01-09 15:23:50,1084,2025-01-09 15:23:50
104,4,2025-01-09 15:27:50,1084,2025-01-09 15:27:50
105,5,2025-01-09 15:29:50,1084,2025-01-09 15:29:50
106,6,2025-01-09 15:30:50,1084,2025-01-09 15:30:50
107,7,2025-01-09 15:33:50,1084,2025-01-09 15:33:50
108,8,2025-01-09 15:35:50,1084,2025-01-09 15:35:50
109,9,2025-01-09 15:37:50,1084,2025-01-09 15:37:50
110,10,2025-01-09 15:39:50,1084,2025-01-09 15:39:50
111,11,2025-01-09 15:41:50,1084,2025-01-09 15:41:50
112,12,2025-01-09 15:43:50,1084,2025-01-09 15:43:50
113,13,2025-01-09 15:45:50,1084,2025-01-09 15:45:50
114,14,2025-01-09 15:47:50,1084,2025-01-09 15:47:50
115,15,2025-01-09 15:49:50,1084,2025-01-09 15:49:50
116,16,2025-01-09 15:51:50,1084,2025-01-09 15:51:50
117,17,2025-01-09 15:52:50,1084,2025-01-09 15:52:50
118,18,2025-01-09 15:54:50,1084,2025-01-09 15:54:50
119,19,2025-01-09 15:56:50,1084,2025-01-09 15:56:50
120,20,2025-01-09 15:58:50,1084,2025-01-09 15:58:50
121,21,2025-01-09 16:01:50,1084,2025-01-09 16:01:50
122,22,2025-01-09 16:03:50,1084,2025-01-09 16:03:50
123,23,2025-01-09 16:05:50,1084,2025-01-09 16:05:50
124,24,2025-01-09 16:08:50,1084,2025-01-09 16:08:50
125,25,2025-01-09 16:10:50,1084,2025-01-09 16:10:50
126,26,2025-01-09 16:13:50,1084,2025-01-09 16:13:50
127,27,2025-01-09 16:16:50,1084,2025-01-09 16:16:50
128,28,2025-01-09 16:18:50,1084,2025-01-09 16:18:50
129,29,2025-01-09 16:20:50,1084,2025-01-09 16:20:50
130,30,2025-01-09 16:22:50,1084,2025-01-09 16:22:50
131,31,2025-01-09 16:24:50,1084,2025-01-09 16:24:50
132,32,2025-01-09 16:25:50,1084,2025-01-09 16:25:50
133,33,2025-01-09 16:28:50,1084,2025-01-09 16:28:50
134,34,2025-01-09 16:30:50,1084,2025-01-09 16:30:50
135,35,2025-01-09 16:32:50,1084,2025-01-09 16:32:50
136,36,2025-01-09 16:34:50,1084,2025-01-09 16:34:50
100,0,2025-01-09 15:23:50,1085,2025-01-09 15:23:50
101,1,2025-01-09 15:27:50,1085,2025-01-09 15:27:50
102,2,2025-01-09 15:30:50,1085,2025-01-09 15:30:50
103,3,2025-01-09 15:33:50,1085,2025-01-09 15:33:50
104,4,2025-01-09 15:37:50,1085,2025-01-09 15:37:50
105,5,2025-01-09 15:39:50,1085,2025-01-09 15:39:50
106,6,2025-01-09 15:40:50,1085,2025-01-09 15:40:50
107,7,2025-01-09 15:43:50,1085,2025-01-09 15:43:50
108,8,2025-01-09 15:45:50,1085,2025-01-09 15:45:50
109,9,2025-01-09 15:47:50,1085,2025-01-09 15:47:50
110,10,2025-01-09 15:49:50,1085,2025-01-09 15:49:50
111,11,2025-01-09 15:51:50,1085,2025-01-09 15:51:50
112,12,2025-01-09 15:53:50,1085,2025-01-09 15:53:50
113,13,2025-01-09 15:55:50,1085,2025-01-09 15:55:50
114,14,2025-01-09 15:57:50,1085,2025-01-09 15:57:50
115,15,2025-01-09 15:59:50,1085,2025-01-09 15:59:50
116,16,2025-01-09 16:01:50,1085,2025-01-09 16:01:50
117,17,2025-01-09 16:02:50,1085,2025-01-09 16:02:50
118,18,2025-01-09 16:04:50,1085,2025-01-09 16:04:50
119,19,2025-01-09 16:06:50,1085,2025-01-09 16:06:50
120,20,2025-01-09 16:08:50,1085,2025-01-09 16:08:50
121,21,2025-01-09 16:11:50,1085,2025-01-09 16:11:50
122,22,2025-01-09 16:13:50,1085,2025-01-09 16:13:50
123,23,2025-01-09 16:15:50,1085,2025-01-09 16:15:50
124,24,2025-01-09 16:18:50,1085,2025-01-09 16:18:50
125,25,2025-01-09 16:20:50,1085,2025-01-09 16:20:50
126,26,2025-01-09 16:23:50,1085,2025-01-09 16:23:50
127,27,2025-01-09 16:26:50,1085,2025-01-09 16:26:50
128,28,2025-01-09 16:28:50,1085,2025-01-09 16:28:50
129,29,2025-01-09 16:30:50,1085,2025-01-09 16:30:50
130,30,2025-01-09 16:32:50,1085,2025-01-09 16:32:50
131,31,2025-01-09 16:34:50,1085,2025-01-09 16:34:50
132,32,2025-01-09 16:35:50,1085,2025-01-09 16:35:50
133,33,2025-01-09 16:38:50,1085,2025-01-09 16:38:50
134,34,2025-01-09 16:40:50,1085,2025-01-09 16:40:50
135,35,2025-01-09 16:42:50,1085,2025-01-09 16:42:50
136,36,2025-01-09 16:44:50,1085,2025-01-09 16:44:50
100,0,2025-01-09 15:33:50,1086,2025-01-09 15:33:50
101,1,2025-01-09 15:37:50,1086,2025-01-09 15:37:50
102,2,2025-01-09 15:40:50,1086,2025-01-09 15:40:50
103,3,2025-01-09 15:43:50,1086,2025-01-09 15:43:50
104,4,2025-01-09 15:47:50,1086,2025-01-09 15:47:50
105,5,2025-01-09 15:49:50,1086,2025-01-09 15:49:50
106,6,2025-01-09 15:50:50,1086,2025-01-09 15:50:50
107,7,2025-01-09 15:53:50,1086,2025-01-09 15:53:50
108,8,2025-01-09 15:55:50,1086,2025-01-09 15:55:50
109,9,2025-01-09 15:57:50,1086,2025-01-09 15:57:50
110,10,2025-01-09 15:59:50,1086,2025-01-09 15:59:50
111,11,2025-01-09 16:01:50,1086,2025-01-09 16:01:50
112,12,2025-01-09 16:03:50,1086,2025-01-09 16:03:50
113,13,2025-01-09 16:05:50,1086,2025-01-09 16:05:50
114,14,2025-01-09 16:07:50,1086,2025-01-09 16:07:50
115,15,2025-01-09 16:09:50,1086,2025-01-09 16:09:50
116,16,2025-01-09 16:11:50,1086,2025-01-09 16:11:50
117,17,2025-01-09 16:12:50,1086,2025-01-09 16:12:50
118,18,2025-01-09 16:14:50,1086,2025-01-09 16:14:50
119,19,2025-01-09 16:16:50,1086,2025-01-09 16:16:50
120,20,2025-01-09 16:18:50,1086,2025-01-09 16:18:50
121,21,2025-01-09 16:21:50,1086,2025-01-09 16:21:50
122,22,2025-01-09 16:23:50,1086,2025-01-09 16:23:50
123,23,2025-01-09 16:25:50,1086,2025-01-09 16:25:50
124,24,2025-01-09 16:28:50,1086,2025-01-09 16:28:50
125,25,2025-01-09 16:30:50,1086,2025-01-09 16:30:50
126,26,2025-01-09 16:33:50,1086,2025-01-09 16:33:50
127,27,2025-01-09 16:36:50,1086,2025-01-09 16:36:50
128,28,2025-01-09 16:38:50,1086,2025-01-09 16:38:50
129,29,2025-01-09 16:40:50,1086,2025-01-09 16:40:50
130,30,2025-01-09 16:42:50,1086,2025-01-09 16:42:50
131,31,2025-01-09 16:44:50,1086,2025-01-09 16:44:50
132,32,2025-01-09 16:45:50,1086,2025-01-09 16:45:50
133,33,2025-01-09 16:48:50,1086,2025-01-09 16:48:50
134,34,2025-01-09 16:50:50,1086,2025-01-09 16:50:50
135,35,2025-01-09 16:52:50,1086,2025-01-09 16:52:50
136,36,2025-01-09 16:54:50,1086,2025-01-09 16:54:50
100,0,2025-01-09 15:43:50,1087,2025-01-09 15:43:50
101,1,2025-01-09 15:47:50,1087,2025-01-09 15:47:50
102,2,2025-01-09 15:50:50,1087,2025-01-09 15:50:50
103,3,2025-01-09 15:53:50,1087,2025-01-09 15:53:50
104,4,2025-01-09 15:57:50,1087,2025-01-09 15:57:50
105,5,2025-01-09 15:59:50,1087,2025-01-09 15:59:50
106,6,2025-01-09 16:00:50,1087,2025-01-09 16:00:50
107,7,2025-01-09 16:03:50,1087,2025-01-09 16:03:50
108,8,2025-01-09 16:05:50,1087,2025-01-09 16:05:50
109,9,2025-01-09 16:07:50,1087,2025-01-09 16:07:50
110,10,2025-01-09 16:09:50,1087,2025-01-09 16:09:50
111,11,2025-01-09 16:11:50,1087,2025-01-09 16:11:50
112,12,2025-01-09 16:13:50,1087,2025-01-09 16:13:50
113,13,2025-01-09 16:15:50,1087,2025-01-09 16:15:50
114,14,2025-01-09 16:17:50,1087,2025-01-09 16:17:50
115,15,2025-01-09 16:19:50,1087,2025-01-09 16:19:50
116,16,2025-01-09 16:21:50,1087,2025-01-09 16:21:50
117,17,2025-01-09 16:22:50,1087,2025-01-09 16:22:50
118,18,2025-01-09 16:24:50,1087,2025-01-09 16:24:50
119,19,2025-01-09 16:26:50,1087,2025-01-09 16:26:50
120,20,2025-01-09 16:28:50,1087,2025-01-09 16:28:50
121,21,2025-01-09 16:31:50,1087,2025-01-09 16:31:50
122,22,2025-01-09 16:33:50,1087,2025-01-09 16:33:50
123,23,2025-01-09 16:35:50,1087,2025-01-09 16:35:50
124,24,2025-01-09 16:38:50,1087,2025-01-09 16:38:50
125,25,2025-01-09 16:40:50,1087,2025-01-09 16:40:50
126,26,2025-01-09 16:43:50,1087,2025-01-09 16:43:50
127,27,2025-01-09 16:46:50,1087,2025-01-09 16:46:50
128,28,2025-01-09 16:48:50,1087,2025-01-09 16:48:50
129,29,2025-01-09 16:50:50,1087,2025-01-09 16:50:50
130,30,2025-01-09 16:52:50,1087,2025-01-09 16:52:50
131,31,2025-01-09 16:54:50,1087,2025-01-09 16:54:50
132,32,2025-01-09 16:55:50,1087,2025-01-09 16:55:50
133,33,2025-01-09 16:58:50,1087,2025-01-09 16:58:50
134,34,2025-01-09 17:00:50,1087,2025-01-09 17:00:50
135,35,2025-01-09 17:02:50,1087,2025-01-09 17:02:50
136,36,2025-01-09 17:04:50,1087,2025-01-09 17:04:50
100,0,2025-01-09 15:53:50,1088,2025-01-09 15:53:50
101,1,2025-01-09 15:57:50,1088,2025-01-09 15:57:50
102,2,2025-01-09 16:00:50,1088,2025-01-09 16:00:50
103,3,2025-01-09 16:03:50,1088,2025-01-09 16:03:50
104,4,2025-01-09 16:07:50,1088,2025-01-09 16:07:50
105,5,2025-01-09 16:09:50,1088,2025-01-09 16:09:50
106,6,2025-01-09 16:10:50,1088,2025-01-09 16:10:50
107,7,2025-01-09 16:13:50,1088,2025-01-09 16:13:50
108,8,2025-01-09 16:15:50,1088,2025-01-09 16:15:50
109,9,2025-01-09 16:17:50,1088,2025-01-09 16:17:50
110,10,2025-01-09 16:19:50,1088,2025-01-09 16:19:50
111,11,2025-01-09 16:21:50,1088,2025-01-09 16:21:50
112,12,2025-01-09 16:23:50,1088,2025-01-09 16:23:50
113,13,2025-01-09 16:25:50,1088,2025-01-09 16:25:50
114,14,2025-01-09 16:27:50,1088,2025-01-09 16:27:50
115,15,2025-01-09 16:29:50,1088,2025-01-09 16:29:50
116,16,2025-01-09 16:31:50,1088,2025-01-09 16:31:50
117,17,2025-01-09 16:32:50,1088,2025-01-09 16:32:50
118,18,2025-01-09 16:34:50,1088,2025-01-09 16:34:50
119,19,2025-01-09 16:36:50,1088,2025-01-09 16:36:50
120,20,2025-01-09 16:38:50,1088,2025-01-09 16:38:50
121,21,2025-01-09 16:41:50,1088,2025-01-09 16:41:50
122,22,2025-01-09 16:43:50,1088,2025-01-09 16:43:50
123,23,2025-01-09 16:45:50,1088,2025-01-09 16:45:50
124,24,2025-01-09 16:48:50,1088,2025-01-09 16:48:50
125,25,2025-01-09 16:50:50,1088,2025-01-09 16:50:50
126,26,2025-01-09 16:53:50,1088,2025-01-09 16:53:50
127,27,2025-01-09 16:56:50,1088,2025-01-09 16:56:50
128,28,2025-01-09 16:58:50,1088,2025-01-09 16:58:50
129,29,2025-01-09 17:00:50,1088,2025-01-09 17:00:50
130,30,2025-01-09 17:02:50,1088,2025-01-09 17:02:50
131,31,2025-01-09 17:04:50,1088,2025-01-09 17:04:50
132,32,2025-01-09 17:05:50,1088,2025-01-09 17:05:50
133,33,2025-01-09 17:08:50,1088,2025-01-09 17:08:50
134,34,2025-01-09 17:10:50,1088,2025-01-09 17:10:50
135,35,2025-01-09 17:12:50,1088,2025-01-09 17:12:50
136,36,2025-01-09 17:14:50,1088,2025-01-09 17:14:50
100,0,2025-01-09 16:03:50,1089,2025-01-09 16:03:50
101,1,2025-01-09 16:07:50,1089,2025-01-09 16:07:50
102,2,2025-01-09 16:10:50,1089,2025-01-09 16:10:50
103,3,2025-01-09 16:13:50,1089,2025-01-09 16:13:50
104,4,2025-01-09 16:17:50,1089,2025-01-09 16:17:50
105,5,2025-01-09 16:19:50,1089,2025-01-09 16:19:50
106,6,2025-01-09 16:20:50,1089,2025-01-09 16:20:50
107,7,2025-01-09 16:23:50,1089,2025-01-09 16:23:50
108,8,2025-01-09 16:25:50,1089,2025-01-09 16:25:50
109,9,2025-01-09 16:27:50,1089,2025-01-09 16:27:50
110,10,2025-01-09 16:29:50,1089,2025-01-09 16:29:50
111,11,2025-01-09 16:31:50,1089,2025-01-09 16:31:50
112,12,2025-01-09 16:33:50,1089,2025-01-09 16:33:50
113,13,2025-01-09 16:35:50,1089,2025-01-09 16:35:50
114,14,2025-01-09 16:37:50,1089,2025-01-09 16:37:50
115,15,2025-01-09 16:39:50,1089,2025-01-09 16:39:50
116,16,2025-01-09 16:41:50,1089,2025-01-09 16:41:50
117,17,2025-01-09 16:42:50,1089,2025-01-09 16:42:50
118,18,2025-01-09 16:44:50,1089,2025-01-09 16:44:50
119,19,2025-01-09 16:46:50,1089,2025-01-09 16:46:50
120,20,2025-01-09 16:48:50,1089,2025-01-09 16:48:50
121,21,2025-01-09 16:51:50,1089,2025-01-09 16:51:50
122,22,2025-01-09 16:53:50,1089,2025-01-09 16:53:50
123,23,2025-01-09 16:55:50,1089,2025-01-09 16:55:50
124,24,2025-01-09 16:58:50,1089,2025-01-09 16:58:50
125,25,2025-01-09 17:00:50,1089,2025-01-09 17:00:50
126,26,2025-01-09 17:03:50,1089,2025-01-09 17:03:50
127,27,2025-01-09 17:06:50,1089,2025-01-09 17:06:50
128,28,2025-01-09 17:08:50,1089,2025-01-09 17:08:50
129,29,2025-01-09 17:10:50,1089,2025-01-09 17:10:50
130,30,2025-01-09 17:12:50,1089,2025-01-09 17:12:50
131,31,2025-01-09 17:14:50,1089,2025-01-09 17:14:50
132,32,2025-01-09 17:15:50,1089,2025-01-09 17:15:50
133,33,2025-01-09 17:18:50,1089,2025-01-09 17:18:50
134,34,2025-01-09 17:20:50,1089,2025-01-09 17:20:50
135,35,2025-01-09 17:22:50,1089,2025-01-09 17:22:50
136,36,2025-01-09 17:24:50,1089,2025-01-09 17:24:50
100,0,2025-01-09 16:13:50,1090,2025-01-09 16:13:50
101,1,2025-01-09 16:17:50,1090,2025-01-09 16:17:50
102,2,2025-01-09 16:20:50,1090,2025-01-09 16:20:50
103,3,2025-01-09 16:23:50,1090,2025-01-09 16:23:50
104,4,2025-01-09 16:27:50,1090,2025-01-09 16:27:50
105,5,2025-01-09 16:29:50,1090,2025-01-09 16:29:50
106,6,2025-01-09 16:30:50,1090,2025-01-09 16:30:50
107,7,2025-01-09 16:33:50,1090,2025-01-09 16:33:50
108,8,2025-01-09 16:35:50,1090,2025-01-09 16:35:50
109,9,2025-01-09 16:37:50,1090,2025-01-09 16:37:50
110,10,2025-01-09 16:39:50,1090,2025-01-09 16:39:50
111,11,2025-01-09 16:41:50,1090,2025-01-09 16:41:50
112,12,2025-01-09 16:43:50,1090,2025-01-09 16:43:50
113,13,2025-01-09 16:45:50,1090,2025-01-09 16:45:50
114,14,2025-01-09 16:47:50,1090,2025-01-09 16:47:50
115,15,2025-01-09 16:49:50,1090,2025-01-09 16:49:50
116,16,2025-01-09 16:51:50,1090,2025-01-09 16:51:50
117,17,2025-01-09 16:52:50,1090,2025-01-09 16:52:50
118,18,2025-01-09 16:54:50,1090,2025-01-09 16:54:50
119,19,2025-01-09 16:56:50,1090,2025-01-09 16:56:50
120,20,2025-01-09 16:58:50,1090,2025-01-09 16:58:50
121,21,2025-01-09 17:01:50,1090,2025-01-09 17:01:50
122,22,2025-01-09 17:03:50,1090,2025-01-09 17:03:50
123,23,2025-01-09 17:05:50,1090,2025-01-09 17:05:50
124,24,2025-01-09 17:08:50,1090,2025-01-09 17:08:50
125,25,2025-01-09 17:10:50,1090,2025-01-09 17:10:50
126,26,2025-01-09 17:13:50,1090,2025-01-09 17:13:50
127,27,2025-01-09 17:16:50,1090,2025-01-09 17:16:50
128,28,2025-01-09 17:18:50,1090,2025-01-09 17:18:50
129,29,2025-01-09 17:20:50,1090,2025-01-09 17:20:50
130,30,2025-01-09 17:22:50,1090,2025-01-09 17:22:50
131,31,2025-01-09 17:24:50,1090,2025-01-09 17:24:50
132,32,2025-01-09 17:25:50,1090,2025-01-09 17:25:50
133,33,2025-01-09 17:28:50,1090,2025-01-09 17:28:50
134,34,2025-01-09 17:30:50,1090,2025-01-09 17:30:50
135,35,2025-01-09 17:32:50,1090,2025-01-09 17:32:50
136,36,2025-01-09 17:34:50,1090,2025-01-09 17:34:50
100,0,2025-01-09 16:19:50,1091,2025-01-09 16:19:50
101,1,2025-01-09 16:23:50,1091,2025-01-09 16:23:50
102,2,2025-01-09 16:26:50,1091,2025-01-09 16:26:50
103,3,2025-01-09 16:29:50,1091,2025-01-09 16:29:50
104,4,2025-01-09 16:33:50,1091,2025-01-09 16:33:50
105,5,2025-01-09 16:35:50,1091,2025-01-09 16:35:50
106,6,2025-01-09 16:36:50,1091,2025-01-09 16:36:50
107,7,2025-01-09 16:39:50,1091,2025-01-09 16:39:50
108,8,2025-01-09 16:41:50,1091,2025-01-09 16:41:50
109,9,2025-01-09 16:43:50,1091,2025-01-09 16:43:50
110,10,2025-01-09 16:45:50,1091,2025-01-09 16:45:50
111,11,2025-01-09 16:47:50,1091,2025-01-09 16:47:50
112,12,2025-01-09 16:49:50,1091,2025-01-09 16:49:50
113,13,2025-01-09 16:51:50,1091,2025-01-09 16:51:50
114,14,2025-01-09 16:53:50,1091,2025-01-09 16:53:50
115,15,2025-01-09 16:55:50,1091,2025-01-09 16:55:50
116,16,2025-01-09 16:57:50,1091,2025-01-09 16:57:50
117,17,2025-01-09 16:58:50,1091,2025-01-09 16:58:50
118,18,2025-01-09 17:00:50,1091,2025-01-09 17:00:50
119,19,2025-01-09 17:02:50,1091,2025-01-09 17:02:50
120,20,2025-01-09 17:04:50,1091,2025-01-09 17:04:50
121,21,2025-01-09 17:07:50,1091,2025-01-09 17:07:50
122,22,2025-01-09 17:09:50,1091,2025-01-09 17:09:50
123,23,2025-01-09 17:11:50,1091,2025-01-09 17:11:50
124,24,2025-01-09 17:14:50,1091,2025-01-09 17:14:50
125,25,2025-01-09 17:16:50,1091,2025-01-09 17:16:50
126,26,2025-01-09 17:19:50,1091,2025-01-09 17:19:50
127,27,2025-01-09 17:22:50,1091,2025-01-09 17:22:50
128,28,2025-01-09 17:24:50,1091,2025-01-09 17:24:50
129,29,2025-01-09 17:26:50,1091,2025-01-09 17:26:50
130,30,2025-01-09 17:28:50,1091,2025-01-09 17:28:50
131,31,2025-01-09 17:30:50,1091,2025-01-09 17:30:50
132,32,2025-01-09 17:31:50,1091,2025-01-09 17:31:50
133,33,2025-01-09 17:34:50,1091,2025-01-09 17:34:50
134,34,2025-01-09 17:36:50,1091,2025-01-09 17:36:50
135,35,2025-01-09 17:38:50,1091,2025-01-09 17:38:50
136,36,2025-01-09 17:40:50,1091,2025-01-09 17:40:50
100,0,2025-01-09 16:24:50,1092,2025-01-09 16:24:50
101,1,2025-01-09 16:28:50,1092,2025-01-09 16:28:50
102,2,2025-01-09 16:31:50,1092,2025-01-09 16:31:50
103,3,2025-01-09 16:34:50,1092,2025-01-09 16:34:50
104,4,2025-01-09 16:38:50,1092,2025-01-09 16:38:50
105,5,2025-01-09 16:40:50,1092,2025-01-09 16:40:50
106,6,2025-01-09 16:41:50,1092,2025-01-09 16:41:50
107,7,2025-01-09 16:44:50,1092,2025-01-09 16:44:50
108,8,2025-01-09 16:46:50,1092,2025-01-09 16:46:50
109,9,2025-01-09 16:48:50,1092,2025-01-09 16:48:50
110,10,2025-01-09 16:50:50,1092,2025-01-09 16:50:50
111,11,2025-01-09 16:52:50,1092,2025-01-09 16:52:50
112,12,2025-01-09 16:54:50,1092,2025-01-09 16:54:50
113,13,2025-01-09 16:56:50,1092,2025-01-09 16:56:50
114,14,2025-01-09 16:58:50,1092,2025-01-09 16:58:50
115,15,2025-01-09 17:00:50,1092,2025-01-09 17:00:50
116,16,2025-01-09 17:02:50,1092,2025-01-09 17:02:50
117,17,2025-01-09 17:03:50,1092,2025-01-09 17:03:50
118,18,2025-01-09 17:05:50,1092,2025-01-09 17:05:50
119,19,2025-01-09 17:07:50,1092,2025-01-09 17:07:50
120,20,2025-01-09 17:09:50,1092,2025-01-09 17:09:50
121,21,2025-01-09 17:12:50,1092,2025-01-09 17:12:50
122,22,2025-01-09 17:14:50,1092,2025-01-09 17:14:50
123,23,2025-01-09 17:16:50,1092,2025-01-09 17:16:50
124,24,2025-01-09 17:19:50,1092,2025-01-09 17:19:50
125,25,2025-01-09 17:21:50,1092,2025-01-09 17:21:50
126,26,2025-01-09 17:24:50,1092,2025-01-09 17:24:50
127,27,2025-01-09 17:27:50,1092,2025-01-09 17:27:50
128,28,2025-01-09 17:29:50,1092,2025-01-09 17:29:50
129,29,2025-01-09 17:31:50,1092,2025-01-09 17:31:50
130,30,2025-01-09 17:33:50,1092,2025-01-09 17:33:50
131,31,2025-01-09 17:35:50,1092,2025-01-09 17:35:50
132,32,2025-01-09 17:36:50,1092,2025-01-09 17:36:50
133,33,2025-01-09 17:39:50,1092,2025-01-09 17:39:50
134,34,2025-01-09 17:41:50,1092,2025-01-09 17:41:50
135,35,2025-01-09 17:43:50,1092,2025-01-09 17:43:50
136,36,2025-01-09 17:45:50,1092,2025-01-09 17:45:50
100,0,2025-01-09 16:29:50,1093,2025-01-09 16:29:50
101,1,2025-01-09 16:33:50,1093,2025-01-09 16:33:50
102,2,2025-01-09 16:36:50,1093,2025-01-09 16:36:50
103,3,2025-01-09 16:39:50,1093,2025-01-09 16:39:50
104,4,2025-01-09 16:43:50,1093,2025-01-09 16:43:50
105,5,2025-01-09 16:45:50,1093,2025-01-09 16:45:50
106,6,2025-01-09 16:46:50,1093,2025-01-09 16:46:50
107,7,2025-01-09 16:49:50,1093,2025-01-09 16:49:50
108,8,2025-01-09 16:51:50,1093,2025-01-09 16:51:50
109,9,2025-01-09 16:53:50,1093,2025-01-09 16:53:50
110,10,2025-01-09 16:55:50,1093,2025-01-09 16:55:50
111,11,2025-01-09 16:57:50,1093,2025-01-09 16:57:50
112,12,2025-01-09 16:59:50,1093,2025-01-09 16:59:50
113,13,2025-01-09 17:01:50,1093,2025-01-09 17:01:50
114,14,2025-01-09 17:03:50,1093,2025-01-09 17:03:50
115,15,2025-01-09 17:05:50,1093,2025-01-09 17:05:50
116,16,2025-01-09 17:07:50,1093,2025-01-09 17:07:50
117,17,2025-01-09 17:08:50,1093,2025-01-09 17:08:50
118,18,2025-01-09 17:10:50,1093,2025-01-09 17:10:50
119,19,2025-01-09 17:12:50,1093,2025-01-09 17:12:50
120,20,2025-01-09 17:14:50,1093,2025-01-09 17:14:50
121,21,2025-01-09 17:17:50,1093,2025-01-09 17:17:50
122,22,2025-01-09 17:19:50,1093,2025-01-09 17:19:50
123,23,2025-01-09 17:21:50,1093,2025-01-09 17:21:50
124,24,2025-01-09 17:24:50,1093,2025-01-09 17:24:50
125,25,2025-01-09 17:26:50,1093,2025-01-09 17:26:50
126,26,2025-01-09 17:29:50,1093,2025-01-09 17:29:50
127,27,2025-01-09 17:32:50,1093,2025-01-09 17:32:50
128,28,2025-01-09 17:34:50,1093,2025-01-09 17:34:50
129,29,2025-01-09 17:36:50,1093,2025-01-09 17:36:50
130,30,2025-01-09 17:38:50,1093,2025-01-09 17:38:50
131,31,2025-01-09 17:40:50,1093,2025-01-09 17:40:50
132,32,2025-01-09 17:41:50,1093,2025-01-09 17:41:50
133,33,2025-01-09 17:44:50,1093,2025-01-09 17:44:50
134,34,2025-01-09 17:46:50,1093,2025-01-09 17:46:50
135,35,2025-01-09 17:48:50,1093,2025-01-09 17:48:50
136,36,2025-01-09 17:50:50,1093,2025-01-09 17:50:50
100,0,2025-01-09 16:34:50,1094,2025-01-09 16:34:50
101,1,2025-01-09 16:38:50,1094,2025-01-09 16:38:50
102,2,2025-01-09 16:41:50,1094,2025-01-09 16:41:50
103,3,2025-01-09 16:44:50,1094,2025-01-09 16:44:50
104,4,2025-01-09 16:48:50,1094,2025-01-09 16:48:50
105,5,2025-01-09 16:50:50,1094,2025-01-09 16:50:50
106,6,2025-01-09 16:51:50,1094,2025-01-09 16:51:50
107,7,2025-01-09 16:54:50,1094,2025-01-09 16:54:50
108,8,2025-01-09 16:56:50,1094,2025-01-09 16:56:50
109,9,2025-01-09 16:58:50,1094,2025-01-09 16:58:50
110,10,2025-01-09 17:00:50,1094,2025-01-09 17:00:50
111,11,2025-01-09 17:02:50,1094,2025-01-09 17:02:50
112,12,2025-01-09 17:04:50,1094,2025-01-09 17:04:50
113,13,2025-01-09 17:06:50,1094,2025-01-09 17:06:50
114,14,2025-01-09 17:08:50,1094,2025-01-09 17:08:50
115,15,2025-01-09 17:10:50,1094,2025-01-09 17:10:50
116,16,2025-01-09 17:12:50,1094,2025-01-09 17:12:50
117,17,2025-01-09 17:13:50,1094,2025-01-09 17:13:50
118,18,2025-01-09 17:15:50,1094,2025-01-09 17:15:50
119,19,2025-01-09 17:17:50,1094,2025-01-09 17:17:50
120,20,2025-01-09 17:19:50,1094,2025-01-09 17:19:50
121,21,2025-01-09 17:22:50,1094,2025-01-09 17:22:50
122,22,2025-01-09 17:24:50,1094,2025-01-09 17:24:50
123,23,2025-01-09 17:26:50,1094,2025-01-09 17:26:50
124,24,2025-01-09 17:29:50,1094,2025-01-09 17:29:50
125,25,2025-01-09 17:31:50,1094,2025-01-09 17:31:50
126,26,2025-01-09 17:34:50,1094,2025-01-09 17:34:50
127,27,2025-01-09 17:37:50,1094,2025-01-09 17:37:50
128,28,2025-01-09 17:39:50,1094,2025-01-09 17:39:50
129,29,2025-01-09 17:41:50,1094,2025-01-09 17:41:50
130,30,2025-01-09 17:43:50,1094,2025-01-09 17:43:50
131,31,2025-01-09 17:45:50,1094,2025-01-09 17:45:50
132,32,2025-01-09 17:46:50,1094,2025-01-09 17:46:50
133,33,2025-01-09 17:49:50,1094,2025-01-09 17:49:50
134,34,2025-01-09 17:51:50,1094,2025-01-09 17:51:50
135,35,2025-01-09 17:53:50,1094,2025-01-09 17:53:50
136,36,2025-01-09 17:55:50,1094,2025-01-09 17:55:50
100,0,2025-01-09 16:39:50,1095,2025-01-09 16:39:50
101,1,2025-01-09 16:43:50,1095,2025-01-09 16:43:50
102,2,2025-01-09 16:46:50,1095,2025-01-09 16:46:50
103,3,2025-01-09 16:49:50,1095,2025-01-09 16:49:50
104,4,2025-01-09 16:53:50,1095,2025-01-09 16:53:50
105,5,2025-01-09 16:55:50,1095,2025-01-09 16:55:50
106,6,2025-01-09 16:56:50,1095,2025-01-09 16:56:50
107,7,2025-01-09 16:59:50,1095,2025-01-09 16:59:50
108,8,2025-01-09 17:01:50,1095,2025-01-09 17:01:50
109,9,2025-01-09 17:03:50,1095,2025-01-09 17:03:50
110,10,2025-01-09 17:05:50,1095,2025-01-09 17:05:50
111,11,2025-01-09 17:07:50,1095,2025-01-09 17:07:50
112,12,2025-01-09 17:09:50,1095,2025-01-09 17:09:50
113,13,2025-01-09 17:11:50,1095,2025-01-09 17:11:50
114,14,2025-01-09 17:13:50,1095,2025-01-09 17:13:50
115,15,2025-01-09 17:15:50,1095,2025-01-09 17:15:50
116,16,2025-01-09 17:17:50,1095,2025-01-09 17:17:50
117,17,2025-01-09 17:18:50,1095,2025-01-09 17:18:50
118,18,2025-01-09 17:20:50,1095,2025-01-09 17:20:50
119,19,2025-01-09 17:22:50,1095,2025-01-09 17:22:50
120,20,2025-01-09 17:24:50,1095,2025-01-09 17:24:50
121,21,2025-01-09 17:27:50,1095,2025-01-09 17:27:50
122,22,2025-01-09 17:29:50,1095,2025-01-09 17:29:50
123,23,2025-01-09 17:31:50,1095,2025-01-09 17:31:50
124,24,2025-01-09 17:34:50,1095,2025-01-09 17:34:50
125,25,2025-01-09 17:36:50,1095,2025-01-09 17:36:50
126,26,2025-01-09 17:39:50,1095,2025-01-09 17:39:50
127,27,2025-01-09 17:42:50,1095,2025-01-09 17:42:50
128,28,2025-01-09 17:44:50,1095,2025-01-09 17:44:50
129,29,2025-01-09 17:46:50,1095,2025-01-09 17:46:50
130,30,2025-01-09 17:48:50,1095,2025-01-09 17:48:50
131,31,2025-01-09 17:50:50,1095,2025-01-09 17:50:50
132,32,2025-01-09 17:51:50,1095,2025-01-09 17:51:50
133,33,2025-01-09 17:54:50,1095,2025-01-09 17:54:50
134,34,2025-01-09 17:56:50,1095,2025-01-09 17:56:50
135,35,2025-01-09 17:58:50,1095,2025-01-09 17:58:50
136,36,2025-01-09 18:00:50,1095,2025-01-09 18:00:50
100,0,2025-01-09 16:44:50,1096,2025-01-09 16:44:50
101,1,2025-01-09 16:48:50,1096,2025-01-09 16:48:50
102,2,2025-01-09 16:51:50,1096,2025-01-09 16:51:50
103,3,2025-01-09 16:54:50,1096,2025-01-09 16:54:50
104,4,2025-01-09 16:58:50,1096,2025-01-09 16:58:50
105,5,2025-01-09 17:00:50,1096,2025-01-09 17:00:50
106,6,2025-01-09 17:01:50,1096,2025-01-09 17:01:50
107,7,2025-01-09 17:04:50,1096,2025-01-09 17:04:50
108,8,2025-01-09 17:06:50,1096,2025-01-09 17:06:50
109,9,2025-01-09 17:08:50,1096,2025-01-09 17:08:50
110,10,2025-01-09 17:10:50,1096,2025-01-09 17:10:50
111,11,2025-01-09 17:12:50,1096,2025-01-09 17:12:50
112,12,2025-01-09 17:14:50,1096,2025-01-09 17:14:50
113,13,2025-01-09 17:16:50,1096,2025-01-09 17:16:50
114,14,2025-01-09 17:18:50,1096,2025-01-09 17:18:50
115,15,2025-01-09 17:20:50,1096,2025-01-09 17:20:50
116,16,2025-01-09 17:22:50,1096,2025-01-09 17:22:50
117,17,2025-01-09 17:23:50,1096,2025-01-09 17:23:50
118,18,2025-01-09 17:25:50,1096,2025-01-09 17:25:50
119,19,2025-01-09 17:27:50,1096,2025-01-09 17:27:50
120,20,2025-01-09 17:29:50,1096,2025-01-09 17:29:50
121,21,2025-01-09 17:32:50,1096,2025-01-09 17:32:50
122,22,2025-01-09 17:34:50,1096,2025-01-09 17:34:50
123,23,2025-01-09 17:36:50,1096,2025-01-09 17:36:50
124,24,2025-01-09 17:39:50,1096,2025-01-09 17:39:50
125,25,2025-01-09 17:41:50,1096,2025-01-09 17:41:50
126,26,2025-01-09 17:44:50,1096,2025-01-09 17:44:50
127,27,2025-01-09 17:47:50,1096,2025-01-09 17:47:50
128,28,2025-01-09 17:49:50,1096,2025-01-09 17:49:50
129,29,2025-01-09 17:51:50,1096,2025-01-09 17:51:50
130,30,2025-01-09 17:53:50,1096,2025-01-09 17:53:50
131,31,2025-01-09 17:55:50,1096,2025-01-09 17:55:50
132,32,2025-01-09 17:56:50,1096,2025-01-09 17:56:50
133,33,2025-01-09 17:59:50,1096,2025-01-09 17:59:50
134,34,2025-01-09 18:01:50,1096,2025-01-09 18:01:50
135,35,2025-01-09 18:03:50,1096,2025-01-09 18:03:50
136,36,2025-01-09 18:05:50,1096,2025-01-09 18:05:50
100,0,2025-01-09 16:49:50,1097,2025-01-09 16:49:50
101,1,2025-01-09 16:53:50,1097,2025-01-09 16:53:50
102,2,2025-01-09 16:56:50,1097,2025-01-09 16:56:50
103,3,2025-01-09 16:59:50,1097,2025-01-09 16:59:50
104,4,2025-01-09 17:03:50,1097,2025-01-09 17:03:50
105,5,2025-01-09 17:05:50,1097,2025-01-09 17:05:50
106,6,2025-01-09 17:06:50,1097,2025-01-09 17:06:50
107,7,2025-01-09 17:09:50,1097,2025-01-09 17:09:50
108,8,2025-01-09 17:11:50,1097,2025-01-09 17:11:50
109,9,2025-01-09 17:13:50,1097,2025-01-09 17:13:50
110,10,2025-01-09 17:15:50,1097,2025-01-09 17:15:50
111,11,2025-01-09 17:17:50,1097,2025-01-09 17:17:50
112,12,2025-01-09 17:19:50,1097,2025-01-09 17:19:50
113,13,2025-01-09 17:21:50,1097,2025-01-09 17:21:50
114,14,2025-01-09 17:23:50,1097,2025-01-09 17:23:50
115,15,2025-01-09 17:25:50,1097,2025-01-09 17:25:50
116,16,2025-01-09 17:27:50,1097,2025-01-09 17:27:50
117,17,2025-01-09 17:28:50,1097,2025-01-09 17:28:50
118,18,2025-01-09 17:30:50,1097,2025-01-09 17:30:50
119,19,2025-01-09 17:32:50,1097,2025-01-09 17:32:50
120,20,2025-01-09 17:34:50,1097,2025-01-09 17:34:50
121,21,2025-01-09 17:37:50,1097,2025-01-09 17:37:50
122,22,2025-01-09 17:39:50,1097,2025-01-09 17:39:50
123,23,2025-01-09 17:41:50,1097,2025-01-09 17:41:50
124,24,2025-01-09 17:44:50,1097,2025-01-09 17:44:50
125,25,2025-01-09 17:46:50,1097,2025-01-09 17:46:50
126,26,2025-01-09 17:49:50,1097,2025-01-09 17:49:50
127,27,2025-01-09 17:52:50,1097,2025-01-09 17:52:50
128,28,2025-01-09 17:54:50,1097,2025-01-09 17:54:50
129,29,2025-01-09 17:56:50,1097,2025-01-09 17:56:50
130,30,2025-01-09 17:58:50,1097,2025-01-09 17:58:50
131,31,2025-01-09 18:00:50,1097,2025-01-09 18:00:50
132,32,2025-01-09 18:01:50,1097,2025-01-09 18:01:50
133,33,2025-01-09 18:04:50,1097,2025-01-09 18:04:50
134,34,2025-01-09 18:06:50,1097,2025-01-09 18:06:50
135,35,2025-01-09 18:08:50,1097,2025-01-09 18:08:50
136,36,2025-01-09 18:10:50,1097,2025-01-09 18:10:50
100,0,2025-01-09 16:54:50,1098,2025-01-09 16:54:50
101,1,2025-01-09 16:58:50,1098,2025-01-09 16:58:50
102,2,2025-01-09 17:01:50,1098,2025-01-09 17:01:50
103,3,2025-01-09 17:04:50,1098,2025-01-09 17:04:50
104,4,2025-01-09 17:08:50,1098,2025-01-09 17:08:50
105,5,2025-01-09 17:10:50,1098,2025-01-09 17:10:50
106,6,2025-01-09 17:11:50,1098,2025-01-09 17:11:50
107,7,2025-01-09 17:14:50,1098,2025-01-09 17:14:50
108,8,2025-01-09 17:16:50,1098,2025-01-09 17:16:50
109,9,2025-01-09 17:18:50,1098,2025-01-09 17:18:50
110,10,2025-01-09 17:20:50,1098,2025-01-09 17:20:50
111,11,2025-01-09 17:22:50,1098,2025-01-09 17:22:50
112,12,2025-01-09 17:24:50,1098,2025-01-09 17:24:50
113,13,2025-01-09 17:26:50,1098,2025-01-09 17:26:50
114,14,2025-01-09 17:28:50,1098,2025-01-09 17:28:50
115,15,2025-01-09 17:30:50,1098,2025-01-09 17:30:50
116,16,2025-01-09 17:32:50,1098,2025-01-09 17:32:50
117,17,2025-01-09 17:33:50,1098,2025-01-09 17:33:50
118,18,2025-01-09 17:35:50,1098,2025-01-09 17:35:50
119,19,2025-01-09 17:37:50,1098,2025-01-09 17:37:50
120,20,2025-01-09 17:39:50,1098,2025-01-09 17:39:50
121,21,2025-01-09 17:42:50,1098,2025-01-09 17:42:50
122,22,2025-01-09 17:44:50,1098,2025-01-09 17:44:50
123,23,2025-01-09 17:46:50,1098,2025-01-09 17:46:50
124,24,2025-01-09 17:49:50,1098,2025-01-09 17:49:50
125,25,2025-01-09 17:51:50,1098,2025-01-09 17:51:50
126,26,2025-01-09 17:54:50,1098,2025-01-09 17:54:50
127,27,2025-01-09 17:57:50,1098,2025-01-09 17:57:50
128,28,2025-01-09 17:59:50,1098,2025-01-09 17:59:50
129,29,2025-01-09 18:01:50,1098,2025-01-09 18:01:50
130,30,2025-01-09 18:03:50,1098,2025-01-09 18:03:50
131,31,2025-01-09 18:05:50,1098,2025-01-09 18:05:50
132,32,2025-01-09 18:06:50,1098,2025-01-09 18:06:50
133,33,2025-01-09 18:09:50,1098,2025-01-09 18:09:50
134,34,2025-01-09 18:11:50,1098,2025-01-09 18:11:50
135,35,2025-01-09 18:13:50,1098,2025-01-09 18:13:50
136,36,2025-01-09 18:15:50,1098,2025-01-09 18:15:50
100,0,2025-01-09 16:59:50,1099,2025-01-09 16:59:50
101,1,2025-01-09 17:03:50,1099,2025-01-09 17:03:50
102,2,2025-01-09 17:06:50,1099,2025-01-09 17:06:50
103,3,2025-01-09 17:09:50,1099,2025-01-09 17:09:50
104,4,2025-01-09 17:13:50,1099,2025-01-09 17:13:50
105,5,2025-01-09 17:15:50,1099,2025-01-09 17:15:50
106,6,2025-01-09 17:16:50,1099,2025-01-09 17:16:50
107,7,2025-01-09 17:19:50,1099,2025-01-09 17:19:50
108,8,2025-01-09 17:21:50,1099,2025-01-09 17:21:50
109,9,2025-01-09 17:23:50,1099,2025-01-09 17:23:50
110,10,2025-01-09 17:25:50,1099,2025-01-09 17:25:50
111,11,2025-01-09 17:27:50,1099,2025-01-09 17:27:50
112,12,2025-01-09 17:29:50,1099,2025-01-09 17:29:50
113,13,2025-01-09 17:31:50,1099,2025-01-09 17:31:50
114,14,2025-01-09 17:33:50,1099,2025-01-09 17:33:50
115,15,2025-01-09 17:35:50,1099,2025-01-09 17:35:50
116,16,2025-01-09 17:37:50,1099,2025-01-09 17:37:50
117,17,2025-01-09 17:38:50,1099,2025-01-09 17:38:50
118,18,2025-01-09 17:40:50,1099,2025-01-09 17:40:50
119,19,2025-01-09 17:42:50,1099,2025-01-09 17:42:50
120,20,2025-01-09 17:44:50,1099,2025-01-09 17:44:50
121,21,2025-01-09 17:47:50,1099,2025-01-09 17:47:50
122,22,2025-01-09 17:49:50,1099,2025-01-09 17:49:50
123,23,2025-01-09 17:51:50,1099,2025-01-09 17:51:50
124,24,2025-01-09 17:54:50,1099,2025-01-09 17:54:50
125,25,2025-01-09 17:56:50,1099,2025-01-09 17:56:50
126,26,2025-01-09 17:59:50,1099,2025-01-09 17:59:50
127,27,2025-01-09 18:02:50,1099,2025-01-09 18:02:50
128,28,2025-01-09 18:04:50,1099,2025-01-09 18:04:50
129,29,2025-01-09 18:06:50,1099,2025-01-09 18:06:50
130,30,2025-01-09 18:08:50,1099,2025-01-09 18:08:50
131,31,2025-01-09 18:10:50,1099,2025-01-09 18:10:50
132,32,2025-01-09 18:11:50,1099,2025-01-09 18:11:50
133,33,2025-01-09 18:14:50,1099,2025-01-09 18:14:50
134,34,2025-01-09 18:16:50,1099,2025-01-09 18:16:50
135,35,2025-01-09 18:18:50,1099,2025-01-09 18:18:50
136,36,2025-01-09 18:20:50,1099,2025-01-09 18:20:50
100,0,2025-01-09 17:04:50,1100,2025-01-09 17:04:50
101,1,2025-01-09 17:08:50,1100,2025-01-09 17:08:50
102,2,2025-01-09 17:11:50,1100,2025-01-09 17:11:50
103,3,2025-01-09 17:14:50,1100,2025-01-09 17:14:50
104,4,2025-01-09 17:18:50,1100,2025-01-09 17:18:50
105,5,2025-01-09 17:20:50,1100,2025-01-09 17:20:50
106,6,2025-01-09 17:21:50,1100,2025-01-09 17:21:50
107,7,2025-01-09 17:24:50,1100,2025-01-09 17:24:50
108,8,2025-01-09 17:26:50,1100,2025-01-09 17:26:50
109,9,2025-01-09 17:28:50,1100,2025-01-09 17:28:50
110,10,2025-01-09 17:30:50,1100,2025-01-09 17:30:50
111,11,2025-01-09 17:32:50,1100,2025-01-09 17:32:50
112,12,2025-01-09 17:34:50,1100,2025-01-09 17:34:50
113,13,2025-01-09 17:36:50,1100,2025-01-09 17:36:50
114,14,2025-01-09 17:38:50,1100,2025-01-09 17:38:50
115,15,2025-01-09 17:40:50,1100,2025-01-09 17:40:50
116,16,2025-01-09 17:42:50,1100,2025-01-09 17:42:50
117,17,2025-01-09 17:43:50,1100,2025-01-09 17:43:50
118,18,2025-01-09 17:45:50,1100,2025-01-09 17:45:50
119,19,2025-01-09 17:47:50,1100,2025-01-09 17:47:50
120,20,2025-01-09 17:49:50,1100,2025-01-09 17:49:50
121,21,2025-01-09 17:52:50,1100,2025-01-09 17:52:50
122,22,2025-01-09 17:54:50,1100,2025-01-09 17:54:50
123,23,2025-01-09 17:56:50,1100,2025-01-09 17:56:50
124,24,2025-01-09 17:59:50,1100,2025-01-09 17:59:50
125,25,2025-01-09 18:01:50,1100,2025-01-09 18:01:50
126,26,2025-01-09 18:04:50,1100,2025-01-09 18:04:50
127,27,2025-01-09 18:07:50,1100,2025-01-09 18:07:50
128,28,2025-01-09 18:09:50,1100,2025-01-09 18:09:50
129,29,2025-01-09 18:11:50,1100,2025-01-09 18:11:50
130,30,2025-01-09 18:13:50,1100,2025-01-09 18:13:50
131,31,2025-01-09 18:15:50,1100,2025-01-09 18:15:50
132,32,2025-01-09 18:16:50,1100,2025-01-09 18:16:50
133,33,2025-01-09 18:19:50,1100,2025-01-09 18:19:50
134,34,2025-01-09 18:21:50,1100,2025-01-09 18:21:50
135,35,2025-01-09 18:23:50,1100,2025-01-09 18:23:50
136,36,2025-01-09 18:25:50,1100,2025-01-09 18:25:50
100,0,2025-01-09 17:09:50,1101,2025-01-09 17:09:50
101,1,2025-01-09 17:13:50,1101,2025-01-09 17:13:50
102,2,2025-01-09 17:16:50,1101,2025-01-09 17:16:50
103,3,2025-01-09 17:19:50,1101,2025-01-09 17:19:50
104,4,2025-01-09 17:23:50,1101,2025-01-09 17:23:50
105,5,2025-01-09 17:25:50,1101,2025-01-09 17:25:50
106,6,2025-01-09 17:26:50,1101,2025-01-09 17:26:50
107,7,2025-01-09 17:29:50,1101,2025-01-09 17:29:50
108,8,2025-01-09 17:31:50,1101,2025-01-09 17:31:50
109,9,2025-01-09 17:33:50,1101,2025-01-09 17:33:50
110,10,2025-01-09 17:35:50,1101,2025-01-09 17:35:50
111,11,2025-01-09 17:37:50,1101,2025-01-09 17:37:50
112,12,2025-01-09 17:39:50,1101,2025-01-09 17:39:50
113,13,2025-01-09 17:41:50,1101,2025-01-09 17:41:50
114,14,2025-01-09 17:43:50,1101,2025-01-09 17:43:50
115,15,2025-01-09 17:45:50,1101,2025-01-09 17:45:50
116,16,2025-01-09 17:47:50,1101,2025-01-09 17:47:50
117,17,2025-01-09 17:48:50,1101,2025-01-09 17:48:50
118,18,2025-01-09 17:50:50,1101,2025-01-09 17:50:50
119,19,2025-01-09 17:52:50,1101,2025-01-09 17:52:50
120,20,2025-01-09 17:54:50,1101,2025-01-09 17:54:50
121,21,2025-01-09 17:57:50,1101,2025-01-09 17:57:50
122,22,2025-01-09 17:59:50,1101,2025-01-09 17:59:50
123,23,2025-01-09 18:01:50,1101,2025-01-09 18:01:50
124,24,2025-01-09 18:04:50,1101,2025-01-09 18:04:50
125,25,2025-01-09 18:06:50,1101,2025-01-09 18:06:50
126,26,2025-01-09 18:09:50,1101,2025-01-09 18:09:50
127,27,2025-01-09 18:12:50,1101,2025-01-09 18:12:50
128,28,2025-01-09 18:14:50,1101,2025-01-09 18:14:50
129,29,2025-01-09 18:16:50,1101,2025-01-09 18:16:50
130,30,2025-01-09 18:18:50,1101,2025-01-09 18:18:50
131,31,2025-01-09 18:20:50,1101,2025-01-09 18:20:50
132,32,2025-01-09 18:21:50,1101,2025-01-09 18:21:50
133,33,2025-01-09 18:24:50,1101,2025-01-09 18:24:50
134,34,2025-01-09 18:26:50,1101,2025-01-09 18:26:50
135,35,2025-01-09 18:28:50,1101,2025-01-09 18:28:50
136,36,2025-01-09 18:30:50,1101,2025-01-09 18:30:50
100,0,2025-01-09 17:14:50,1102,2025-01-09 17:14:50
101,1,2025-01-09 17:18:50,1102,2025-01-09 17:18:50
102,2,2025-01-09 17:21:50,1102,2025-01-09 17:21:50
103,3,2025-01-09 17:24:50,1102,2025-01-09 17:24:50
104,4,2025-01-09 17:28:50,1102,2025-01-09 17:28:50
105,5,2025-01-09 17:30:50,1102,2025-01-09 17:30:50
106,6,2025-01-09 17:31:50,1102,2025-01-09 17:31:50
107,7,2025-01-09 17:34:50,1102,2025-01-09 17:34:50
108,8,2025-01-09 17:36:50,1102,2025-01-09 17:36:50
109,9,2025-01-09 17:38:50,1102,2025-01-09 17:38:50
110,10,2025-01-09 17:40:50,1102,2025-01-09 17:40:50
111,11,2025-01-09 17:42:50,1102,2025-01-09 17:42:50
112,12,2025-01-09 17:44:50,1102,2025-01-09 17:44:50
113,13,2025-01-09 17:46:50,1102,2025-01-09 17:46:50
114,14,2025-01-09 17:48:50,1102,2025-01-09 17:48:50
115,15,2025-01-09 17:50:50,1102,2025-01-09 17:50:50
116,16,2025-01-09 17:52:50,1102,2025-01-09 17:52:50
117,17,2025-01-09 17:53:50,1102,2025-01-09 17:53:50
118,18,2025-01-09 17:55:50,1102,2025-01-09 17:55:50
119,19,2025-01-09 17:57:50,1102,2025-01-09 17:57:50
120,20,2025-01-09 17:59:50,1102,2025-01-09 17:59:50
121,21,2025-01-09 18:02:50,1102,2025-01-09 18:02:50
122,22,2025-01-09 18:04:50,1102,2025-01-09 18:04:50
123,23,2025-01-09 18:06:50,1102,2025-01-09 18:06:50
124,24,2025-01-09 18:09:50,1102,2025-01-09 18:09:50
125,25,2025-01-09 18:11:50,1102,2025-01-09 18:11:50
126,26,2025-01-09 18:14:50,1102,2025-01-09 18:14:50
127,27,2025-01-09 18:17:50,1102,2025-01-09 18:17:50
128,28,2025-01-09 18:19:50,1102,2025-01-09 18:19:50
129,29,2025-01-09 18:21:50,1102,2025-01-09 18:21:50
130,30,2025-01-09 18:23:50,1102,2025-01-09 18:23:50
131,31,2025-01-09 18:25:50,1102,2025-01-09 18:25:50
132,32,2025-01-09 18:26:50,1102,2025-01-09 18:26:50
133,33,2025-01-09 18:29:50,1102,2025-01-09 18:29:50
134,34,2025-01-09 18:31:50,1102,2025-01-09 18:31:50
135,35,2025-01-09 18:33:50,1102,2025-01-09 18:33:50
136,36,2025-01-09 18:35:50,1102,2025-01-09 18:35:50
100,0,2025-01-09 17:19:20,1103,2025-01-09 17:19:20
101,1,2025-01-09 17:23:20,1103,2025-01-09 17:23:20
102,2,2025-01-09 17:26:20,1103,2025-01-09 17:26:20
103,3,2025-01-09 17:29:20,1103,2025-01-09 17:29:20
104,4,2025-01-09 17:33:20,1103,2025-01-09 17:33:20
105,5,2025-01-09 17:35:20,1103,2025-01-09 17:35:20
106,6,2025-01-09 17:36:20,1103,2025-01-09 17:36:20
107,7,2025-01-09 17:39:20,1103,2025-01-09 17:39:20
108,8,2025-01-09 17:41:20,1103,2025-01-09 17:41:20
109,9,2025-01-09 17:43:20,1103,2025-01-09 17:43:20
110,10,2025-01-09 17:45:20,1103,2025-01-09 17:45:20
111,11,2025-01-09 17:47:20,1103,2025-01-09 17:47:20
112,12,2025-01-09 17:49:20,1103,2025-01-09 17:49:20
113,13,2025-01-09 17:51:20,1103,2025-01-09 17:51:20
114,14,2025-01-09 17:53:20,1103,2025-01-09 17:53:20
115,15,2025-01-09 17:55:20,1103,2025-01-09 17:55:20
116,16,2025-01-09 17:57:20,1103,2025-01-09 17:57:20
117,17,2025-01-09 17:58:20,1103,2025-01-09 17:58:20
118,18,2025-01-09 18:00:20,1103,2025-01-09 18:00:20
119,19,2025-01-09 18:02:20,1103,2025-01-09 18:02:20
120,20,2025-01-09 18:04:20,1103,2025-01-09 18:04:20
121,21,2025-01-09 18:07:20,1103,2025-01-09 18:07:20
122,22,2025-01-09 18:09:20,1103,2025-01-09 18:09:20
123,23,2025-01-09 18:11:20,1103,2025-01-09 18:11:20
124,24,2025-01-09 18:14:20,1103,2025-01-09 18:14:20
125,25,2025-01-09 18:16:20,1103,2025-01-09 18:16:20
126,26,2025-01-09 18:19:20,1103,2025-01-09 18:19:20
127,27,2025-01-09 18:22:20,1103,2025-01-09 18:22:20
128,28,2025-01-09 18:24:20,1103,2025-01-09 18:24:20
129,29,2025-01-09 18:26:20,1103,2025-01-09 18:26:20
130,30,2025-01-09 18:28:20,1103,2025-01-09 18:28:20
131,31,2025-01-09 18:30:20,1103,2025-01-09 18:30:20
132,32,2025-01-09 18:31:20,1103,2025-01-09 18:31:20
133,33,2025-01-09 18:34:20,1103,2025-01-09 18:34:20
134,34,2025-01-09 18:36:20,1103,2025-01-09 18:36:20
135,35,2025-01-09 18:38:20,1103,2025-01-09 18:38:20
136,36,2025-01-09 18:40:20,1103,2025-01-09 18:40:20
100,0,2025-01-09 17:23:50,1104,2025-01-09 17:23:50
101,1,2025-01-09 17:27:50,1104,2025-01-09 17:27:50
102,2,2025-01-09 17:30:50,1104,2025-01-09 17:30:50
103,3,2025-01-09 17:33:50,1104,2025-01-09 17:33:50
104,4,2025-01-09 17:37:50,1104,2025-01-09 17:37:50
105,5,2025-01-09 17:39:50,1104,2025-01-09 17:39:50
106,6,2025-01-09 17:40:50,1104,2025-01-09 17:40:50
107,7,2025-01-09 17:43:50,1104,2025-01-09 17:43:50
108,8,2025-01-09 17:45:50,1104,2025-01-09 17:45:50
109,9,2025-01-09 17:47:50,1104,2025-01-09 17:47:50
110,10,2025-01-09 17:49:50,1104,2025-01-09 17:49:50
111,11,2025-01-09 17:51:50,1104,2025-01-09 17:51:50
112,12,2025-01-09 17:53:50,1104,2025-01-09 17:53:50
113,13,2025-01-09 17:55:50,1104,2025-01-09 17:55:50
114,14,2025-01-09 17:57:50,1104,2025-01-09 17:57:50
115,15,2025-01-09 17:59:50,1104,2025-01-09 17:59:50
116,16,2025-01-09 18:01:50,1104,2025-01-09 18:01:50
117,17,2025-01-09 18:02:50,1104,2025-01-09 18:02:50
118,18,2025-01-09 18:04:50,1104,2025-01-09 18:04:50
119,19,2025-01-09 18:06:50,1104,2025-01-09 18:06:50
120,20,2025-01-09 18:08:50,1104,2025-01-09 18:08:50
121,21,2025-01-09 18:11:50,1104,2025-01-09 18:11:50
122,22,2025-01-09 18:13:50,1104,2025-01-09 18:13:50
123,23,2025-01-09 18:15:50,1104,2025-01-09 18:15:50
124,24,2025-01-09 18:18:50,1104,2025-01-09 18:18:50
125,25,2025-01-09 18:20:50,1104,2025-01-09 18:20:50
126,26,2025-01-09 18:23:50,1104,2025-01-09 18:23:50
127,27,2025-01-09 18:26:50,1104,2025-01-09 18:26:50
128,28,2025-01-09 18:28:50,1104,2025-01-09 18:28:50
129,29,2025-01-09 18:30:50,1104,2025-01-09 18:30:50
130,30,2025-01-09 18:32:50,1104,2025-01-09 18:32:50
131,31,2025-01-09 18:34:50,1104,2025-01-09 18:34:50
132,32,2025-01-09 18:35:50,1104,2025-01-09 18:35:50
133,33,2025-01-09 18:38:50,1104,2025-01-09 18:38:50
134,34,2025-01-09 18:40:50,1104,2025-01-09 18:40:50
135,35,2025-01-09 18:42:50,1104,2025-01-09 18:42:50
136,36,2025-01-09 18:44:50,1104,2025-01-09 18:44:50
100,0,2025-01-09 17:28:20,1105,2025-01-09 17:28:20
101,1,2025-01-09 17:32:20,1105,2025-01-09 17:32:20
102,2,2025-01-09 17:35:20,1105,2025-01-09 17:35:20
103,3,2025-01-09 17:38:20,1105,2025-01-09 17:38:20
104,4,2025-01-09 17:42:20,1105,2025-01-09 17:42:20
105,5,2025-01-09 17:44:20,1105,2025-01-09 17:44:20
106,6,2025-01-09 17:45:20,1105,2025-01-09 17:45:20
107,7,2025-01-09 17:48:20,1105,2025-01-09 17:48:20
108,8,2025-01-09 17:50:20,1105,2025-01-09 17:50:20
109,9,2025-01-09 17:52:20,1105,2025-01-09 17:52:20
110,10,2025-01-09 17:54:20,1105,2025-01-09 17:54:20
111,11,2025-01-09 17:56:20,1105,2025-01-09 17:56:20
112,12,2025-01-09 17:58:20,1105,2025-01-09 17:58:20
113,13,2025-01-09 18:00:20,1105,2025-01-09 18:00:20
114,14,2025-01-09 18:02:20,1105,2025-01-09 18:02:20
115,15,2025-01-09 18:04:20,1105,2025-01-09 18:04:20
116,16,2025-01-09 18:06:20,1105,2025-01-09 18:06:20
117,17,2025-01-09 18:07:20,1105,2025-01-09 18:07:20
118,18,2025-01-09 18:09:20,1105,2025-01-09 18:09:20
119,19,2025-01-09 18:11:20,1105,2025-01-09 18:11:20
120,20,2025-01-09 18:13:20,1105,2025-01-09 18:13:20
121,21,2025-01-09 18:16:20,1105,2025-01-09 18:16:20
122,22,2025-01-09 18:18:20,1105,2025-01-09 18:18:20
123,23,2025-01-09 18:20:20,1105,2025-01-09 18:20:20
124,24,2025-01-09 18:23:20,1105,2025-01-09 18:23:20
125,25,2025-01-09 18:25:20,1105,2025-01-09 18:25:20
126,26,2025-01-09 18:28:20,1105,2025-01-09 18:28:20
127,27,2025-01-09 18:31:20,1105,2025-01-09 18:31:20
128,28,2025-01-09 18:33:20,1105,2025-01-09 18:33:20
129,29,2025-01-09 18:35:20,1105,2025-01-09 18:35:20
130,30,2025-01-09 18:37:20,1105,2025-01-09 18:37:20
131,31,2025-01-09 18:39:20,1105,2025-01-09 18:39:20
132,32,2025-01-09 18:40:20,1105,2025-01-09 18:40:20
133,33,2025-01-09 18:43:20,1105,2025-01-09 18:43:20
134,34,2025-01-09 18:45:20,1105,2025-01-09 18:45:20
135,35,2025-01-09 18:47:20,1105,2025-01-09 18:47:20
136,36,2025-01-09 18:49:20,1105,2025-01-09 18:49:20
100,0,2025-01-09 17:32:50,1106,2025-01-09 17:32:50
101,1,2025-01-09 17:36:50,1106,2025-01-09 17:36:50
102,2,2025-01-09 17:39:50,1106,2025-01-09 17:39:50
103,3,2025-01-09 17:42:50,1106,2025-01-09 17:42:50
104,4,2025-01-09 17:46:50,1106,2025-01-09 17:46:50
105,5,2025-01-09 17:48:50,1106,2025-01-09 17:48:50
106,6,2025-01-09 17:49:50,1106,2025-01-09 17:49:50
107,7,2025-01-09 17:52:50,1106,2025-01-09 17:52:50
108,8,2025-01-09 17:54:50,1106,2025-01-09 17:54:50
109,9,2025-01-09 17:56:50,1106,2025-01-09 17:56:50
110,10,2025-01-09 17:58:50,1106,2025-01-09 17:58:50
111,11,2025-01-09 18:00:50,1106,2025-01-09 18:00:50
112,12,2025-01-09 18:02:50,1106,2025-01-09 18:02:50
113,13,2025-01-09 18:04:50,1106,2025-01-09 18:04:50
114,14,2025-01-09 18:06:50,1106,2025-01-09 18:06:50
115,15,2025-01-09 18:08:50,1106,2025-01-09 18:08:50
116,16,2025-01-09 18:10:50,1106,2025-01-09 18:10:50
117,17,2025-01-09 18:11:50,1106,2025-01-09 18:11:50
118,18,2025-01-09 18:13:50,1106,2025-01-09 18:13:50
119,19,2025-01-09 18:15:50,1106,2025-01-09 18:15:50
120,20,2025-01-09 18:17:50,1106,2025-01-09 18:17:50
121,21,2025-01-09 18:20:50,1106,2025-01-09 18:20:50
122,22,2025-01-09 18:22:50,1106,2025-01-09 18:22:50
123,23,2025-01-09 18:24:50,1106,2025-01-09 18:24:50
124,24,2025-01-09 18:27:50,1106,2025-01-09 18:27:50
125,25,2025-01-09 18:29:50,1106,2025-01-09 18:29:50
126,26,2025-01-09 18:32:50,1106,2025-01-09 18:32:50
127,27,2025-01-09 18:35:50,1106,2025-01-09 18:35:50
128,28,2025-01-09 18:37:50,1106,2025-01-09 18:37:50
129,29,2025-01-09 18:39:50,1106,2025-01-09 18:39:50
130,30,2025-01-09 18:41:50,1106,2025-01-09 18:41:50
131,31,2025-01-09 18:43:50,1106,2025-01-09 18:43:50
132,32,2025-01-09 18:44:50,1106,2025-01-09 18:44:50
133,33,2025-01-09 18:47:50,1106,2025-01-09 18:47:50
134,34,2025-01-09 18:49:50,1106,2025-01-09 18:49:50
135,35,2025-01-09 18:51:50,1106,2025-01-09 18:51:50
136,36,2025-01-09 18:53:50,1106,2025-01-09 18:53:50
100,0,2025-01-09 17:37:20,1107,2025-01-09 17:37:20
101,1,2025-01-09 17:41:20,1107,2025-01-09 17:41:20
102,2,2025-01-09 17:44:20,1107,2025-01-09 17:44:20
103,3,2025-01-09 17:47:20,1107,2025-01-09 17:47:20
104,4,2025-01-09 17:51:20,1107,2025-01-09 17:51:20
105,5,2025-01-09 17:53:20,1107,2025-01-09 17:53:20
106,6,2025-01-09 17:54:20,1107,2025-01-09 17:54:20
107,7,2025-01-09 17:57:20,1107,2025-01-09 17:57:20
108,8,2025-01-09 17:59:20,1107,2025-01-09 17:59:20
109,9,2025-01-09 18:01:20,1107,2025-01-09 18:01:20
110,10,2025-01-09 18:03:20,1107,2025-01-09 18:03:20
111,11,2025-01-09 18:05:20,1107,2025-01-09 18:05:20
112,12,2025-01-09 18:07:20,1107,2025-01-09 18:07:20
113,13,2025-01-09 18:09:20,1107,2025-01-09 18:09:20
114,14,2025-01-09 18:11:20,1107,2025-01-09 18:11:20
115,15,2025-01-09 18:13:20,1107,2025-01-09 18:13:20
116,16,2025-01-09 18:15:20,1107,2025-01-09 18:15:20
117,17,2025-01-09 18:16:20,1107,2025-01-09 18:16:20
118,18,2025-01-09 18:18:20,1107,2025-01-09 18:18:20
119,19,2025-01-09 18:20:20,1107,2025-01-09 18:20:20
120,20,2025-01-09 18:22:20,1107,2025-01-09 18:22:20
121,21,2025-01-09 18:25:20,1107,2025-01-09 18:25:20
122,22,2025-01-09 18:27:20,1107,2025-01-09 18:27:20
123,23,2025-01-09 18:29:20,1107,2025-01-09 18:29:20
124,24,2025-01-09 18:32:20,1107,2025-01-09 18:32:20
125,25,2025-01-09 18:34:20,1107,2025-01-09 18:34:20
126,26,2025-01-09 18:37:20,1107,2025-01-09 18:37:20
127,27,2025-01-09 18:40:20,1107,2025-01-09 18:40:20
128,28,2025-01-09 18:42:20,1107,2025-01-09 18:42:20
129,29,2025-01-09 18:44:20,1107,2025-01-09 18:44:20
130,30,2025-01-09 18:46:20,1107,2025-01-09 18:46:20
131,31,2025-01-09 18:48:20,1107,2025-01-09 18:48:20
132,32,2025-01-09 18:49:20,1107,2025-01-09 18:49:20
133,33,2025-01-09 18:52:20,1107,2025-01-09 18:52:20
134,34,2025-01-09 18:54:20,1107,2025-01-09 18:54:20
135,35,2025-01-09 18:56:20,1107,2025-01-09 18:56:20
136,36,2025-01-09 18:58:20,1107,2025-01-09 18:58:20
100,0,2025-01-09 17:41:50,1108,2025-01-09 17:41:50
101,1,2025-01-09 17:45:50,1108,2025-01-09 17:45:50
102,2,2025-01-09 17:48:50,1108,2025-01-09 17:48:50
103,3,2025-01-09 17:51:50,1108,2025-01-09 17:51:50
104,4,2025-01-09 17:55:50,1108,2025-01-09 17:55:50
105,5,2025-01-09 17:57:50,1108,2025-01-09 17:57:50
106,6,2025-01-09 17:58:50,1108,2025-01-09 17:58:50
107,7,2025-01-09 18:01:50,1108,2025-01-09 18:01:50
108,8,2025-01-09 18:03:50,1108,2025-01-09 18:03:50
109,9,2025-01-09 18:05:50,1108,2025-01-09 18:05:50
110,10,2025-01-09 18:07:50,1108,2025-01-09 18:07:50
111,11,2025-01-09 18:09:50,1108,2025-01-09 18:09:50
112,12,2025-01-09 18:11:50,1108,2025-01-09 18:11:50
113,13,2025-01-09 18:13:50,1108,2025-01-09 18:13:50
114,14,2025-01-09 18:15:50,1108,2025-01-09 18:15:50
115,15,2025-01-09 18:17:50,1108,2025-01-09 18:17:50
116,16,2025-01-09 18:19:50,1108,2025-01-09 18:19:50
117,17,2025-01-09 18:20:50,1108,2025-01-09 18:20:50
118,18,2025-01-09 18:22:50,1108,2025-01-09 18:22:50
119,19,2025-01-09 18:24:50,1108,2025-01-09 18:24:50
120,20,2025-01-09 18:26:50,1108,2025-01-09 18:26:50
121,21,2025-01-09 18:29:50,1108,2025-01-09 18:29:50
122,22,2025-01-09 18:31:50,1108,2025-01-09 18:31:50
123,23,2025-01-09 18:33:50,1108,2025-01-09 18:33:50
124,24,2025-01-09 18:36:50,1108,2025-01-09 18:36:50
125,25,2025-01-09 18:38:50,1108,2025-01-09 18:38:50
126,26,2025-01-09 18:41:50,1108,2025-01-09 18:41:50
127,27,2025-01-09 18:44:50,1108,2025-01-09 18:44:50
128,28,2025-01-09 18:46:50,1108,2025-01-09 18:46:50
129,29,2025-01-09 18:48:50,1108,2025-01-09 18:48:50
130,30,2025-01-09 18:50:50,1108,2025-01-09 18:50:50
131,31,2025-01-09 18:52:50,1108,2025-01-09 18:52:50
132,32,2025-01-09 18:53:50,1108,2025-01-09 18:53:50
133,33,2025-01-09 18:56:50,1108,2025-01-09 18:56:50
134,34,2025-01-09 18:58:50,1108,2025-01-09 18:58:50
135,35,2025-01-09 19:00:50,1108,2025-01-09 19:00:50
136,36,2025-01-09 19:02:50,1108,2025-01-09 19:02:50
100,0,2025-01-09 17:46:20,1109,2025-01-09 17:46:20
101,1,2025-01-09 17:50:20,1109,2025-01-09 17:50:20
102,2,2025-01-09 17:53:20,1109,2025-01-09 17:53:20
103,3,2025-01-09 17:56:20,1109,2025-01-09 17:56:20
104,4,2025-01-09 18:00:20,1109,2025-01-09 18:00:20
105,5,2025-01-09 18:02:20,1109,2025-01-09 18:02:20
106,6,2025-01-09 18:03:20,1109,2025-01-09 18:03:20
107,7,2025-01-09 18:06:20,1109,2025-01-09 18:06:20
108,8,2025-01-09 18:08:20,1109,2025-01-09 18:08:20
109,9,2025-01-09 18:10:20,1109,2025-01-09 18:10:20
110,10,2025-01-09 18:12:20,1109,2025-01-09 18:12:20
111,11,2025-01-09 18:14:20,1109,2025-01-09 18:14:20
112,12,2025-01-09 18:16:20,1109,2025-01-09 18:16:20
113,13,2025-01-09 18:18:20,1109,2025-01-09 18:18:20
114,14,2025-01-09 18:20:20,1109,2025-01-09 18:20:20
115,15,2025-01-09 18:22:20,1109,2025-01-09 18:22:20
116,16,2025-01-09 18:24:20,1109,2025-01-09 18:24:20
117,17,2025-01-09 18:25:20,1109,2025-01-09 18:25:20
118,18,2025-01-09 18:27:20,1109,2025-01-09 18:27:20
119,19,2025-01-09 18:29:20,1109,2025-01-09 18:29:20
120,20,2025-01-09 18:31:20,1109,2025-01-09 18:31:20
121,21,2025-01-09 18:34:20,1109,2025-01-09 18:34:20
122,22,2025-01-09 18:36:20,1109,2025-01-09 18:36:20
123,23,2025-01-09 18:38:20,1109,2025-01-09 18:38:20
124,24,2025-01-09 18:41:20,1109,2025-01-09 18:41:20
125,25,2025-01-09 18:43:20,1109,2025-01-09 18:43:20
126,26,2025-01-09 18:46:20,1109,2025-01-09 18:46:20
127,27,2025-01-09 18:49:20,1109,2025-01-09 18:49:20
128,28,2025-01-09 18:51:20,1109,2025-01-09 18:51:20
129,29,2025-01-09 18:53:20,1109,2025-01-09 18:53:20
130,30,2025-01-09 18:55:20,1109,2025-01-09 18:55:20
131,31,2025-01-09 18:57:20,1109,2025-01-09 18:57:20
132,32,2025-01-09 18:58:20,1109,2025-01-09 18:58:20
133,33,2025-01-09 19:01:20,1109,2025-01-09 19:01:20
134,34,2025-01-09 19:03:20,1109,2025-01-09 19:03:20
135,35,2025-01-09 19:05:20,1109,2025-01-09 19:05:20
136,36,2025-01-09 19:07:20,1109,2025-01-09 19:07:20
100,0,2025-01-09 17:50:50,1110,2025-01-09 17:50:50
101,1,2025-01-09 17:54:50,1110,2025-01-09 17:54:50
102,2,2025-01-09 17:57:50,1110,2025-01-09 17:57:50
103,3,2025-01-09 18:00:50,1110,2025-01-09 18:00:50
104,4,2025-01-09 18:04:50,1110,2025-01-09 18:04:50
105,5,2025-01-09 18:06:50,1110,2025-01-09 18:06:50
106,6,2025-01-09 18:07:50,1110,2025-01-09 18:07:50
107,7,2025-01-09 18:10:50,1110,2025-01-09 18:10:50
108,8,2025-01-09 18:12:50,1110,2025-01-09 18:12:50
109,9,2025-01-09 18:14:50,1110,2025-01-09 18:14:50
110,10,2025-01-09 18:16:50,1110,2025-01-09 18:16:50
111,11,2025-01-09 18:18:50,1110,2025-01-09 18:18:50
112,12,2025-01-09 18:20:50,1110,2025-01-09 18:20:50
113,13,2025-01-09 18:22:50,1110,2025-01-09 18:22:50
114,14,2025-01-09 18:24:50,1110,2025-01-09 18:24:50
115,15,2025-01-09 18:26:50,1110,2025-01-09 18:26:50
116,16,2025-01-09 18:28:50,1110,2025-01-09 18:28:50
117,17,2025-01-09 18:29:50,1110,2025-01-09 18:29:50
118,18,2025-01-09 18:31:50,1110,2025-01-09 18:31:50
119,19,2025-01-09 18:33:50,1110,2025-01-09 18:33:50
120,20,2025-01-09 18:35:50,1110,2025-01-09 18:35:50
121,21,2025-01-09 18:38:50,1110,2025-01-09 18:38:50
122,22,2025-01-09 18:40:50,1110,2025-01-09 18:40:50
123,23,2025-01-09 18:42:50,1110,2025-01-09 18:42:50
124,24,2025-01-09 18:45:50,1110,2025-01-09 18:45:50
125,25,2025-01-09 18:47:50,1110,2025-01-09 18:47:50
126,26,2025-01-09 18:50:50,1110,2025-01-09 18:50:50
127,27,2025-01-09 18:53:50,1110,2025-01-09 18:53:50
128,28,2025-01-09 18:55:50,1110,2025-01-09 18:55:50
129,29,2025-01-09 18:57:50,1110,2025-01-09 18:57:50
130,30,2025-01-09 18:59:50,1110,2025-01-09 18:59:50
131,31,2025-01-09 19:01:50,1110,2025-01-09 19:01:50
132,32,2025-01-09 19:02:50,1110,2025-01-09 19:02:50
133,33,2025-01-09 19:05:50,1110,2025-01-09 19:05:50
134,34,2025-01-09 19:07:50,1110,2025-01-09 19:07:50
135,35,2025-01-09 19:09:50,1110,2025-01-09 19:09:50
136,36,2025-01-09 19:11:50,1110,2025-01-09 19:11:50
100,0,2025-01-09 17:55:20,1111,2025-01-09 17:55:20
101,1,2025-01-09 17:59:20,1111,2025-01-09 17:59:20
102,2,2025-01-09 18:02:20,1111,2025-01-09 18:02:20
103,3,2025-01-09 18:05:20,1111,2025-01-09 18:05:20
104,4,2025-01-09 18:09:20,1111,2025-01-09 18:09:20
105,5,2025-01-09 18:11:20,1111,2025-01-09 18:11:20
106,6,2025-01-09 18:12:20,1111,2025-01-09 18:12:20
107,7,2025-01-09 18:15:20,1111,2025-01-09 18:15:20
108,8,2025-01-09 18:17:20,1111,2025-01-09 18:17:20
109,9,2025-01-09 18:19:20,1111,2025-01-09 18:19:20
110,10,2025-01-09 18:21:20,1111,2025-01-09 18:21:20
111,11,2025-01-09 18:23:20,1111,2025-01-09 18:23:20
112,12,2025-01-09 18:25:20,1111,2025-01-09 18:25:20
113,13,2025-01-09 18:27:20,1111,2025-01-09 18:27:20
114,14,2025-01-09 18:29:20,1111,2025-01-09 18:29:20
115,15,2025-01-09 18:31:20,1111,2025-01-09 18:31:20
116,16,2025-01-09 18:33:20,1111,2025-01-09 18:33:20
117,17,2025-01-09 18:34:20,1111,2025-01-09 18:34:20
118,18,2025-01-09 18:36:20,1111,2025-01-09 18:36:20
119,19,2025-01-09 18:38:20,1111,2025-01-09 18:38:20
120,20,2025-01-09 18:40:20,1111,2025-01-09 18:40:20
121,21,2025-01-09 18:43:20,1111,2025-01-09 18:43:20
122,22,2025-01-09 18:45:20,1111,2025-01-09 18:45:20
123,23,2025-01-09 18:47:20,1111,2025-01-09 18:47:20
124,24,2025-01-09 18:50:20,1111,2025-01-09 18:50:20
125,25,2025-01-09 18:52:20,1111,2025-01-09 18:52:20
126,26,2025-01-09 18:55:20,1111,2025-01-09 18:55:20
127,27,2025-01-09 18:58:20,1111,2025-01-09 18:58:20
128,28,2025-01-09 19:00:20,1111,2025-01-09 19:00:20
129,29,2025-01-09 19:02:20,1111,2025-01-09 19:02:20
130,30,2025-01-09 19:04:20,1111,2025-01-09 19:04:20
131,31,2025-01-09 19:06:20,1111,2025-01-09 19:06:20
132,32,2025-01-09 19:07:20,1111,2025-01-09 19:07:20
133,33,2025-01-09 19:10:20,1111,2025-01-09 19:10:20
134,34,2025-01-09 19:12:20,1111,2025-01-09 19:12:20
135,35,2025-01-09 19:14:20,1111,2025-01-09 19:14:20
136,36,2025-01-09 19:16:20,1111,2025-01-09 19:16:20
100,0,2025-01-09 17:59:50,1112,2025-01-09 17:59:50
101,1,2025-01-09 18:03:50,1112,2025-01-09 18:03:50
102,2,2025-01-09 18:06:50,1112,2025-01-09 18:06:50
103,3,2025-01-09 18:09:50,1112,2025-01-09 18:09:50
104,4,2025-01-09 18:13:50,1112,2025-01-09 18:13:50
105,5,2025-01-09 18:15:50,1112,2025-01-09 18:15:50
106,6,2025-01-09 18:16:50,1112,2025-01-09 18:16:50
107,7,2025-01-09 18:19:50,1112,2025-01-09 18:19:50
108,8,2025-01-09 18:21:50,1112,2025-01-09 18:21:50
109,9,2025-01-09 18:23:50,1112,2025-01-09 18:23:50
110,10,2025-01-09 18:25:50,1112,2025-01-09 18:25:50
111,11,2025-01-09 18:27:50,1112,2025-01-09 18:27:50
112,12,2025-01-09 18:29:50,1112,2025-01-09 18:29:50
113,13,2025-01-09 18:31:50,1112,2025-01-09 18:31:50
114,14,2025-01-09 18:33:50,1112,2025-01-09 18:33:50
115,15,2025-01-09 18:35:50,1112,2025-01-09 18:35:50
116,16,2025-01-09 18:37:50,1112,2025-01-09 18:37:50
117,17,2025-01-09 18:38:50,1112,2025-01-09 18:38:50
118,18,2025-01-09 18:40:50,1112,2025-01-09 18:40:50
119,19,2025-01-09 18:42:50,1112,2025-01-09 18:42:50
120,20,2025-01-09 18:44:50,1112,2025-01-09 18:44:50
121,21,2025-01-09 18:47:50,1112,2025-01-09 18:47:50
122,22,2025-01-09 18:49:50,1112,2025-01-09 18:49:50
123,23,2025-01-09 18:51:50,1112,2025-01-09 18:51:50
124,24,2025-01-09 18:54:50,1112,2025-01-09 18:54:50
125,25,2025-01-09 18:56:50,1112,2025-01-09 18:56:50
126,26,2025-01-09 18:59:50,1112,2025-01-09 18:59:50
127,27,2025-01-09 19:02:50,1112,2025-01-09 19:02:50
128,28,2025-01-09 19:04:50,1112,2025-01-09 19:04:50
129,29,2025-01-09 19:06:50,1112,2025-01-09 19:06:50
130,30,2025-01-09 19:08:50,1112,2025-01-09 19:08:50
131,31,2025-01-09 19:10:50,1112,2025-01-09 19:10:50
132,32,2025-01-09 19:11:50,1112,2025-01-09 19:11:50
133,33,2025-01-09 19:14:50,1112,2025-01-09 19:14:50
134,34,2025-01-09 19:16:50,1112,2025-01-09 19:16:50
135,35,2025-01-09 19:18:50,1112,2025-01-09 19:18:50
136,36,2025-01-09 19:20:50,1112,2025-01-09 19:20:50
100,0,2025-01-09 18:04:20,1113,2025-01-09 18:04:20
101,1,2025-01-09 18:08:20,1113,2025-01-09 18:08:20
102,2,2025-01-09 18:11:20,1113,2025-01-09 18:11:20
103,3,2025-01-09 18:14:20,1113,2025-01-09 18:14:20
104,4,2025-01-09 18:18:20,1113,2025-01-09 18:18:20
105,5,2025-01-09 18:20:20,1113,2025-01-09 18:20:20
106,6,2025-01-09 18:21:20,1113,2025-01-09 18:21:20
107,7,2025-01-09 18:24:20,1113,2025-01-09 18:24:20
108,8,2025-01-09 18:26:20,1113,2025-01-09 18:26:20
109,9,2025-01-09 18:28:20,1113,2025-01-09 18:28:20
110,10,2025-01-09 18:30:20,1113,2025-01-09 18:30:20
111,11,2025-01-09 18:32:20,1113,2025-01-09 18:32:20
112,12,2025-01-09 18:34:20,1113,2025-01-09 18:34:20
113,13,2025-01-09 18:36:20,1113,2025-01-09 18:36:20
114,14,2025-01-09 18:38:20,1113,2025-01-09 18:38:20
115,15,2025-01-09 18:40:20,1113,2025-01-09 18:40:20
116,16,2025-01-09 18:42:20,1113,2025-01-09 18:42:20
117,17,2025-01-09 18:43:20,1113,2025-01-09 18:43:20
118,18,2025-01-09 18:45:20,1113,2025-01-09 18:45:20
119,19,2025-01-09 18:47:20,1113,2025-01-09 18:47:20
120,20,2025-01-09 18:49:20,1113,2025-01-09 18:49:20
121,21,2025-01-09 18:52:20,1113,2025-01-09 18:52:20
122,22,2025-01-09 18:54:20,1113,2025-01-09 18:54:20
123,23,2025-01-09 18:56:20,1113,2025-01-09 18:56:20
124,24,2025-01-09 18:59:20,1113,2025-01-09 18:59:20
125,25,2025-01-09 19:01:20,1113,2025-01-09 19:01:20
126,26,2025-01-09 19:04:20,1113,2025-01-09 19:04:20
127,27,2025-01-09 19:07:20,1113,2025-01-09 19:07:20
128,28,2025-01-09 19:09:20,1113,2025-01-09 19:09:20
129,29,2025-01-09 19:11:20,1113,2025-01-09 19:11:20
130,30,2025-01-09 19:13:20,1113,2025-01-09 19:13:20
131,31,2025-01-09 19:15:20,1113,2025-01-09 19:15:20
132,32,2025-01-09 19:16:20,1113,2025-01-09 19:16:20
133,33,2025-01-09 19:19:20,1113,2025-01-09 19:19:20
134,34,2025-01-09 19:21:20,1113,2025-01-09 19:21:20
135,35,2025-01-09 19:23:20,1113,2025-01-09 19:23:20
136,36,2025-01-09 19:25:20,1113,2025-01-09 19:25:20
100,0,2025-01-09 18:08:50,1114,2025-01-09 18:08:50
101,1,2025-01-09 18:12:50,1114,2025-01-09 18:12:50
102,2,2025-01-09 18:15:50,1114,2025-01-09 18:15:50
103,3,2025-01-09 18:18:50,1114,2025-01-09 18:18:50
104,4,2025-01-09 18:22:50,1114,2025-01-09 18:22:50
105,5,2025-01-09 18:24:50,1114,2025-01-09 18:24:50
106,6,2025-01-09 18:25:50,1114,2025-01-09 18:25:50
107,7,2025-01-09 18:28:50,1114,2025-01-09 18:28:50
108,8,2025-01-09 18:30:50,1114,2025-01-09 18:30:50
109,9,2025-01-09 18:32:50,1114,2025-01-09 18:32:50
110,10,2025-01-09 18:34:50,1114,2025-01-09 18:34:50
111,11,2025-01-09 18:36:50,1114,2025-01-09 18:36:50
112,12,2025-01-09 18:38:50,1114,2025-01-09 18:38:50
113,13,2025-01-09 18:40:50,1114,2025-01-09 18:40:50
114,14,2025-01-09 18:42:50,1114,2025-01-09 18:42:50
115,15,2025-01-09 18:44:50,1114,2025-01-09 18:44:50
116,16,2025-01-09 18:46:50,1114,2025-01-09 18:46:50
117,17,2025-01-09 18:47:50,1114,2025-01-09 18:47:50
118,18,2025-01-09 18:49:50,1114,2025-01-09 18:49:50
119,19,2025-01-09 18:51:50,1114,2025-01-09 18:51:50
120,20,2025-01-09 18:53:50,1114,2025-01-09 18:53:50
121,21,2025-01-09 18:56:50,1114,2025-01-09 18:56:50
122,22,2025-01-09 18:58:50,1114,2025-01-09 18:58:50
123,23,2025-01-09 19:00:50,1114,2025-01-09 19:00:50
124,24,2025-01-09 19:03:50,1114,2025-01-09 19:03:50
125,25,2025-01-09 19:05:50,1114,2025-01-09 19:05:50
126,26,2025-01-09 19:08:50,1114,2025-01-09 19:08:50
127,27,2025-01-09 19:11:50,1114,2025-01-09 19:11:50
128,28,2025-01-09 19:13:50,1114,2025-01-09 19:13:50
129,29,2025-01-09 19:15:50,1114,2025-01-09 19:15:50
130,30,2025-01-09 19:17:50,1114,2025-01-09 19:17:50
131,31,2025-01-09 19:19:50,1114,2025-01-09 19:19:50
132,32,2025-01-09 19:20:50,1114,2025-01-09 19:20:50
133,33,2025-01-09 19:23:50,1114,2025-01-09 19:23:50
134,34,2025-01-09 19:25:50,1114,2025-01-09 19:25:50
135,35,2025-01-09 19:27:50,1114,2025-01-09 19:27:50
136,36,2025-01-09 19:29:50,1114,2025-01-09 19:29:50
100,0,2025-01-09 18:13:50,1115,2025-01-09 18:13:50
101,1,2025-01-09 18:17:50,1115,2025-01-09 18:17:50
102,2,2025-01-09 18:20:50,1115,2025-01-09 18:20:50
103,3,2025-01-09 18:23:50,1115,2025-01-09 18:23:50
104,4,2025-01-09 18:27:50,1115,2025-01-09 18:27:50
105,5,2025-01-09 18:29:50,1115,2025-01-09 18:29:50
106,6,2025-01-09 18:30:50,1115,2025-01-09 18:30:50
107,7,2025-01-09 18:33:50,1115,2025-01-09 18:33:50
108,8,2025-01-09 18:35:50,1115,2025-01-09 18:35:50
109,9,2025-01-09 18:37:50,1115,2025-01-09 18:37:50
110,10,2025-01-09 18:39:50,1115,2025-01-09 18:39:50
111,11,2025-01-09 18:41:50,1115,2025-01-09 18:41:50
112,12,2025-01-09 18:43:50,1115,2025-01-09 18:43:50
113,13,2025-01-09 18:45:50,1115,2025-01-09 18:45:50
114,14,2025-01-09 18:47:50,1115,2025-01-09 18:47:50
115,15,2025-01-09 18:49:50,1115,2025-01-09 18:49:50
116,16,2025-01-09 18:51:50,1115,2025-01-09 18:51:50
117,17,2025-01-09 18:52:50,1115,2025-01-09 18:52:50
118,18,2025-01-09 18:54:50,1115,2025-01-09 18:54:50
119,19,2025-01-09 18:56:50,1115,2025-01-09 18:56:50
120,20,2025-01-09 18:58:50,1115,2025-01-09 18:58:50
121,21,2025-01-09 19:01:50,1115,2025-01-09 19:01:50
122,22,2025-01-09 19:03:50,1115,2025-01-09 19:03:50
123,23,2025-01-09 19:05:50,1115,2025-01-09 19:05:50
124,24,2025-01-09 19:08:50,1115,2025-01-09 19:08:50
125,25,2025-01-09 19:10:50,1115,2025-01-09 19:10:50
126,26,2025-01-09 19:13:50,1115,2025-01-09 19:13:50
127,27,2025-01-09 19:16:50,1115,2025-01-09 19:16:50
128,28,2025-01-09 19:18:50,1115,2025-01-09 19:18:50
129,29,2025-01-09 19:20:50,1115,2025-01-09 19:20:50
130,30,2025-01-09 19:22:50,1115,2025-01-09 19:22:50
131,31,2025-01-09 19:24:50,1115,2025-01-09 19:24:50
132,32,2025-01-09 19:25:50,1115,2025-01-09 19:25:50
133,33,2025-01-09 19:28:50,1115,2025-01-09 19:28:50
134,34,2025-01-09 19:30:50,1115,2025-01-09 19:30:50
135,35,2025-01-09 19:32:50,1115,2025-01-09 19:32:50
136,36,2025-01-09 19:34:50,1115,2025-01-09 19:34:50
100,0,2025-01-09 18:18:50,1116,2025-01-09 18:18:50
101,1,2025-01-09 18:22:50,1116,2025-01-09 18:22:50
102,2,2025-01-09 18:25:50,1116,2025-01-09 18:25:50
103,3,2025-01-09 18:28:50,1116,2025-01-09 18:28:50
104,4,2025-01-09 18:32:50,1116,2025-01-09 18:32:50
105,5,2025-01-09 18:34:50,1116,2025-01-09 18:34:50
106,6,2025-01-09 18:35:50,1116,2025-01-09 18:35:50
107,7,2025-01-09 18:38:50,1116,2025-01-09 18:38:50
108,8,2025-01-09 18:40:50,1116,2025-01-09 18:40:50
109,9,2025-01-09 18:42:50,1116,2025-01-09 18:42:50
110,10,2025-01-09 18:44:50,1116,2025-01-09 18:44:50
111,11,2025-01-09 18:46:50,1116,2025-01-09 18:46:50
112,12,2025-01-09 18:48:50,1116,2025-01-09 18:48:50
113,13,2025-01-09 18:50:50,1116,2025-01-09 18:50:50
114,14,2025-01-09 18:52:50,1116,2025-01-09 18:52:50
115,15,2025-01-09 18:54:50,1116,2025-01-09 18:54:50
116,16,2025-01-09 18:56:50,1116,2025-01-09 18:56:50
117,17,2025-01-09 18:57:50,1116,2025-01-09 18:57:50
118,18,2025-01-09 18:59:50,1116,2025-01-09 18:59:50
119,19,2025-01-09 19:01:50,1116,2025-01-09 19:01:50
120,20,2025-01-09 19:03:50,1116,2025-01-09 19:03:50
121,21,2025-01-09 19:06:50,1116,2025-01-09 19:06:50
122,22,2025-01-09 19:08:50,1116,2025-01-09 19:08:50
123,23,2025-01-09 19:10:50,1116,2025-01-09 19:10:50
124,24,2025-01-09 19:13:50,1116,2025-01-09 19:13:50
125,25,2025-01-09 19:15:50,1116,2025-01-09 19:15:50
126,26,2025-01-09 19:18:50,1116,2025-01-09 19:18:50
127,27,2025-01-09 19:21:50,1116,2025-01-09 19:21:50
128,28,2025-01-09 19:23:50,1116,2025-01-09 19:23:50
129,29,2025-01-09 19:25:50,1116,2025-01-09 19:25:50
130,30,2025-01-09 19:27:50,1116,2025-01-09 19:27:50
131,31,2025-01-09 19:29:50,1116,2025-01-09 19:29:50
132,32,2025-01-09 19:30:50,1116,2025-01-09 19:30:50
133,33,2025-01-09 19:33:50,1116,2025-01-09 19:33:50
134,34,2025-01-09 19:35:50,1116,2025-01-09 19:35:50
135,35,2025-01-09 19:37:50,1116,2025-01-09 19:37:50
136,36,2025-01-09 19:39:50,1116,2025-01-09 19:39:50
100,0,2025-01-09 18:23:50,1117,2025-01-09 18:23:50
101,1,2025-01-09 18:27:50,1117,2025-01-09 18:27:50
102,2,2025-01-09 18:30:50,1117,2025-01-09 18:30:50
103,3,2025-01-09 18:33:50,1117,2025-01-09 18:33:50
104,4,2025-01-09 18:37:50,1117,2025-01-09 18:37:50
105,5,2025-01-09 18:39:50,1117,2025-01-09 18:39:50
106,6,2025-01-09 18:40:50,1117,2025-01-09 18:40:50
107,7,2025-01-09 18:43:50,1117,2025-01-09 18:43:50
108,8,2025-01-09 18:45:50,1117,2025-01-09 18:45:50
109,9,2025-01-09 18:47:50,1117,2025-01-09 18:47:50
110,10,2025-01-09 18:49:50,1117,2025-01-09 18:49:50
111,11,2025-01-09 18:51:50,1117,2025-01-09 18:51:50
112,12,2025-01-09 18:53:50,1117,2025-01-09 18:53:50
113,13,2025-01-09 18:55:50,1117,2025-01-09 18:55:50
114,14,2025-01-09 18:57:50,1117,2025-01-09 18:57:50
115,15,2025-01-09 18:59:50,1117,2025-01-09 18:59:50
116,16,2025-01-09 19:01:50,1117,2025-01-09 19:01:50
117,17,2025-01-09 19:02:50,1117,2025-01-09 19:02:50
118,18,2025-01-09 19:04:50,1117,2025-01-09 19:04:50
119,19,2025-01-09 19:06:50,1117,2025-01-09 19:06:50
120,20,2025-01-09 19:08:50,1117,2025-01-09 19:08:50
121,21,2025-01-09 19:11:50,1117,2025-01-09 19:11:50
122,22,2025-01-09 19:13:50,1117,2025-01-09 19:13:50
123,23,2025-01-09 19:15:50,1117,2025-01-09 19:15:50
124,24,2025-01-09 19:18:50,1117,2025-01-09 19:18:50
125,25,2025-01-09 19:20:50,1117,2025-01-09 19:20:50
126,26,2025-01-09 19:23:50,1117,2025-01-09 19:23:50
127,27,2025-01-09 19:26:50,1117,2025-01-09 19:26:50
128,28,2025-01-09 19:28:50,1117,2025-01-09 19:28:50
129,29,2025-01-09 19:30:50,1117,2025-01-09 19:30:50
130,30,2025-01-09 19:32:50,1117,2025-01-09 19:32:50
131,31,2025-01-09 19:34:50,1117,2025-01-09 19:34:50
132,32,2025-01-09 19:35:50,1117,2025-01-09 19:35:50
133,33,2025-01-09 19:38:50,1117,2025-01-09 19:38:50
134,34,2025-01-09 19:40:50,1117,2025-01-09 19:40:50
135,35,2025-01-09 19:42:50,1117,2025-01-09 19:42:50
136,36,2025-01-09 19:44:50,1117,2025-01-09 19:44:50
100,0,2025-01-09 18:28:50,1118,2025-01-09 18:28:50
101,1,2025-01-09 18:32:50,1118,2025-01-09 18:32:50
102,2,2025-01-09 18:35:50,1118,2025-01-09 18:35:50
103,3,2025-01-09 18:38:50,1118,2025-01-09 18:38:50
104,4,2025-01-09 18:42:50,1118,2025-01-09 18:42:50
105,5,2025-01-09 18:44:50,1118,2025-01-09 18:44:50
106,6,2025-01-09 18:45:50,1118,2025-01-09 18:45:50
107,7,2025-01-09 18:48:50,1118,2025-01-09 18:48:50
108,8,2025-01-09 18:50:50,1118,2025-01-09 18:50:50
109,9,2025-01-09 18:52:50,1118,2025-01-09 18:52:50
110,10,2025-01-09 18:54:50,1118,2025-01-09 18:54:50
111,11,2025-01-09 18:56:50,1118,2025-01-09 18:56:50
112,12,2025-01-09 18:58:50,1118,2025-01-09 18:58:50
113,13,2025-01-09 19:00:50,1118,2025-01-09 19:00:50
114,14,2025-01-09 19:02:50,1118,2025-01-09 19:02:50
115,15,2025-01-09 19:04:50,1118,2025-01-09 19:04:50
116,16,2025-01-09 19:06:50,1118,2025-01-09 19:06:50
117,17,2025-01-09 19:07:50,1118,2025-01-09 19:07:50
118,18,2025-01-09 19:09:50,1118,2025-01-09 19:09:50
119,19,2025-01-09 19:11:50,1118,2025-01-09 19:11:50
120,20,2025-01-09 19:13:50,1118,2025-01-09 19:13:50
121,21,2025-01-09 19:16:50,1118,2025-01-09 19:16:50
122,22,2025-01-09 19:18:50,1118,2025-01-09 19:18:50
123,23,2025-01-09 19:20:50,1118,2025-01-09 19:20:50
124,24,2025-01-09 19:23:50,1118,2025-01-09 19:23:50
125,25,2025-01-09 19:25:50,1118,2025-01-09 19:25:50
126,26,2025-01-09 19:28:50,1118,2025-01-09 19:28:50
127,27,2025-01-09 19:31:50,1118,2025-01-09 19:31:50
128,28,2025-01-09 19:33:50,1118,2025-01-09 19:33:50
129,29,2025-01-09 19:35:50,1118,2025-01-09 19:35:50
130,30,2025-01-09 19:37:50,1118,2025-01-09 19:37:50
131,31,2025-01-09 19:39:50,1118,2025-01-09 19:39:50
132,32,2025-01-09 19:40:50,1118,2025-01-09 19:40:50
133,33,2025-01-09 19:43:50,1118,2025-01-09 19:43:50
134,34,2025-01-09 19:45:50,1118,2025-01-09 19:45:50
135,35,2025-01-09 19:47:50,1118,2025-01-09 19:47:50
136,36,2025-01-09 19:49:50,1118,2025-01-09 19:49:50
100,0,2025-01-09 18:33:50,1119,2025-01-09 18:33:50
101,1,2025-01-09 18:37:50,1119,2025-01-09 18:37:50
102,2,2025-01-09 18:40:50,1119,2025-01-09 18:40:50
103,3,2025-01-09 18:43:50,1119,2025-01-09 18:43:50
104,4,2025-01-09 18:47:50,1119,2025-01-09 18:47:50
105,5,2025-01-09 18:49:50,1119,2025-01-09 18:49:50
106,6,2025-01-09 18:50:50,1119,2025-01-09 18:50:50
107,7,2025-01-09 18:53:50,1119,2025-01-09 18:53:50
108,8,2025-01-09 18:55:50,1119,2025-01-09 18:55:50
109,9,2025-01-09 18:57:50,1119,2025-01-09 18:57:50
110,10,2025-01-09 18:59:50,1119,2025-01-09 18:59:50
111,11,2025-01-09 19:01:50,1119,2025-01-09 19:01:50
112,12,2025-01-09 19:03:50,1119,2025-01-09 19:03:50
113,13,2025-01-09 19:05:50,1119,2025-01-09 19:05:50
114,14,2025-01-09 19:07:50,1119,2025-01-09 19:07:50
115,15,2025-01-09 19:09:50,1119,2025-01-09 19:09:50
116,16,2025-01-09 19:11:50,1119,2025-01-09 19:11:50
117,17,2025-01-09 19:12:50,1119,2025-01-09 19:12:50
118,18,2025-01-09 19:14:50,1119,2025-01-09 19:14:50
119,19,2025-01-09 19:16:50,1119,2025-01-09 19:16:50
120,20,2025-01-09 19:18:50,1119,2025-01-09 19:18:50
121,21,2025-01-09 19:21:50,1119,2025-01-09 19:21:50
122,22,2025-01-09 19:23:50,1119,2025-01-09 19:23:50
123,23,2025-01-09 19:25:50,1119,2025-01-09 19:25:50
124,24,2025-01-09 19:28:50,1119,2025-01-09 19:28:50
125,25,2025-01-09 19:30:50,1119,2025-01-09 19:30:50
126,26,2025-01-09 19:33:50,1119,2025-01-09 19:33:50
127,27,2025-01-09 19:36:50,1119,2025-01-09 19:36:50
128,28,2025-01-09 19:38:50,1119,2025-01-09 19:38:50
129,29,2025-01-09 19:40:50,1119,2025-01-09 19:40:50
130,30,2025-01-09 19:42:50,1119,2025-01-09 19:42:50
131,31,2025-01-09 19:44:50,1119,2025-01-09 19:44:50
132,32,2025-01-09 19:45:50,1119,2025-01-09 19:45:50
133,33,2025-01-09 19:48:50,1119,2025-01-09 19:48:50
134,34,2025-01-09 19:50:50,1119,2025-01-09 19:50:50
135,35,2025-01-09 19:52:50,1119,2025-01-09 19:52:50
136,36,2025-01-09 19:54:50,1119,2025-01-09 19:54:50
100,0,2025-01-09 18:38:50,1120,2025-01-09 18:38:50
101,1,2025-01-09 18:42:50,1120,2025-01-09 18:42:50
102,2,2025-01-09 18:45:50,1120,2025-01-09 18:45:50
103,3,2025-01-09 18:48:50,1120,2025-01-09 18:48:50
104,4,2025-01-09 18:52:50,1120,2025-01-09 18:52:50
105,5,2025-01-09 18:54:50,1120,2025-01-09 18:54:50
106,6,2025-01-09 18:55:50,1120,2025-01-09 18:55:50
107,7,2025-01-09 18:58:50,1120,2025-01-09 18:58:50
108,8,2025-01-09 19:00:50,1120,2025-01-09 19:00:50
109,9,2025-01-09 19:02:50,1120,2025-01-09 19:02:50
110,10,2025-01-09 19:04:50,1120,2025-01-09 19:04:50
111,11,2025-01-09 19:06:50,1120,2025-01-09 19:06:50
112,12,2025-01-09 19:08:50,1120,2025-01-09 19:08:50
113,13,2025-01-09 19:10:50,1120,2025-01-09 19:10:50
114,14,2025-01-09 19:12:50,1120,2025-01-09 19:12:50
115,15,2025-01-09 19:14:50,1120,2025-01-09 19:14:50
116,16,2025-01-09 19:16:50,1120,2025-01-09 19:16:50
117,17,2025-01-09 19:17:50,1120,2025-01-09 19:17:50
118,18,2025-01-09 19:19:50,1120,2025-01-09 19:19:50
119,19,2025-01-09 19:21:50,1120,2025-01-09 19:21:50
120,20,2025-01-09 19:23:50,1120,2025-01-09 19:23:50
121,21,2025-01-09 19:26:50,1120,2025-01-09 19:26:50
122,22,2025-01-09 19:28:50,1120,2025-01-09 19:28:50
123,23,2025-01-09 19:30:50,1120,2025-01-09 19:30:50
124,24,2025-01-09 19:33:50,1120,2025-01-09 19:33:50
125,25,2025-01-09 19:35:50,1120,2025-01-09 19:35:50
126,26,2025-01-09 19:38:50,1120,2025-01-09 19:38:50
127,27,2025-01-09 19:41:50,1120,2025-01-09 19:41:50
128,28,2025-01-09 19:43:50,1120,2025-01-09 19:43:50
129,29,2025-01-09 19:45:50,1120,2025-01-09 19:45:50
130,30,2025-01-09 19:47:50,1120,2025-01-09 19:47:50
131,31,2025-01-09 19:49:50,1120,2025-01-09 19:49:50
132,32,2025-01-09 19:50:50,1120,2025-01-09 19:50:50
133,33,2025-01-09 19:53:50,1120,2025-01-09 19:53:50
134,34,2025-01-09 19:55:50,1120,2025-01-09 19:55:50
135,35,2025-01-09 19:57:50,1120,2025-01-09 19:57:50
136,36,2025-01-09 19:59:50,1120,2025-01-09 19:59:50
100,0,2025-01-09 18:43:50,1121,2025-01-09 18:43:50
101,1,2025-01-09 18:47:50,1121,2025-01-09 18:47:50
102,2,2025-01-09 18:50:50,1121,2025-01-09 18:50:50
103,3,2025-01-09 18:53:50,1121,2025-01-09 18:53:50
104,4,2025-01-09 18:57:50,1121,2025-01-09 18:57:50
105,5,2025-01-09 18:59:50,1121,2025-01-09 18:59:50
106,6,2025-01-09 19:00:50,1121,2025-01-09 19:00:50
107,7,2025-01-09 19:03:50,1121,2025-01-09 19:03:50
108,8,2025-01-09 19:05:50,1121,2025-01-09 19:05:50
109,9,2025-01-09 19:07:50,1121,2025-01-09 19:07:50
110,10,2025-01-09 19:09:50,1121,2025-01-09 19:09:50
111,11,2025-01-09 19:11:50,1121,2025-01-09 19:11:50
112,12,2025-01-09 19:13:50,1121,2025-01-09 19:13:50
113,13,2025-01-09 19:15:50,1121,2025-01-09 19:15:50
114,14,2025-01-09 19:17:50,1121,2025-01-09 19:17:50
115,15,2025-01-09 19:19:50,1121,2025-01-09 19:19:50
116,16,2025-01-09 19:21:50,1121,2025-01-09 19:21:50
117,17,2025-01-09 19:22:50,1121,2025-01-09 19:22:50
118,18,2025-01-09 19:24:50,1121,2025-01-09 19:24:50
119,19,2025-01-09 19:26:50,1121,2025-01-09 19:26:50
120,20,2025-01-09 19:28:50,1121,2025-01-09 19:28:50
121,21,2025-01-09 19:31:50,1121,2025-01-09 19:31:50
122,22,2025-01-09 19:33:50,1121,2025-01-09 19:33:50
123,23,2025-01-09 19:35:50,1121,2025-01-09 19:35:50
124,24,2025-01-09 19:38:50,1121,2025-01-09 19:38:50
125,25,2025-01-09 19:40:50,1121,2025-01-09 19:40:50
126,26,2025-01-09 19:43:50,1121,2025-01-09 19:43:50
127,27,2025-01-09 19:46:50,1121,2025-01-09 19:46:50
128,28,2025-01-09 19:48:50,1121,2025-01-09 19:48:50
129,29,2025-01-09 19:50:50,1121,2025-01-09 19:50:50
130,30,2025-01-09 19:52:50,1121,2025-01-09 19:52:50
131,31,2025-01-09 19:54:50,1121,2025-01-09 19:54:50
132,32,2025-01-09 19:55:50,1121,2025-01-09 19:55:50
133,33,2025-01-09 19:58:50,1121,2025-01-09 19:58:50
134,34,2025-01-09 20:00:50,1121,2025-01-09 20:00:50
135,35,2025-01-09 20:02:50,1121,2025-01-09 20:02:50
136,36,2025-01-09 20:04:50,1121,2025-01-09 20:04:50
100,0,2025-01-09 18:48:50,1122,2025-01-09 18:48:50
101,1,2025-01-09 18:52:50,1122,2025-01-09 18:52:50
102,2,2025-01-09 18:55:50,1122,2025-01-09 18:55:50
103,3,2025-01-09 18:58:50,1122,2025-01-09 18:58:50
104,4,2025-01-09 19:02:50,1122,2025-01-09 19:02:50
105,5,2025-01-09 19:04:50,1122,2025-01-09 19:04:50
106,6,2025-01-09 19:05:50,1122,2025-01-09 19:05:50
107,7,2025-01-09 19:08:50,1122,2025-01-09 19:08:50
108,8,2025-01-09 19:10:50,1122,2025-01-09 19:10:50
109,9,2025-01-09 19:12:50,1122,2025-01-09 19:12:50
110,10,2025-01-09 19:14:50,1122,2025-01-09 19:14:50
111,11,2025-01-09 19:16:50,1122,2025-01-09 19:16:50
112,12,2025-01-09 19:18:50,1122,2025-01-09 19:18:50
113,13,2025-01-09 19:20:50,1122,2025-01-09 19:20:50
114,14,2025-01-09 19:22:50,1122,2025-01-09 19:22:50
115,15,2025-01-09 19:24:50,1122,2025-01-09 19:24:50
116,16,2025-01-09 19:26:50,1122,2025-01-09 19:26:50
117,17,2025-01-09 19:27:50,1122,2025-01-09 19:27:50
118,18,2025-01-09 19:29:50,1122,2025-01-09 19:29:50
119,19,2025-01-09 19:31:50,1122,2025-01-09 19:31:50
120,20,2025-01-09 19:33:50,1122,2025-01-09 19:33:50
121,21,2025-01-09 19:36:50,1122,2025-01-09 19:36:50
122,22,2025-01-09 19:38:50,1122,2025-01-09 19:38:50
123,23,2025-01-09 19:40:50,1122,2025-01-09 19:40:50
124,24,2025-01-09 19:43:50,1122,2025-01-09 19:43:50
125,25,2025-01-09 19:45:50,1122,2025-01-09 19:45:50
126,26,2025-01-09 19:48:50,1122,2025-01-09 19:48:50
127,27,2025-01-09 19:51:50,1122,2025-01-09 19:51:50
128,28,2025-01-09 19:53:50,1122,2025-01-09 19:53:50
129,29,2025-01-09 19:55:50,1122,2025-01-09 19:55:50
130,30,2025-01-09 19:57:50,1122,2025-01-09 19:57:50
131,31,2025-01-09 19:59:50,1122,2025-01-09 19:59:50
132,32,2025-01-09 20:00:50,1122,2025-01-09 20:00:50
133,33,2025-01-09 20:03:50,1122,2025-01-09 20:03:50
134,34,2025-01-09 20:05:50,1122,2025-01-09 20:05:50
135,35,2025-01-09 20:07:50,1122,2025-01-09 20:07:50
136,36,2025-01-09 20:09:50,1122,2025-01-09 20:09:50
100,0,2025-01-09 18:53:50,1123,2025-01-09 18:53:50
101,1,2025-01-09 18:57:50,1123,2025-01-09 18:57:50
102,2,2025-01-09 19:00:50,1123,2025-01-09 19:00:50
103,3,2025-01-09 19:03:50,1123,2025-01-09 19:03:50
104,4,2025-01-09 19:07:50,1123,2025-01-09 19:07:50
105,5,2025-01-09 19:09:50,1123,2025-01-09 19:09:50
106,6,2025-01-09 19:10:50,1123,2025-01-09 19:10:50
107,7,2025-01-09 19:13:50,1123,2025-01-09 19:13:50
108,8,2025-01-09 19:15:50,1123,2025-01-09 19:15:50
109,9,2025-01-09 19:17:50,1123,2025-01-09 19:17:50
110,10,2025-01-09 19:19:50,1123,2025-01-09 19:19:50
111,11,2025-01-09 19:21:50,1123,2025-01-09 19:21:50
112,12,2025-01-09 19:23:50,1123,2025-01-09 19:23:50
113,13,2025-01-09 19:25:50,1123,2025-01-09 19:25:50
114,14,2025-01-09 19:27:50,1123,2025-01-09 19:27:50
115,15,2025-01-09 19:29:50,1123,2025-01-09 19:29:50
116,16,2025-01-09 19:31:50,1123,2025-01-09 19:31:50
117,17,2025-01-09 19:32:50,1123,2025-01-09 19:32:50
118,18,2025-01-09 19:34:50,1123,2025-01-09 19:34:50
119,19,2025-01-09 19:36:50,1123,2025-01-09 19:36:50
120,20,2025-01-09 19:38:50,1123,2025-01-09 19:38:50
121,21,2025-01-09 19:41:50,1123,2025-01-09 19:41:50
122,22,2025-01-09 19:43:50,1123,2025-01-09 19:43:50
123,23,2025-01-09 19:45:50,1123,2025-01-09 19:45:50
124,24,2025-01-09 19:48:50,1123,2025-01-09 19:48:50
125,25,2025-01-09 19:50:50,1123,2025-01-09 19:50:50
126,26,2025-01-09 19:53:50,1123,2025-01-09 19:53:50
127,27,2025-01-09 19:56:50,1123,2025-01-09 19:56:50
128,28,2025-01-09 19:58:50,1123,2025-01-09 19:58:50
129,29,2025-01-09 20:00:50,1123,2025-01-09 20:00:50
130,30,2025-01-09 20:02:50,1123,2025-01-09 20:02:50
131,31,2025-01-09 20:04:50,1123,2025-01-09 20:04:50
132,32,2025-01-09 20:05:50,1123,2025-01-09 20:05:50
133,33,2025-01-09 20:08:50,1123,2025-01-09 20:08:50
134,34,2025-01-09 20:10:50,1123,2025-01-09 20:10:50
135,35,2025-01-09 20:12:50,1123,2025-01-09 20:12:50
136,36,2025-01-09 20:14:50,1123,2025-01-09 20:14:50
100,0,2025-01-09 18:59:50,1124,2025-01-09 18:59:50
101,1,2025-01-09 19:03:50,1124,2025-01-09 19:03:50
102,2,2025-01-09 19:06:50,1124,2025-01-09 19:06:50
103,3,2025-01-09 19:09:50,1124,2025-01-09 19:09:50
104,4,2025-01-09 19:13:50,1124,2025-01-09 19:13:50
105,5,2025-01-09 19:15:50,1124,2025-01-09 19:15:50
106,6,2025-01-09 19:16:50,1124,2025-01-09 19:16:50
107,7,2025-01-09 19:19:50,1124,2025-01-09 19:19:50
108,8,2025-01-09 19:21:50,1124,2025-01-09 19:21:50
109,9,2025-01-09 19:23:50,1124,2025-01-09 19:23:50
110,10,2025-01-09 19:25:50,1124,2025-01-09 19:25:50
111,11,2025-01-09 19:27:50,1124,2025-01-09 19:27:50
112,12,2025-01-09 19:29:50,1124,2025-01-09 19:29:50
113,13,2025-01-09 19:31:50,1124,2025-01-09 19:31:50
114,14,2025-01-09 19:33:50,1124,2025-01-09 19:33:50
115,15,2025-01-09 19:35:50,1124,2025-01-09 19:35:50
116,16,2025-01-09 19:37:50,1124,2025-01-09 19:37:50
117,17,2025-01-09 19:38:50,1124,2025-01-09 19:38:50
118,18,2025-01-09 19:40:50,1124,2025-01-09 19:40:50
119,19,2025-01-09 19:42:50,1124,2025-01-09 19:42:50
120,20,2025-01-09 19:44:50,1124,2025-01-09 19:44:50
121,21,2025-01-09 19:47:50,1124,2025-01-09 19:47:50
122,22,2025-01-09 19:49:50,1124,2025-01-09 19:49:50
123,23,2025-01-09 19:51:50,1124,2025-01-09 19:51:50
124,24,2025-01-09 19:54:50,1124,2025-01-09 19:54:50
125,25,2025-01-09 19:56:50,1124,2025-01-09 19:56:50
126,26,2025-01-09 19:59:50,1124,2025-01-09 19:59:50
127,27,2025-01-09 20:02:50,1124,2025-01-09 20:02:50
128,28,2025-01-09 20:04:50,1124,2025-01-09 20:04:50
129,29,2025-01-09 20:06:50,1124,2025-01-09 20:06:50
130,30,2025-01-09 20:08:50,1124,2025-01-09 20:08:50
131,31,2025-01-09 20:10:50,1124,2025-01-09 20:10:50
132,32,2025-01-09 20:11:50,1124,2025-01-09 20:11:50
133,33,2025-01-09 20:14:50,1124,2025-01-09 20:14:50
134,34,2025-01-09 20:16:50,1124,2025-01-09 20:16:50
135,35,2025-01-09 20:18:50,1124,2025-01-09 20:18:50
136,36,2025-01-09 20:20:50,1124,2025-01-09 20:20:50
100,0,2025-01-09 19:05:50,1125,2025-01-09 19:05:50
101,1,2025-01-09 19:09:50,1125,2025-01-09 19:09:50
102,2,2025-01-09 19:12:50,1125,2025-01-09 19:12:50
103,3,2025-01-09 19:15:50,1125,2025-01-09 19:15:50
104,4,2025-01-09 19:19:50,1125,2025-01-09 19:19:50
105,5,2025-01-09 19:21:50,1125,2025-01-09 19:21:50
106,6,2025-01-09 19:22:50,1125,2025-01-09 19:22:50
107,7,2025-01-09 19:25:50,1125,2025-01-09 19:25:50
108,8,2025-01-09 19:27:50,1125,2025-01-09 19:27:50
109,9,2025-01-09 19:29:50,1125,2025-01-09 19:29:50
110,10,2025-01-09 19:31:50,1125,2025-01-09 19:31:50
111,11,2025-01-09 19:33:50,1125,2025-01-09 19:33:50
112,12,2025-01-09 19:35:50,1125,2025-01-09 19:35:50
113,13,2025-01-09 19:37:50,1125,2025-01-09 19:37:50
114,14,2025-01-09 19:39:50,1125,2025-01-09 19:39:50
115,15,2025-01-09 19:41:50,1125,2025-01-09 19:41:50
116,16,2025-01-09 19:43:50,1125,2025-01-09 19:43:50
117,17,2025-01-09 19:44:50,1125,2025-01-09 19:44:50
118,18,2025-01-09 19:46:50,1125,2025-01-09 19:46:50
119,19,2025-01-09 19:48:50,1125,2025-01-09 19:48:50
120,20,2025-01-09 19:50:50,1125,2025-01-09 19:50:50
121,21,2025-01-09 19:53:50,1125,2025-01-09 19:53:50
122,22,2025-01-09 19:55:50,1125,2025-01-09 19:55:50
123,23,2025-01-09 19:57:50,1125,2025-01-09 19:57:50
124,24,2025-01-09 20:00:50,1125,2025-01-09 20:00:50
125,25,2025-01-09 20:02:50,1125,2025-01-09 20:02:50
126,26,2025-01-09 20:05:50,1125,2025-01-09 20:05:50
127,27,2025-01-09 20:08:50,1125,2025-01-09 20:08:50
128,28,2025-01-09 20:10:50,1125,2025-01-09 20:10:50
129,29,2025-01-09 20:12:50,1125,2025-01-09 20:12:50
130,30,2025-01-09 20:14:50,1125,2025-01-09 20:14:50
131,31,2025-01-09 20:16:50,1125,2025-01-09 20:16:50
132,32,2025-01-09 20:17:50,1125,2025-01-09 20:17:50
133,33,2025-01-09 20:20:50,1125,2025-01-09 20:20:50
134,34,2025-01-09 20:22:50,1125,2025-01-09 20:22:50
135,35,2025-01-09 20:24:50,1125,2025-01-09 20:24:50
136,36,2025-01-09 20:26:50,1125,2025-01-09 20:26:50
100,0,2025-01-09 19:11:50,1126,2025-01-09 19:11:50
101,1,2025-01-09 19:15:50,1126,2025-01-09 19:15:50
102,2,2025-01-09 19:18:50,1126,2025-01-09 19:18:50
103,3,2025-01-09 19:21:50,1126,2025-01-09 19:21:50
104,4,2025-01-09 19:25:50,1126,2025-01-09 19:25:50
105,5,2025-01-09 19:27:50,1126,2025-01-09 19:27:50
106,6,2025-01-09 19:28:50,1126,2025-01-09 19:28:50
107,7,2025-01-09 19:31:50,1126,2025-01-09 19:31:50
108,8,2025-01-09 19:33:50,1126,2025-01-09 19:33:50
109,9,2025-01-09 19:35:50,1126,2025-01-09 19:35:50
110,10,2025-01-09 19:37:50,1126,2025-01-09 19:37:50
111,11,2025-01-09 19:39:50,1126,2025-01-09 19:39:50
112,12,2025-01-09 19:41:50,1126,2025-01-09 19:41:50
113,13,2025-01-09 19:43:50,1126,2025-01-09 19:43:50
114,14,2025-01-09 19:45:50,1126,2025-01-09 19:45:50
115,15,2025-01-09 19:47:50,1126,2025-01-09 19:47:50
116,16,2025-01-09 19:49:50,1126,2025-01-09 19:49:50
117,17,2025-01-09 19:50:50,1126,2025-01-09 19:50:50
118,18,2025-01-09 19:52:50,1126,2025-01-09 19:52:50
119,19,2025-01-09 19:54:50,1126,2025-01-09 19:54:50
120,20,2025-01-09 19:56:50,1126,2025-01-09 19:56:50
121,21,2025-01-09 19:59:50,1126,2025-01-09 19:59:50
122,22,2025-01-09 20:01:50,1126,2025-01-09 20:01:50
123,23,2025-01-09 20:03:50,1126,2025-01-09 20:03:50
124,24,2025-01-09 20:06:50,1126,2025-01-09 20:06:50
125,25,2025-01-09 20:08:50,1126,2025-01-09 20:08:50
126,26,2025-01-09 20:11:50,1126,2025-01-09 20:11:50
127,27,2025-01-09 20:14:50,1126,2025-01-09 20:14:50
128,28,2025-01-09 20:16:50,1126,2025-01-09 20:16:50
129,29,2025-01-09 20:18:50,1126,2025-01-09 20:18:50
130,30,2025-01-09 20:20:50,1126,2025-01-09 20:20:50
131,31,2025-01-09 20:22:50,1126,2025-01-09 20:22:50
132,32,2025-01-09 20:23:50,1126,2025-01-09 20:23:50
133,33,2025-01-09 20:26:50,1126,2025-01-09 20:26:50
134,34,2025-01-09 20:28:50,1126,2025-01-09 20:28:50
135,35,2025-01-09 20:30:50,1126,2025-01-09 20:30:50
136,36,2025-01-09 20:32:50,1126,2025-01-09 20:32:50
100,0,2025-01-09 19:17:50,1127,2025-01-09 19:17:50
101,1,2025-01-09 19:21:50,1127,2025-01-09 19:21:50
102,2,2025-01-09 19:24:50,1127,2025-01-09 19:24:50
103,3,2025-01-09 19:27:50,1127,2025-01-09 19:27:50
104,4,2025-01-09 19:31:50,1127,2025-01-09 19:31:50
105,5,2025-01-09 19:33:50,1127,2025-01-09 19:33:50
106,6,2025-01-09 19:34:50,1127,2025-01-09 19:34:50
107,7,2025-01-09 19:37:50,1127,2025-01-09 19:37:50
108,8,2025-01-09 19:39:50,1127,2025-01-09 19:39:50
109,9,2025-01-09 19:41:50,1127,2025-01-09 19:41:50
110,10,2025-01-09 19:43:50,1127,2025-01-09 19:43:50
111,11,2025-01-09 19:45:50,1127,2025-01-09 19:45:50
112,12,2025-01-09 19:47:50,1127,2025-01-09 19:47:50
113,13,2025-01-09 19:49:50,1127,2025-01-09 19:49:50
114,14,2025-01-09 19:51:50,1127,2025-01-09 19:51:50
115,15,2025-01-09 19:53:50,1127,2025-01-09 19:53:50
116,16,2025-01-09 19:55:50,1127,2025-01-09 19:55:50
117,17,2025-01-09 19:56:50,1127,2025-01-09 19:56:50
118,18,2025-01-09 19:58:50,1127,2025-01-09 19:58:50
119,19,2025-01-09 20:00:50,1127,2025-01-09 20:00:50
120,20,2025-01-09 20:02:50,1127,2025-01-09 20:02:50
121,21,2025-01-09 20:05:50,1127,2025-01-09 20:05:50
122,22,2025-01-09 20:07:50,1127,2025-01-09 20:07:50
123,23,2025-01-09 20:09:50,1127,2025-01-09 20:09:50
124,24,2025-01-09 20:12:50,1127,2025-01-09 20:12:50
125,25,2025-01-09 20:14:50,1127,2025-01-09 20:14:50
126,26,2025-01-09 20:17:50,1127,2025-01-09 20:17:50
127,27,2025-01-09 20:20:50,1127,2025-01-09 20:20:50
128,28,2025-01-09 20:22:50,1127,2025-01-09 20:22:50
129,29,2025-01-09 20:24:50,1127,2025-01-09 20:24:50
130,30,2025-01-09 20:26:50,1127,2025-01-09 20:26:50
131,31,2025-01-09 20:28:50,1127,2025-01-09 20:28:50
132,32,2025-01-09 20:29:50,1127,2025-01-09 20:29:50
133,33,2025-01-09 20:32:50,1127,2025-01-09 20:32:50
134,34,2025-01-09 20:34:50,1127,2025-01-09 20:34:50
135,35,2025-01-09 20:36:50,1127,2025-01-09 20:36:50
136,36,2025-01-09 20:38:50,1127,2025-01-09 20:38:50
100,0,2025-01-09 19:23:50,1128,2025-01-09 19:23:50
101,1,2025-01-09 19:27:50,1128,2025-01-09 19:27:50
102,2,2025-01-09 19:30:50,1128,2025-01-09 19:30:50
103,3,2025-01-09 19:33:50,1128,2025-01-09 19:33:50
104,4,2025-01-09 19:37:50,1128,2025-01-09 19:37:50
105,5,2025-01-09 19:39:50,1128,2025-01-09 19:39:50
106,6,2025-01-09 19:40:50,1128,2025-01-09 19:40:50
107,7,2025-01-09 19:43:50,1128,2025-01-09 19:43:50
108,8,2025-01-09 19:45:50,1128,2025-01-09 19:45:50
109,9,2025-01-09 19:47:50,1128,2025-01-09 19:47:50
110,10,2025-01-09 19:49:50,1128,2025-01-09 19:49:50
111,11,2025-01-09 19:51:50,1128,2025-01-09 19:51:50
112,12,2025-01-09 19:53:50,1128,2025-01-09 19:53:50
113,13,2025-01-09 19:55:50,1128,2025-01-09 19:55:50
114,14,2025-01-09 19:57:50,1128,2025-01-09 19:57:50
115,15,2025-01-09 19:59:50,1128,2025-01-09 19:59:50
116,16,2025-01-09 20:01:50,1128,2025-01-09 20:01:50
117,17,2025-01-09 20:02:50,1128,2025-01-09 20:02:50
118,18,2025-01-09 20:04:50,1128,2025-01-09 20:04:50
119,19,2025-01-09 20:06:50,1128,2025-01-09 20:06:50
120,20,2025-01-09 20:08:50,1128,2025-01-09 20:08:50
121,21,2025-01-09 20:11:50,1128,2025-01-09 20:11:50
122,22,2025-01-09 20:13:50,1128,2025-01-09 20:13:50
123,23,2025-01-09 20:15:50,1128,2025-01-09 20:15:50
124,24,2025-01-09 20:18:50,1128,2025-01-09 20:18:50
125,25,2025-01-09 20:20:50,1128,2025-01-09 20:20:50
126,26,2025-01-09 20:23:50,1128,2025-01-09 20:23:50
127,27,2025-01-09 20:26:50,1128,2025-01-09 20:26:50
128,28,2025-01-09 20:28:50,1128,2025-01-09 20:28:50
129,29,2025-01-09 20:30:50,1128,2025-01-09 20:30:50
130,30,2025-01-09 20:32:50,1128,2025-01-09 20:32:50
131,31,2025-01-09 20:34:50,1128,2025-01-09 20:34:50
132,32,2025-01-09 20:35:50,1128,2025-01-09 20:35:50
133,33,2025-01-09 20:38:50,1128,2025-01-09 20:38:50
134,34,2025-01-09 20:40:50,1128,2025-01-09 20:40:50
135,35,2025-01-09 20:42:50,1128,2025-01-09 20:42:50
136,36,2025-01-09 20:44:50,1128,2025-01-09 20:44:50
100,0,2025-01-09 19:29:50,1129,2025-01-09 19:29:50
101,1,2025-01-09 19:33:50,1129,2025-01-09 19:33:50
102,2,2025-01-09 19:36:50,1129,2025-01-09 19:36:50
103,3,2025-01-09 19:39:50,1129,2025-01-09 19:39:50
104,4,2025-01-09 19:43:50,1129,2025-01-09 19:43:50
105,5,2025-01-09 19:45:50,1129,2025-01-09 19:45:50
106,6,2025-01-09 19:46:50,1129,2025-01-09 19:46:50
107,7,2025-01-09 19:49:50,1129,2025-01-09 19:49:50
108,8,2025-01-09 19:51:50,1129,2025-01-09 19:51:50
109,9,2025-01-09 19:53:50,1129,2025-01-09 19:53:50
110,10,2025-01-09 19:55:50,1129,2025-01-09 19:55:50
111,11,2025-01-09 19:57:50,1129,2025-01-09 19:57:50
112,12,2025-01-09 19:59:50,1129,2025-01-09 19:59:50
113,13,2025-01-09 20:01:50,1129,2025-01-09 20:01:50
114,14,2025-01-09 20:03:50,1129,2025-01-09 20:03:50
115,15,2025-01-09 20:05:50,1129,2025-01-09 20:05:50
116,16,2025-01-09 20:07:50,1129,2025-01-09 20:07:50
117,17,2025-01-09 20:08:50,1129,2025-01-09 20:08:50
118,18,2025-01-09 20:10:50,1129,2025-01-09 20:10:50
119,19,2025-01-09 20:12:50,1129,2025-01-09 20:12:50
120,20,2025-01-09 20:14:50,1129,2025-01-09 20:14:50
121,21,2025-01-09 20:17:50,1129,2025-01-09 20:17:50
122,22,2025-01-09 20:19:50,1129,2025-01-09 20:19:50
123,23,2025-01-09 20:21:50,1129,2025-01-09 20:21:50
124,24,2025-01-09 20:24:50,1129,2025-01-09 20:24:50
125,25,2025-01-09 20:26:50,1129,2025-01-09 20:26:50
126,26,2025-01-09 20:29:50,1129,2025-01-09 20:29:50
127,27,2025-01-09 20:32:50,1129,2025-01-09 20:32:50
128,28,2025-01-09 20:34:50,1129,2025-01-09 20:34:50
129,29,2025-01-09 20:36:50,1129,2025-01-09 20:36:50
130,30,2025-01-09 20:38:50,1129,2025-01-09 20:38:50
131,31,2025-01-09 20:40:50,1129,2025-01-09 20:40:50
132,32,2025-01-09 20:41:50,1129,2025-01-09 20:41:50
133,33,2025-01-09 20:44:50,1129,2025-01-09 20:44:50
134,34,2025-01-09 20:46:50,1129,2025-01-09 20:46:50
135,35,2025-01-09 20:48:50,1129,2025-01-09 20:48:50
136,36,2025-01-09 20:50:50,1129,2025-01-09 20:50:50
100,0,2025-01-09 19:35:50,1130,2025-01-09 19:35:50
101,1,2025-01-09 19:39:50,1130,2025-01-09 19:39:50
102,2,2025-01-09 19:42:50,1130,2025-01-09 19:42:50
103,3,2025-01-09 19:45:50,1130,2025-01-09 19:45:50
104,4,2025-01-09 19:49:50,1130,2025-01-09 19:49:50
105,5,2025-01-09 19:51:50,1130,2025-01-09 19:51:50
106,6,2025-01-09 19:52:50,1130,2025-01-09 19:52:50
107,7,2025-01-09 19:55:50,1130,2025-01-09 19:55:50
108,8,2025-01-09 19:57:50,1130,2025-01-09 19:57:50
109,9,2025-01-09 19:59:50,1130,2025-01-09 19:59:50
110,10,2025-01-09 20:01:50,1130,2025-01-09 20:01:50
111,11,2025-01-09 20:03:50,1130,2025-01-09 20:03:50
112,12,2025-01-09 20:05:50,1130,2025-01-09 20:05:50
113,13,2025-01-09 20:07:50,1130,2025-01-09 20:07:50
114,14,2025-01-09 20:09:50,1130,2025-01-09 20:09:50
115,15,2025-01-09 20:11:50,1130,2025-01-09 20:11:50
116,16,2025-01-09 20:13:50,1130,2025-01-09 20:13:50
117,17,2025-01-09 20:14:50,1130,2025-01-09 20:14:50
118,18,2025-01-09 20:16:50,1130,2025-01-09 20:16:50
119,19,2025-01-09 20:18:50,1130,2025-01-09 20:18:50
120,20,2025-01-09 20:20:50,1130,2025-01-09 20:20:50
121,21,2025-01-09 20:23:50,1130,2025-01-09 20:23:50
122,22,2025-01-09 20:25:50,1130,2025-01-09 20:25:50
123,23,2025-01-09 20:27:50,1130,2025-01-09 20:27:50
124,24,2025-01-09 20:30:50,1130,2025-01-09 20:30:50
125,25,2025-01-09 20:32:50,1130,2025-01-09 20:32:50
126,26,2025-01-09 20:35:50,1130,2025-01-09 20:35:50
127,27,2025-01-09 20:38:50,1130,2025-01-09 20:38:50
128,28,2025-01-09 20:40:50,1130,2025-01-09 20:40:50
129,29,2025-01-09 20:42:50,1130,2025-01-09 20:42:50
130,30,2025-01-09 20:44:50,1130,2025-01-09 20:44:50
131,31,2025-01-09 20:46:50,1130,2025-01-09 20:46:50
132,32,2025-01-09 20:47:50,1130,2025-01-09 20:47:50
133,33,2025-01-09 20:50:50,1130,2025-01-09 20:50:50
134,34,2025-01-09 20:52:50,1130,2025-01-09 20:52:50
135,35,2025-01-09 20:54:50,1130,2025-01-09 20:54:50
136,36,2025-01-09 20:56:50,1130,2025-01-09 20:56:50
100,0,2025-01-09 19:41:50,1131,2025-01-09 19:41:50
101,1,2025-01-09 19:45:50,1131,2025-01-09 19:45:50
102,2,2025-01-09 19:48:50,1131,2025-01-09 19:48:50
103,3,2025-01-09 19:51:50,1131,2025-01-09 19:51:50
104,4,2025-01-09 19:55:50,1131,2025-01-09 19:55:50
105,5,2025-01-09 19:57:50,1131,2025-01-09 19:57:50
106,6,2025-01-09 19:58:50,1131,2025-01-09 19:58:50
107,7,2025-01-09 20:01:50,1131,2025-01-09 20:01:50
108,8,2025-01-09 20:03:50,1131,2025-01-09 20:03:50
109,9,2025-01-09 20:05:50,1131,2025-01-09 20:05:50
110,10,2025-01-09 20:07:50,1131,2025-01-09 20:07:50
111,11,2025-01-09 20:09:50,1131,2025-01-09 20:09:50
112,12,2025-01-09 20:11:50,1131,2025-01-09 20:11:50
113,13,2025-01-09 20:13:50,1131,2025-01-09 20:13:50
114,14,2025-01-09 20:15:50,1131,2025-01-09 20:15:50
115,15,2025-01-09 20:17:50,1131,2025-01-09 20:17:50
116,16,2025-01-09 20:19:50,1131,2025-01-09 20:19:50
117,17,2025-01-09 20:20:50,1131,2025-01-09 20:20:50
118,18,2025-01-09 20:22:50,1131,2025-01-09 20:22:50
119,19,2025-01-09 20:24:50,1131,2025-01-09 20:24:50
120,20,2025-01-09 20:26:50,1131,2025-01-09 20:26:50
121,21,2025-01-09 20:29:50,1131,2025-01-09 20:29:50
122,22,2025-01-09 20:31:50,1131,2025-01-09 20:31:50
123,23,2025-01-09 20:33:50,1131,2025-01-09 20:33:50
124,24,2025-01-09 20:36:50,1131,2025-01-09 20:36:50
125,25,2025-01-09 20:38:50,1131,2025-01-09 20:38:50
126,26,2025-01-09 20:41:50,1131,2025-01-09 20:41:50
127,27,2025-01-09 20:44:50,1131,2025-01-09 20:44:50
128,28,2025-01-09 20:46:50,1131,2025-01-09 20:46:50
129,29,2025-01-09 20:48:50,1131,2025-01-09 20:48:50
130,30,2025-01-09 20:50:50,1131,2025-01-09 20:50:50
131,31,2025-01-09 20:52:50,1131,2025-01-09 20:52:50
132,32,2025-01-09 20:53:50,1131,2025-01-09 20:53:50
133,33,2025-01-09 20:56:50,1131,2025-01-09 20:56:50
134,34,2025-01-09 20:58:50,1131,2025-01-09 20:58:50
135,35,2025-01-09 21:00:50,1131,2025-01-09 21:00:50
136,36,2025-01-09 21:02:50,1131,2025-01-09 21:02:50
100,0,2025-01-09 19:47:50,1132,2025-01-09 19:47:50
101,1,2025-01-09 19:51:50,1132,2025-01-09 19:51:50
102,2,2025-01-09 19:54:50,1132,2025-01-09 19:54:50
103,3,2025-01-09 19:57:50,1132,2025-01-09 19:57:50
104,4,2025-01-09 20:01:50,1132,2025-01-09 20:01:50
105,5,2025-01-09 20:03:50,1132,2025-01-09 20:03:50
106,6,2025-01-09 20:04:50,1132,2025-01-09 20:04:50
107,7,2025-01-09 20:07:50,1132,2025-01-09 20:07:50
108,8,2025-01-09 20:09:50,1132,2025-01-09 20:09:50
109,9,2025-01-09 20:11:50,1132,2025-01-09 20:11:50
110,10,2025-01-09 20:13:50,1132,2025-01-09 20:13:50
111,11,2025-01-09 20:15:50,1132,2025-01-09 20:15:50
112,12,2025-01-09 20:17:50,1132,2025-01-09 20:17:50
113,13,2025-01-09 20:19:50,1132,2025-01-09 20:19:50
114,14,2025-01-09 20:21:50,1132,2025-01-09 20:21:50
115,15,2025-01-09 20:23:50,1132,2025-01-09 20:23:50
116,16,2025-01-09 20:25:50,1132,2025-01-09 20:25:50
117,17,2025-01-09 20:26:50,1132,2025-01-09 20:26:50
118,18,2025-01-09 20:28:50,1132,2025-01-09 20:28:50
119,19,2025-01-09 20:30:50,1132,2025-01-09 20:30:50
120,20,2025-01-09 20:32:50,1132,2025-01-09 20:32:50
121,21,2025-01-09 20:35:50,1132,2025-01-09 20:35:50
122,22,2025-01-09 20:37:50,1132,2025-01-09 20:37:50
123,23,2025-01-09 20:39:50,1132,2025-01-09 20:39:50
124,24,2025-01-09 20:42:50,1132,2025-01-09 20:42:50
125,25,2025-01-09 20:44:50,1132,2025-01-09 20:44:50
126,26,2025-01-09 20:47:50,1132,2025-01-09 20:47:50
127,27,2025-01-09 20:50:50,1132,2025-01-09 20:50:50
128,28,2025-01-09 20:52:50,1132,2025-01-09 20:52:50
129,29,2025-01-09 20:54:50,1132,2025-01-09 20:54:50
130,30,2025-01-09 20:56:50,1132,2025-01-09 20:56:50
131,31,2025-01-09 20:58:50,1132,2025-01-09 20:58:50
132,32,2025-01-09 20:59:50,1132,2025-01-09 20:59:50
133,33,2025-01-09 21:02:50,1132,2025-01-09 21:02:50
134,34,2025-01-09 21:04:50,1132,2025-01-09 21:04:50
135,35,2025-01-09 21:06:50,1132,2025-01-09 21:06:50
136,36,2025-01-09 21:08:50,1132,2025-01-09 21:08:50
100,0,2025-01-09 19:53:50,1133,2025-01-09 19:53:50
101,1,2025-01-09 19:57:50,1133,2025-01-09 19:57:50
102,2,2025-01-09 20:00:50,1133,2025-01-09 20:00:50
103,3,2025-01-09 20:03:50,1133,2025-01-09 20:03:50
104,4,2025-01-09 20:07:50,1133,2025-01-09 20:07:50
105,5,2025-01-09 20:09:50,1133,2025-01-09 20:09:50
106,6,2025-01-09 20:10:50,1133,2025-01-09 20:10:50
107,7,2025-01-09 20:13:50,1133,2025-01-09 20:13:50
108,8,2025-01-09 20:15:50,1133,2025-01-09 20:15:50
109,9,2025-01-09 20:17:50,1133,2025-01-09 20:17:50
110,10,2025-01-09 20:19:50,1133,2025-01-09 20:19:50
111,11,2025-01-09 20:21:50,1133,2025-01-09 20:21:50
112,12,2025-01-09 20:23:50,1133,2025-01-09 20:23:50
113,13,2025-01-09 20:25:50,1133,2025-01-09 20:25:50
114,14,2025-01-09 20:27:50,1133,2025-01-09 20:27:50
115,15,2025-01-09 20:29:50,1133,2025-01-09 20:29:50
116,16,2025-01-09 20:31:50,1133,2025-01-09 20:31:50
117,17,2025-01-09 20:32:50,1133,2025-01-09 20:32:50
118,18,2025-01-09 20:34:50,1133,2025-01-09 20:34:50
119,19,2025-01-09 20:36:50,1133,2025-01-09 20:36:50
120,20,2025-01-09 20:38:50,1133,2025-01-09 20:38:50
121,21,2025-01-09 20:41:50,1133,2025-01-09 20:41:50
122,22,2025-01-09 20:43:50,1133,2025-01-09 20:43:50
123,23,2025-01-09 20:45:50,1133,2025-01-09 20:45:50
124,24,2025-01-09 20:48:50,1133,2025-01-09 20:48:50
125,25,2025-01-09 20:50:50,1133,2025-01-09 20:50:50
126,26,2025-01-09 20:53:50,1133,2025-01-09 20:53:50
127,27,2025-01-09 20:56:50,1133,2025-01-09 20:56:50
128,28,2025-01-09 20:58:50,1133,2025-01-09 20:58:50
129,29,2025-01-09 21:00:50,1133,2025-01-09 21:00:50
130,30,2025-01-09 21:02:50,1133,2025-01-09 21:02:50
131,31,2025-01-09 21:04:50,1133,2025-01-09 21:04:50
132,32,2025-01-09 21:05:50,1133,2025-01-09 21:05:50
133,33,2025-01-09 21:08:50,1133,2025-01-09 21:08:50
134,34,2025-01-09 21:10:50,1133,2025-01-09 21:10:50
135,35,2025-01-09 21:12:50,1133,2025-01-09 21:12:50
136,36,2025-01-09 21:14:50,1133,2025-01-09 21:14:50
100,0,2025-01-09 19:59:50,1134,2025-01-09 19:59:50
101,1,2025-01-09 20:03:50,1134,2025-01-09 20:03:50
102,2,2025-01-09 20:06:50,1134,2025-01-09 20:06:50
103,3,2025-01-09 20:09:50,1134,2025-01-09 20:09:50
104,4,2025-01-09 20:13:50,1134,2025-01-09 20:13:50
105,5,2025-01-09 20:15:50,1134,2025-01-09 20:15:50
106,6,2025-01-09 20:16:50,1134,2025-01-09 20:16:50
107,7,2025-01-09 20:19:50,1134,2025-01-09 20:19:50
108,8,2025-01-09 20:21:50,1134,2025-01-09 20:21:50
109,9,2025-01-09 20:23:50,1134,2025-01-09 20:23:50
110,10,2025-01-09 20:25:50,1134,2025-01-09 20:25:50
111,11,2025-01-09 20:27:50,1134,2025-01-09 20:27:50
112,12,2025-01-09 20:29:50,1134,2025-01-09 20:29:50
113,13,2025-01-09 20:31:50,1134,2025-01-09 20:31:50
114,14,2025-01-09 20:33:50,1134,2025-01-09 20:33:50
115,15,2025-01-09 20:35:50,1134,2025-01-09 20:35:50
116,16,2025-01-09 20:37:50,1134,2025-01-09 20:37:50
117,17,2025-01-09 20:38:50,1134,2025-01-09 20:38:50
118,18,2025-01-09 20:40:50,1134,2025-01-09 20:40:50
119,19,2025-01-09 20:42:50,1134,2025-01-09 20:42:50
120,20,2025-01-09 20:44:50,1134,2025-01-09 20:44:50
121,21,2025-01-09 20:47:50,1134,2025-01-09 20:47:50
122,22,2025-01-09 20:49:50,1134,2025-01-09 20:49:50
123,23,2025-01-09 20:51:50,1134,2025-01-09 20:51:50
124,24,2025-01-09 20:54:50,1134,2025-01-09 20:54:50
125,25,2025-01-09 20:56:50,1134,2025-01-09 20:56:50
126,26,2025-01-09 20:59:50,1134,2025-01-09 20:59:50
127,27,2025-01-09 21:02:50,1134,2025-01-09 21:02:50
128,28,2025-01-09 21:04:50,1134,2025-01-09 21:04:50
129,29,2025-01-09 21:06:50,1134,2025-01-09 21:06:50
130,30,2025-01-09 21:08:50,1134,2025-01-09 21:08:50
131,31,2025-01-09 21:10:50,1134,2025-01-09 21:10:50
132,32,2025-01-09 21:11:50,1134,2025-01-09 21:11:50
133,33,2025-01-09 21:14:50,1134,2025-01-09 21:14:50
134,34,2025-01-09 21:16:50,1134,2025-01-09 21:16:50
135,35,2025-01-09 21:18:50,1134,2025-01-09 21:18:50
136,36,2025-01-09 21:20:50,1134,2025-01-09 21:20:50
100,0,2025-01-09 20:07:50,1135,2025-01-09 20:07:50
101,1,2025-01-09 20:11:50,1135,2025-01-09 20:11:50
102,2,2025-01-09 20:14:50,1135,2025-01-09 20:14:50
103,3,2025-01-09 20:17:50,1135,2025-01-09 20:17:50
104,4,2025-01-09 20:21:50,1135,2025-01-09 20:21:50
105,5,2025-01-09 20:23:50,1135,2025-01-09 20:23:50
106,6,2025-01-09 20:24:50,1135,2025-01-09 20:24:50
107,7,2025-01-09 20:27:50,1135,2025-01-09 20:27:50
108,8,2025-01-09 20:29:50,1135,2025-01-09 20:29:50
109,9,2025-01-09 20:31:50,1135,2025-01-09 20:31:50
110,10,2025-01-09 20:33:50,1135,2025-01-09 20:33:50
111,11,2025-01-09 20:35:50,1135,2025-01-09 20:35:50
112,12,2025-01-09 20:37:50,1135,2025-01-09 20:37:50
113,13,2025-01-09 20:39:50,1135,2025-01-09 20:39:50
114,14,2025-01-09 20:41:50,1135,2025-01-09 20:41:50
115,15,2025-01-09 20:43:50,1135,2025-01-09 20:43:50
116,16,2025-01-09 20:45:50,1135,2025-01-09 20:45:50
117,17,2025-01-09 20:46:50,1135,2025-01-09 20:46:50
118,18,2025-01-09 20:48:50,1135,2025-01-09 20:48:50
119,19,2025-01-09 20:50:50,1135,2025-01-09 20:50:50
120,20,2025-01-09 20:52:50,1135,2025-01-09 20:52:50
121,21,2025-01-09 20:55:50,1135,2025-01-09 20:55:50
122,22,2025-01-09 20:57:50,1135,2025-01-09 20:57:50
123,23,2025-01-09 20:59:50,1135,2025-01-09 20:59:50
124,24,2025-01-09 21:02:50,1135,2025-01-09 21:02:50
125,25,2025-01-09 21:04:50,1135,2025-01-09 21:04:50
126,26,2025-01-09 21:07:50,1135,2025-01-09 21:07:50
127,27,2025-01-09 21:10:50,1135,2025-01-09 21:10:50
128,28,2025-01-09 21:12:50,1135,2025-01-09 21:12:50
129,29,2025-01-09 21:14:50,1135,2025-01-09 21:14:50
130,30,2025-01-09 21:16:50,1135,2025-01-09 21:16:50
131,31,2025-01-09 21:18:50,1135,2025-01-09 21:18:50
132,32,2025-01-09 21:19:50,1135,2025-01-09 21:19:50
133,33,2025-01-09 21:22:50,1135,2025-01-09 21:22:50
134,34,2025-01-09 21:24:50,1135,2025-01-09 21:24:50
135,35,2025-01-09 21:26:50,1135,2025-01-09 21:26:50
136,36,2025-01-09 21:28:50,1135,2025-01-09 21:28:50
100,0,2025-01-09 20:15:50,1136,2025-01-09 20:15:50
101,1,2025-01-09 20:19:50,1136,2025-01-09 20:19:50
102,2,2025-01-09 20:22:50,1136,2025-01-09 20:22:50
103,3,2025-01-09 20:25:50,1136,2025-01-09 20:25:50
104,4,2025-01-09 20:29:50,1136,2025-01-09 20:29:50
105,5,2025-01-09 20:31:50,1136,2025-01-09 20:31:50
106,6,2025-01-09 20:32:50,1136,2025-01-09 20:32:50
107,7,2025-01-09 20:35:50,1136,2025-01-09 20:35:50
108,8,2025-01-09 20:37:50,1136,2025-01-09 20:37:50
109,9,2025-01-09 20:39:50,1136,2025-01-09 20:39:50
110,10,2025-01-09 20:41:50,1136,2025-01-09 20:41:50
111,11,2025-01-09 20:43:50,1136,2025-01-09 20:43:50
112,12,2025-01-09 20:45:50,1136,2025-01-09 20:45:50
113,13,2025-01-09 20:47:50,1136,2025-01-09 20:47:50
114,14,2025-01-09 20:49:50,1136,2025-01-09 20:49:50
115,15,2025-01-09 20:51:50,1136,2025-01-09 20:51:50
116,16,2025-01-09 20:53:50,1136,2025-01-09 20:53:50
117,17,2025-01-09 20:54:50,1136,2025-01-09 20:54:50
118,18,2025-01-09 20:56:50,1136,2025-01-09 20:56:50
119,19,2025-01-09 20:58:50,1136,2025-01-09 20:58:50
120,20,2025-01-09 21:00:50,1136,2025-01-09 21:00:50
121,21,2025-01-09 21:03:50,1136,2025-01-09 21:03:50
122,22,2025-01-09 21:05:50,1136,2025-01-09 21:05:50
123,23,2025-01-09 21:07:50,1136,2025-01-09 21:07:50
124,24,2025-01-09 21:10:50,1136,2025-01-09 21:10:50
125,25,2025-01-09 21:12:50,1136,2025-01-09 21:12:50
126,26,2025-01-09 21:15:50,1136,2025-01-09 21:15:50
127,27,2025-01-09 21:18:50,1136,2025-01-09 21:18:50
128,28,2025-01-09 21:20:50,1136,2025-01-09 21:20:50
129,29,2025-01-09 21:22:50,1136,2025-01-09 21:22:50
130,30,2025-01-09 21:24:50,1136,2025-01-09 21:24:50
131,31,2025-01-09 21:26:50,1136,2025-01-09 21:26:50
132,32,2025-01-09 21:27:50,1136,2025-01-09 21:27:50
133,33,2025-01-09 21:30:50,1136,2025-01-09 21:30:50
134,34,2025-01-09 21:32:50,1136,2025-01-09 21:32:50
135,35,2025-01-09 21:34:50,1136,2025-01-09 21:34:50
136,36,2025-01-09 21:36:50,1136,2025-01-09 21:36:50
100,0,2025-01-09 20:23:50,1137,2025-01-09 20:23:50
101,1,2025-01-09 20:27:50,1137,2025-01-09 20:27:50
102,2,2025-01-09 20:30:50,1137,2025-01-09 20:30:50
103,3,2025-01-09 20:33:50,1137,2025-01-09 20:33:50
104,4,2025-01-09 20:37:50,1137,2025-01-09 20:37:50
105,5,2025-01-09 20:39:50,1137,2025-01-09 20:39:50
106,6,2025-01-09 20:40:50,1137,2025-01-09 20:40:50
107,7,2025-01-09 20:43:50,1137,2025-01-09 20:43:50
108,8,2025-01-09 20:45:50,1137,2025-01-09 20:45:50
109,9,2025-01-09 20:47:50,1137,2025-01-09 20:47:50
110,10,2025-01-09 20:49:50,1137,2025-01-09 20:49:50
111,11,2025-01-09 20:51:50,1137,2025-01-09 20:51:50
112,12,2025-01-09 20:53:50,1137,2025-01-09 20:53:50
113,13,2025-01-09 20:55:50,1137,2025-01-09 20:55:50
114,14,2025-01-09 20:57:50,1137,2025-01-09 20:57:50
115,15,2025-01-09 20:59:50,1137,2025-01-09 20:59:50
116,16,2025-01-09 21:01:50,1137,2025-01-09 21:01:50
117,17,2025-01-09 21:02:50,1137,2025-01-09 21:02:50
118,18,2025-01-09 21:04:50,1137,2025-01-09 21:04:50
119,19,2025-01-09 21:06:50,1137,2025-01-09 21:06:50
120,20,2025-01-09 21:08:50,1137,2025-01-09 21:08:50
121,21,2025-01-09 21:11:50,1137,2025-01-09 21:11:50
122,22,2025-01-09 21:13:50,1137,2025-01-09 21:13:50
123,23,2025-01-09 21:15:50,1137,2025-01-09 21:15:50
124,24,2025-01-09 21:18:50,1137,2025-01-09 21:18:50
125,25,2025-01-09 21:20:50,1137,2025-01-09 21:20:50
126,26,2025-01-09 21:23:50,1137,2025-01-09 21:23:50
127,27,2025-01-09 21:26:50,1137,2025-01-09 21:26:50
128,28,2025-01-09 21:28:50,1137,2025-01-09 21:28:50
129,29,2025-01-09 21:30:50,1137,2025-01-09 21:30:50
130,30,2025-01-09 21:32:50,1137,2025-01-09 21:32:50
131,31,2025-01-09 21:34:50,1137,2025-01-09 21:34:50
132,32,2025-01-09 21:35:50,1137,2025-01-09 21:35:50
133,33,2025-01-09 21:38:50,1137,2025-01-09 21:38:50
134,34,2025-01-09 21:40:50,1137,2025-01-09 21:40:50
135,35,2025-01-09 21:42:50,1137,2025-01-09 21:42:50
136,36,2025-01-09 21:44:50,1137,2025-01-09 21:44:50
100,0,2025-01-09 20:31:50,1138,2025-01-09 20:31:50
101,1,2025-01-09 20:35:50,1138,2025-01-09 20:35:50
102,2,2025-01-09 20:38:50,1138,2025-01-09 20:38:50
103,3,2025-01-09 20:41:50,1138,2025-01-09 20:41:50
104,4,2025-01-09 20:45:50,1138,2025-01-09 20:45:50
105,5,2025-01-09 20:47:50,1138,2025-01-09 20:47:50
106,6,2025-01-09 20:48:50,1138,2025-01-09 20:48:50
107,7,2025-01-09 20:51:50,1138,2025-01-09 20:51:50
108,8,2025-01-09 20:53:50,1138,2025-01-09 20:53:50
109,9,2025-01-09 20:55:50,1138,2025-01-09 20:55:50
110,10,2025-01-09 20:57:50,1138,2025-01-09 20:57:50
111,11,2025-01-09 20:59:50,1138,2025-01-09 20:59:50
112,12,2025-01-09 21:01:50,1138,2025-01-09 21:01:50
113,13,2025-01-09 21:03:50,1138,2025-01-09 21:03:50
114,14,2025-01-09 21:05:50,1138,2025-01-09 21:05:50
115,15,2025-01-09 21:07:50,1138,2025-01-09 21:07:50
116,16,2025-01-09 21:09:50,1138,2025-01-09 21:09:50
117,17,2025-01-09 21:10:50,1138,2025-01-09 21:10:50
118,18,2025-01-09 21:12:50,1138,2025-01-09 21:12:50
119,19,2025-01-09 21:14:50,1138,2025-01-09 21:14:50
120,20,2025-01-09 21:16:50,1138,2025-01-09 21:16:50
121,21,2025-01-09 21:19:50,1138,2025-01-09 21:19:50
122,22,2025-01-09 21:21:50,1138,2025-01-09 21:21:50
123,23,2025-01-09 21:23:50,1138,2025-01-09 21:23:50
124,24,2025-01-09 21:26:50,1138,2025-01-09 21:26:50
125,25,2025-01-09 21:28:50,1138,2025-01-09 21:28:50
126,26,2025-01-09 21:31:50,1138,2025-01-09 21:31:50
127,27,2025-01-09 21:34:50,1138,2025-01-09 21:34:50
128,28,2025-01-09 21:36:50,1138,2025-01-09 21:36:50
129,29,2025-01-09 21:38:50,1138,2025-01-09 21:38:50
130,30,2025-01-09 21:40:50,1138,2025-01-09 21:40:50
131,31,2025-01-09 21:42:50,1138,2025-01-09 21:42:50
132,32,2025-01-09 21:43:50,1138,2025-01-09 21:43:50
133,33,2025-01-09 21:46:50,1138,2025-01-09 21:46:50
134,34,2025-01-09 21:48:50,1138,2025-01-09 21:48:50
135,35,2025-01-09 21:50:50,1138,2025-01-09 21:50:50
136,36,2025-01-09 21:52:50,1138,2025-01-09 21:52:50
100,0,2025-01-09 20:39:50,1139,2025-01-09 20:39:50
101,1,2025-01-09 20:43:50,1139,2025-01-09 20:43:50
102,2,2025-01-09 20:46:50,1139,2025-01-09 20:46:50
103,3,2025-01-09 20:49:50,1139,2025-01-09 20:49:50
104,4,2025-01-09 20:53:50,1139,2025-01-09 20:53:50
105,5,2025-01-09 20:55:50,1139,2025-01-09 20:55:50
106,6,2025-01-09 20:56:50,1139,2025-01-09 20:56:50
107,7,2025-01-09 20:59:50,1139,2025-01-09 20:59:50
108,8,2025-01-09 21:01:50,1139,2025-01-09 21:01:50
109,9,2025-01-09 21:03:50,1139,2025-01-09 21:03:50
110,10,2025-01-09 21:05:50,1139,2025-01-09 21:05:50
111,11,2025-01-09 21:07:50,1139,2025-01-09 21:07:50
112,12,2025-01-09 21:09:50,1139,2025-01-09 21:09:50
113,13,2025-01-09 21:11:50,1139,2025-01-09 21:11:50
114,14,2025-01-09 21:13:50,1139,2025-01-09 21:13:50
115,15,2025-01-09 21:15:50,1139,2025-01-09 21:15:50
116,16,2025-01-09 21:17:50,1139,2025-01-09 21:17:50
117,17,2025-01-09 21:18:50,1139,2025-01-09 21:18:50
118,18,2025-01-09 21:20:50,1139,2025-01-09 21:20:50
119,19,2025-01-09 21:22:50,1139,2025-01-09 21:22:50
120,20,2025-01-09 21:24:50,1139,2025-01-09 21:24:50
121,21,2025-01-09 21:27:50,1139,2025-01-09 21:27:50
122,22,2025-01-09 21:29:50,1139,2025-01-09 21:29:50
123,23,2025-01-09 21:31:50,1139,2025-01-09 21:31:50
124,24,2025-01-09 21:34:50,1139,2025-01-09 21:34:50
125,25,2025-01-09 21:36:50,1139,2025-01-09 21:36:50
126,26,2025-01-09 21:39:50,1139,2025-01-09 21:39:50
127,27,2025-01-09 21:42:50,1139,2025-01-09 21:42:50
128,28,2025-01-09 21:44:50,1139,2025-01-09 21:44:50
129,29,2025-01-09 21:46:50,1139,2025-01-09 21:46:50
130,30,2025-01-09 21:48:50,1139,2025-01-09 21:48:50
131,31,2025-01-09 21:50:50,1139,2025-01-09 21:50:50
132,32,2025-01-09 21:51:50,1139,2025-01-09 21:51:50
133,33,2025-01-09 21:54:50,1139,2025-01-09 21:54:50
134,34,2025-01-09 21:56:50,1139,2025-01-09 21:56:50
135,35,2025-01-09 21:58:50,1139,2025-01-09 21:58:50
136,36,2025-01-09 22:00:50,1139,2025-01-09 22:00:50
100,0,2025-01-09 20:49:50,1140,2025-01-09 20:49:50
101,1,2025-01-09 20:53:50,1140,2025-01-09 20:53:50
102,2,2025-01-09 20:56:50,1140,2025-01-09 20:56:50
103,3,2025-01-09 20:59:50,1140,2025-01-09 20:59:50
104,4,2025-01-09 21:03:50,1140,2025-01-09 21:03:50
105,5,2025-01-09 21:05:50,1140,2025-01-09 21:05:50
106,6,2025-01-09 21:06:50,1140,2025-01-09 21:06:50
107,7,2025-01-09 21:09:50,1140,2025-01-09 21:09:50
108,8,2025-01-09 21:11:50,1140,2025-01-09 21:11:50
109,9,2025-01-09 21:13:50,1140,2025-01-09 21:13:50
110,10,2025-01-09 21:15:50,1140,2025-01-09 21:15:50
111,11,2025-01-09 21:17:50,1140,2025-01-09 21:17:50
112,12,2025-01-09 21:19:50,1140,2025-01-09 21:19:50
113,13,2025-01-09 21:21:50,1140,2025-01-09 21:21:50
114,14,2025-01-09 21:23:50,1140,2025-01-09 21:23:50
115,15,2025-01-09 21:25:50,1140,2025-01-09 21:25:50
116,16,2025-01-09 21:27:50,1140,2025-01-09 21:27:50
117,17,2025-01-09 21:28:50,1140,2025-01-09 21:28:50
118,18,2025-01-09 21:30:50,1140,2025-01-09 21:30:50
119,19,2025-01-09 21:32:50,1140,2025-01-09 21:32:50
120,20,2025-01-09 21:34:50,1140,2025-01-09 21:34:50
121,21,2025-01-09 21:37:50,1140,2025-01-09 21:37:50
122,22,2025-01-09 21:39:50,1140,2025-01-09 21:39:50
123,23,2025-01-09 21:41:50,1140,2025-01-09 21:41:50
124,24,2025-01-09 21:44:50,1140,2025-01-09 21:44:50
125,25,2025-01-09 21:46:50,1140,2025-01-09 21:46:50
126,26,2025-01-09 21:49:50,1140,2025-01-09 21:49:50
127,27,2025-01-09 21:52:50,1140,2025-01-09 21:52:50
128,28,2025-01-09 21:54:50,1140,2025-01-09 21:54:50
129,29,2025-01-09 21:56:50,1140,2025-01-09 21:56:50
130,30,2025-01-09 21:58:50,1140,2025-01-09 21:58:50
131,31,2025-01-09 22:00:50,1140,2025-01-09 22:00:50
132,32,2025-01-09 22:01:50,1140,2025-01-09 22:01:50
133,33,2025-01-09 22:04:50,1140,2025-01-09 22:04:50
134,34,2025-01-09 22:06:50,1140,2025-01-09 22:06:50
135,35,2025-01-09 22:08:50,1140,2025-01-09 22:08:50
136,36,2025-01-09 22:10:50,1140,2025-01-09 22:10:50
100,0,2025-01-09 20:59:50,1141,2025-01-09 20:59:50
101,1,2025-01-09 21:03:50,1141,2025-01-09 21:03:50
102,2,2025-01-09 21:06:50,1141,2025-01-09 21:06:50
103,3,2025-01-09 21:09:50,1141,2025-01-09 21:09:50
104,4,2025-01-09 21:13:50,1141,2025-01-09 21:13:50
105,5,2025-01-09 21:15:50,1141,2025-01-09 21:15:50
106,6,2025-01-09 21:16:50,1141,2025-01-09 21:16:50
107,7,2025-01-09 21:19:50,1141,2025-01-09 21:19:50
108,8,2025-01-09 21:21:50,1141,2025-01-09 21:21:50
109,9,2025-01-09 21:23:50,1141,2025-01-09 21:23:50
110,10,2025-01-09 21:25:50,1141,2025-01-09 21:25:50
111,11,2025-01-09 21:27:50,1141,2025-01-09 21:27:50
112,12,2025-01-09 21:29:50,1141,2025-01-09 21:29:50
113,13,2025-01-09 21:31:50,1141,2025-01-09 21:31:50
114,14,2025-01-09 21:33:50,1141,2025-01-09 21:33:50
115,15,2025-01-09 21:35:50,1141,2025-01-09 21:35:50
116,16,2025-01-09 21:37:50,1141,2025-01-09 21:37:50
117,17,2025-01-09 21:38:50,1141,2025-01-09 21:38:50
118,18,2025-01-09 21:40:50,1141,2025-01-09 21:40:50
119,19,2025-01-09 21:42:50,1141,2025-01-09 21:42:50
120,20,2025-01-09 21:44:50,1141,2025-01-09 21:44:50
121,21,2025-01-09 21:47:50,1141,2025-01-09 21:47:50
122,22,2025-01-09 21:49:50,1141,2025-01-09 21:49:50
123,23,2025-01-09 21:51:50,1141,2025-01-09 21:51:50
124,24,2025-01-09 21:54:50,1141,2025-01-09 21:54:50
125,25,2025-01-09 21:56:50,1141,2025-01-09 21:56:50
126,26,2025-01-09 21:59:50,1141,2025-01-09 21:59:50
127,27,2025-01-09 22:02:50,1141,2025-01-09 22:02:50
128,28,2025-01-09 22:04:50,1141,2025-01-09 22:04:50
129,29,2025-01-09 22:06:50,1141,2025-01-09 22:06:50
130,30,2025-01-09 22:08:50,1141,2025-01-09 22:08:50
131,31,2025-01-09 22:10:50,1141,2025-01-09 22:10:50
132,32,2025-01-09 22:11:50,1141,2025-01-09 22:11:50
133,33,2025-01-09 22:14:50,1141,2025-01-09 22:14:50
134,34,2025-01-09 22:16:50,1141,2025-01-09 22:16:50
135,35,2025-01-09 22:18:50,1141,2025-01-09 22:18:50
136,36,2025-01-09 22:20:50,1141,2025-01-09 22:20:50
100,0,2025-01-09 21:09:50,1142,2025-01-09 21:09:50
101,1,2025-01-09 21:13:50,1142,2025-01-09 21:13:50
102,2,2025-01-09 21:16:50,1142,2025-01-09 21:16:50
103,3,2025-01-09 21:19:50,1142,2025-01-09 21:19:50
104,4,2025-01-09 21:23:50,1142,2025-01-09 21:23:50
105,5,2025-01-09 21:25:50,1142,2025-01-09 21:25:50
106,6,2025-01-09 21:26:50,1142,2025-01-09 21:26:50
107,7,2025-01-09 21:29:50,1142,2025-01-09 21:29:50
108,8,2025-01-09 21:31:50,1142,2025-01-09 21:31:50
109,9,2025-01-09 21:33:50,1142,2025-01-09 21:33:50
110,10,2025-01-09 21:35:50,1142,2025-01-09 21:35:50
111,11,2025-01-09 21:37:50,1142,2025-01-09 21:37:50
112,12,2025-01-09 21:39:50,1142,2025-01-09 21:39:50
113,13,2025-01-09 21:41:50,1142,2025-01-09 21:41:50
114,14,2025-01-09 21:43:50,1142,2025-01-09 21:43:50
115,15,2025-01-09 21:45:50,1142,2025-01-09 21:45:50
116,16,2025-01-09 21:47:50,1142,2025-01-09 21:47:50
117,17,2025-01-09 21:48:50,1142,2025-01-09 21:48:50
118,18,2025-01-09 21:50:50,1142,2025-01-09 21:50:50
119,19,2025-01-09 21:52:50,1142,2025-01-09 21:52:50
120,20,2025-01-09 21:54:50,1142,2025-01-09 21:54:50
121,21,2025-01-09 21:57:50,1142,2025-01-09 21:57:50
122,22,2025-01-09 21:59:50,1142,2025-01-09 21:59:50
123,23,2025-01-09 22:01:50,1142,2025-01-09 22:01:50
124,24,2025-01-09 22:04:50,1142,2025-01-09 22:04:50
125,25,2025-01-09 22:06:50,1142,2025-01-09 22:06:50
126,26,2025-01-09 22:09:50,1142,2025-01-09 22:09:50
127,27,2025-01-09 22:12:50,1142,2025-01-09 22:12:50
128,28,2025-01-09 22:14:50,1142,2025-01-09 22:14:50
129,29,2025-01-09 22:16:50,1142,2025-01-09 22:16:50
130,30,2025-01-09 22:18:50,1142,2025-01-09 22:18:50
131,31,2025-01-09 22:20:50,1142,2025-01-09 22:20:50
132,32,2025-01-09 22:21:50,1142,2025-01-09 22:21:50
133,33,2025-01-09 22:24:50,1142,2025-01-09 22:24:50
134,34,2025-01-09 22:26:50,1142,2025-01-09 22:26:50
135,35,2025-01-09 22:28:50,1142,2025-01-09 22:28:50
136,36,2025-01-09 22:30:50,1142,2025-01-09 22:30:50
100,0,2025-01-09 21:19:50,1143,2025-01-09 21:19:50
101,1,2025-01-09 21:23:50,1143,2025-01-09 21:23:50
102,2,2025-01-09 21:26:50,1143,2025-01-09 21:26:50
103,3,2025-01-09 21:29:50,1143,2025-01-09 21:29:50
104,4,2025-01-09 21:33:50,1143,2025-01-09 21:33:50
105,5,2025-01-09 21:35:50,1143,2025-01-09 21:35:50
106,6,2025-01-09 21:36:50,1143,2025-01-09 21:36:50
107,7,2025-01-09 21:39:50,1143,2025-01-09 21:39:50
108,8,2025-01-09 21:41:50,1143,2025-01-09 21:41:50
109,9,2025-01-09 21:43:50,1143,2025-01-09 21:43:50
110,10,2025-01-09 21:45:50,1143,2025-01-09 21:45:50
111,11,2025-01-09 21:47:50,1143,2025-01-09 21:47:50
112,12,2025-01-09 21:49:50,1143,2025-01-09 21:49:50
113,13,2025-01-09 21:51:50,1143,2025-01-09 21:51:50
114,14,2025-01-09 21:53:50,1143,2025-01-09 21:53:50
115,15,2025-01-09 21:55:50,1143,2025-01-09 21:55:50
116,16,2025-01-09 21:57:50,1143,2025-01-09 21:57:50
117,17,2025-01-09 21:58:50,1143,2025-01-09 21:58:50
118,18,2025-01-09 22:00:50,1143,2025-01-09 22:00:50
119,19,2025-01-09 22:02:50,1143,2025-01-09 22:02:50
120,20,2025-01-09 22:04:50,1143,2025-01-09 22:04:50
121,21,2025-01-09 22:07:50,1143,2025-01-09 22:07:50
122,22,2025-01-09 22:09:50,1143,2025-01-09 22:09:50
123,23,2025-01-09 22:11:50,1143,2025-01-09 22:11:50
124,24,2025-01-09 22:14:50,1143,2025-01-09 22:14:50
125,25,2025-01-09 22:16:50,1143,2025-01-09 22:16:50
126,26,2025-01-09 22:19:50,1143,2025-01-09 22:19:50
127,27,2025-01-09 22:22:50,1143,2025-01-09 22:22:50
128,28,2025-01-09 22:24:50,1143,2025-01-09 22:24:50
129,29,2025-01-09 22:26:50,1143,2025-01-09 22:26:50
130,30,2025-01-09 22:28:50,1143,2025-01-09 22:28:50
131,31,2025-01-09 22:30:50,1143,2025-01-09 22:30:50
132,32,2025-01-09 22:31:50,1143,2025-01-09 22:31:50
133,33,2025-01-09 22:34:50,1143,2025-01-09 22:34:50
134,34,2025-01-09 22:36:50,1143,2025-01-09 22:36:50
135,35,2025-01-09 22:38:50,1143,2025-01-09 22:38:50
136,36,2025-01-09 22:40:50,1143,2025-01-09 22:40:50
100,0,2025-01-09 21:29:50,1144,2025-01-09 21:29:50
101,1,2025-01-09 21:33:50,1144,2025-01-09 21:33:50
102,2,2025-01-09 21:36:50,1144,2025-01-09 21:36:50
103,3,2025-01-09 21:39:50,1144,2025-01-09 21:39:50
104,4,2025-01-09 21:43:50,1144,2025-01-09 21:43:50
105,5,2025-01-09 21:45:50,1144,2025-01-09 21:45:50
106,6,2025-01-09 21:46:50,1144,2025-01-09 21:46:50
107,7,2025-01-09 21:49:50,1144,2025-01-09 21:49:50
108,8,2025-01-09 21:51:50,1144,2025-01-09 21:51:50
109,9,2025-01-09 21:53:50,1144,2025-01-09 21:53:50
110,10,2025-01-09 21:55:50,1144,2025-01-09 21:55:50
111,11,2025-01-09 21:57:50,1144,2025-01-09 21:57:50
112,12,2025-01-09 21:59:50,1144,2025-01-09 21:59:50
113,13,2025-01-09 22:01:50,1144,2025-01-09 22:01:50
114,14,2025-01-09 22:03:50,1144,2025-01-09 22:03:50
115,15,2025-01-09 22:05:50,1144,2025-01-09 22:05:50
116,16,2025-01-09 22:07:50,1144,2025-01-09 22:07:50
117,17,2025-01-09 22:08:50,1144,2025-01-09 22:08:50
118,18,2025-01-09 22:10:50,1144,2025-01-09 22:10:50
119,19,2025-01-09 22:12:50,1144,2025-01-09 22:12:50
120,20,2025-01-09 22:14:50,1144,2025-01-09 22:14:50
121,21,2025-01-09 22:17:50,1144,2025-01-09 22:17:50
122,22,2025-01-09 22:19:50,1144,2025-01-09 22:19:50
123,23,2025-01-09 22:21:50,1144,2025-01-09 22:21:50
124,24,2025-01-09 22:24:50,1144,2025-01-09 22:24:50
125,25,2025-01-09 22:26:50,1144,2025-01-09 22:26:50
126,26,2025-01-09 22:29:50,1144,2025-01-09 22:29:50
127,27,2025-01-09 22:32:50,1144,2025-01-09 22:32:50
128,28,2025-01-09 22:34:50,1144,2025-01-09 22:34:50
129,29,2025-01-09 22:36:50,1144,2025-01-09 22:36:50
130,30,2025-01-09 22:38:50,1144,2025-01-09 22:38:50
131,31,2025-01-09 22:40:50,1144,2025-01-09 22:40:50
132,32,2025-01-09 22:41:50,1144,2025-01-09 22:41:50
133,33,2025-01-09 22:44:50,1144,2025-01-09 22:44:50
134,34,2025-01-09 22:46:50,1144,2025-01-09 22:46:50
135,35,2025-01-09 22:48:50,1144,2025-01-09 22:48:50
136,36,2025-01-09 22:50:50,1144,2025-01-09 22:50:50
100,0,2025-01-09 21:39:50,1145,2025-01-09 21:39:50
101,1,2025-01-09 21:43:50,1145,2025-01-09 21:43:50
102,2,2025-01-09 21:46:50,1145,2025-01-09 21:46:50
103,3,2025-01-09 21:49:50,1145,2025-01-09 21:49:50
104,4,2025-01-09 21:53:50,1145,2025-01-09 21:53:50
105,5,2025-01-09 21:55:50,1145,2025-01-09 21:55:50
106,6,2025-01-09 21:56:50,1145,2025-01-09 21:56:50
107,7,2025-01-09 21:59:50,1145,2025-01-09 21:59:50
108,8,2025-01-09 22:01:50,1145,2025-01-09 22:01:50
109,9,2025-01-09 22:03:50,1145,2025-01-09 22:03:50
110,10,2025-01-09 22:05:50,1145,2025-01-09 22:05:50
111,11,2025-01-09 22:07:50,1145,2025-01-09 22:07:50
112,12,2025-01-09 22:09:50,1145,2025-01-09 22:09:50
113,13,2025-01-09 22:11:50,1145,2025-01-09 22:11:50
114,14,2025-01-09 22:13:50,1145,2025-01-09 22:13:50
115,15,2025-01-09 22:15:50,1145,2025-01-09 22:15:50
116,16,2025-01-09 22:17:50,1145,2025-01-09 22:17:50
117,17,2025-01-09 22:18:50,1145,2025-01-09 22:18:50
118,18,2025-01-09 22:20:50,1145,2025-01-09 22:20:50
119,19,2025-01-09 22:22:50,1145,2025-01-09 22:22:50
120,20,2025-01-09 22:24:50,1145,2025-01-09 22:24:50
121,21,2025-01-09 22:27:50,1145,2025-01-09 22:27:50
122,22,2025-01-09 22:29:50,1145,2025-01-09 22:29:50
123,23,2025-01-09 22:31:50,1145,2025-01-09 22:31:50
124,24,2025-01-09 22:34:50,1145,2025-01-09 22:34:50
125,25,2025-01-09 22:36:50,1145,2025-01-09 22:36:50
126,26,2025-01-09 22:39:50,1145,2025-01-09 22:39:50
127,27,2025-01-09 22:42:50,1145,2025-01-09 22:42:50
128,28,2025-01-09 22:44:50,1145,2025-01-09 22:44:50
129,29,2025-01-09 22:46:50,1145,2025-01-09 22:46:50
130,30,2025-01-09 22:48:50,1145,2025-01-09 22:48:50
131,31,2025-01-09 22:50:50,1145,2025-01-09 22:50:50
132,32,2025-01-09 22:51:50,1145,2025-01-09 22:51:50
133,33,2025-01-09 22:54:50,1145,2025-01-09 22:54:50
134,34,2025-01-09 22:56:50,1145,2025-01-09 22:56:50
135,35,2025-01-09 22:58:50,1145,2025-01-09 22:58:50
136,36,2025-01-09 23:00:50,1145,2025-01-09 23:00:50
100,0,2025-01-09 21:49:50,1146,2025-01-09 21:49:50
101,1,2025-01-09 21:53:50,1146,2025-01-09 21:53:50
102,2,2025-01-09 21:56:50,1146,2025-01-09 21:56:50
103,3,2025-01-09 21:59:50,1146,2025-01-09 21:59:50
104,4,2025-01-09 22:03:50,1146,2025-01-09 22:03:50
105,5,2025-01-09 22:05:50,1146,2025-01-09 22:05:50
106,6,2025-01-09 22:06:50,1146,2025-01-09 22:06:50
107,7,2025-01-09 22:09:50,1146,2025-01-09 22:09:50
108,8,2025-01-09 22:11:50,1146,2025-01-09 22:11:50
109,9,2025-01-09 22:13:50,1146,2025-01-09 22:13:50
110,10,2025-01-09 22:15:50,1146,2025-01-09 22:15:50
111,11,2025-01-09 22:17:50,1146,2025-01-09 22:17:50
112,12,2025-01-09 22:19:50,1146,2025-01-09 22:19:50
113,13,2025-01-09 22:21:50,1146,2025-01-09 22:21:50
114,14,2025-01-09 22:23:50,1146,2025-01-09 22:23:50
115,15,2025-01-09 22:25:50,1146,2025-01-09 22:25:50
116,16,2025-01-09 22:27:50,1146,2025-01-09 22:27:50
117,17,2025-01-09 22:28:50,1146,2025-01-09 22:28:50
118,18,2025-01-09 22:30:50,1146,2025-01-09 22:30:50
119,19,2025-01-09 22:32:50,1146,2025-01-09 22:32:50
120,20,2025-01-09 22:34:50,1146,2025-01-09 22:34:50
121,21,2025-01-09 22:37:50,1146,2025-01-09 22:37:50
122,22,2025-01-09 22:39:50,1146,2025-01-09 22:39:50
123,23,2025-01-09 22:41:50,1146,2025-01-09 22:41:50
124,24,2025-01-09 22:44:50,1146,2025-01-09 22:44:50
125,25,2025-01-09 22:46:50,1146,2025-01-09 22:46:50
126,26,2025-01-09 22:49:50,1146,2025-01-09 22:49:50
127,27,2025-01-09 22:52:50,1146,2025-01-09 22:52:50
128,28,2025-01-09 22:54:50,1146,2025-01-09 22:54:50
129,29,2025-01-09 22:56:50,1146,2025-01-09 22:56:50
130,30,2025-01-09 22:58:50,1146,2025-01-09 22:58:50
131,31,2025-01-09 23:00:50,1146,2025-01-09 23:00:50
132,32,2025-01-09 23:01:50,1146,2025-01-09 23:01:50
133,33,2025-01-09 23:04:50,1146,2025-01-09 23:04:50
134,34,2025-01-09 23:06:50,1146,2025-01-09 23:06:50
135,35,2025-01-09 23:08:50,1146,2025-01-09 23:08:50
136,36,2025-01-09 23:10:50,1146,2025-01-09 23:10:50
100,0,2025-01-09 21:59:50,1147,2025-01-09 21:59:50
101,1,2025-01-09 22:03:50,1147,2025-01-09 22:03:50
102,2,2025-01-09 22:06:50,1147,2025-01-09 22:06:50
103,3,2025-01-09 22:09:50,1147,2025-01-09 22:09:50
104,4,2025-01-09 22:13:50,1147,2025-01-09 22:13:50
105,5,2025-01-09 22:15:50,1147,2025-01-09 22:15:50
106,6,2025-01-09 22:16:50,1147,2025-01-09 22:16:50
107,7,2025-01-09 22:19:50,1147,2025-01-09 22:19:50
108,8,2025-01-09 22:21:50,1147,2025-01-09 22:21:50
109,9,2025-01-09 22:23:50,1147,2025-01-09 22:23:50
110,10,2025-01-09 22:25:50,1147,2025-01-09 22:25:50
111,11,2025-01-09 22:27:50,1147,2025-01-09 22:27:50
112,12,2025-01-09 22:29:50,1147,2025-01-09 22:29:50
113,13,2025-01-09 22:31:50,1147,2025-01-09 22:31:50
114,14,2025-01-09 22:33:50,1147,2025-01-09 22:33:50
115,15,2025-01-09 22:35:50,1147,2025-01-09 22:35:50
116,16,2025-01-09 22:37:50,1147,2025-01-09 22:37:50
117,17,2025-01-09 22:38:50,1147,2025-01-09 22:38:50
118,18,2025-01-09 22:40:50,1147,2025-01-09 22:40:50
119,19,2025-01-09 22:42:50,1147,2025-01-09 22:42:50
120,20,2025-01-09 22:44:50,1147,2025-01-09 22:44:50
121,21,2025-01-09 22:47:50,1147,2025-01-09 22:47:50
122,22,2025-01-09 22:49:50,1147,2025-01-09 22:49:50
123,23,2025-01-09 22:51:50,1147,2025-01-09 22:51:50
124,24,2025-01-09 22:54:50,1147,2025-01-09 22:54:50
125,25,2025-01-09 22:56:50,1147,2025-01-09 22:56:50
126,26,2025-01-09 22:59:50,1147,2025-01-09 22:59:50
127,27,2025-01-09 23:02:50,1147,2025-01-09 23:02:50
128,28,2025-01-09 23:04:50,1147,2025-01-09 23:04:50
129,29,2025-01-09 23:06:50,1147,2025-01-09 23:06:50
130,30,2025-01-09 23:08:50,1147,2025-01-09 23:08:50
131,31,2025-01-09 23:10:50,1147,2025-01-09 23:10:50
132,32,2025-01-09 23:11:50,1147,2025-01-09 23:11:50
133,33,2025-01-09 23:14:50,1147,2025-01-09 23:14:50
134,34,2025-01-09 23:16:50,1147,2025-01-09 23:16:50
135,35,2025-01-09 23:18:50,1147,2025-01-09 23:18:50
136,36,2025-01-09 23:20:50,1147,2025-01-09 23:20:50
100,0,2025-01-09 22:09:50,1148,2025-01-09 22:09:50
101,1,2025-01-09 22:13:50,1148,2025-01-09 22:13:50
102,2,2025-01-09 22:16:50,1148,2025-01-09 22:16:50
103,3,2025-01-09 22:19:50,1148,2025-01-09 22:19:50
104,4,2025-01-09 22:23:50,1148,2025-01-09 22:23:50
105,5,2025-01-09 22:25:50,1148,2025-01-09 22:25:50
106,6,2025-01-09 22:26:50,1148,2025-01-09 22:26:50
107,7,2025-01-09 22:29:50,1148,2025-01-09 22:29:50
108,8,2025-01-09 22:31:50,1148,2025-01-09 22:31:50
109,9,2025-01-09 22:33:50,1148,2025-01-09 22:33:50
110,10,2025-01-09 22:35:50,1148,2025-01-09 22:35:50
111,11,2025-01-09 22:37:50,1148,2025-01-09 22:37:50
112,12,2025-01-09 22:39:50,1148,2025-01-09 22:39:50
113,13,2025-01-09 22:41:50,1148,2025-01-09 22:41:50
114,14,2025-01-09 22:43:50,1148,2025-01-09 22:43:50
115,15,2025-01-09 22:45:50,1148,2025-01-09 22:45:50
116,16,2025-01-09 22:47:50,1148,2025-01-09 22:47:50
117,17,2025-01-09 22:48:50,1148,2025-01-09 22:48:50
118,18,2025-01-09 22:50:50,1148,2025-01-09 22:50:50
119,19,2025-01-09 22:52:50,1148,2025-01-09 22:52:50
120,20,2025-01-09 22:54:50,1148,2025-01-09 22:54:50
121,21,2025-01-09 22:57:50,1148,2025-01-09 22:57:50
122,22,2025-01-09 22:59:50,1148,2025-01-09 22:59:50
123,23,2025-01-09 23:01:50,1148,2025-01-09 23:01:50
124,24,2025-01-09 23:04:50,1148,2025-01-09 23:04:50
125,25,2025-01-09 23:06:50,1148,2025-01-09 23:06:50
126,26,2025-01-09 23:09:50,1148,2025-01-09 23:09:50
127,27,2025-01-09 23:12:50,1148,2025-01-09 23:12:50
128,28,2025-01-09 23:14:50,1148,2025-01-09 23:14:50
129,29,2025-01-09 23:16:50,1148,2025-01-09 23:16:50
130,30,2025-01-09 23:18:50,1148,2025-01-09 23:18:50
131,31,2025-01-09 23:20:50,1148,2025-01-09 23:20:50
132,32,2025-01-09 23:21:50,1148,2025-01-09 23:21:50
133,33,2025-01-09 23:24:50,1148,2025-01-09 23:24:50
134,34,2025-01-09 23:26:50,1148,2025-01-09 23:26:50
135,35,2025-01-09 23:28:50,1148,2025-01-09 23:28:50
136,36,2025-01-09 23:30:50,1148,2025-01-09 23:30:50
100,0,2025-01-09 22:24:50,1149,2025-01-09 22:24:50
101,1,2025-01-09 22:28:50,1149,2025-01-09 22:28:50
102,2,2025-01-09 22:31:50,1149,2025-01-09 22:31:50
103,3,2025-01-09 22:34:50,1149,2025-01-09 22:34:50
104,4,2025-01-09 22:38:50,1149,2025-01-09 22:38:50
105,5,2025-01-09 22:40:50,1149,2025-01-09 22:40:50
106,6,2025-01-09 22:41:50,1149,2025-01-09 22:41:50
107,7,2025-01-09 22:44:50,1149,2025-01-09 22:44:50
108,8,2025-01-09 22:46:50,1149,2025-01-09 22:46:50
109,9,2025-01-09 22:48:50,1149,2025-01-09 22:48:50
110,10,2025-01-09 22:50:50,1149,2025-01-09 22:50:50
111,11,2025-01-09 22:52:50,1149,2025-01-09 22:52:50
112,12,2025-01-09 22:54:50,1149,2025-01-09 22:54:50
113,13,2025-01-09 22:56:50,1149,2025-01-09 22:56:50
114,14,2025-01-09 22:58:50,1149,2025-01-09 22:58:50
115,15,2025-01-09 23:00:50,1149,2025-01-09 23:00:50
116,16,2025-01-09 23:02:50,1149,2025-01-09 23:02:50
117,17,2025-01-09 23:03:50,1149,2025-01-09 23:03:50
118,18,2025-01-09 23:05:50,1149,2025-01-09 23:05:50
119,19,2025-01-09 23:07:50,1149,2025-01-09 23:07:50
120,20,2025-01-09 23:09:50,1149,2025-01-09 23:09:50
121,21,2025-01-09 23:12:50,1149,2025-01-09 23:12:50
122,22,2025-01-09 23:14:50,1149,2025-01-09 23:14:50
123,23,2025-01-09 23:16:50,1149,2025-01-09 23:16:50
124,24,2025-01-09 23:19:50,1149,2025-01-09 23:19:50
125,25,2025-01-09 23:21:50,1149,2025-01-09 23:21:50
126,26,2025-01-09 23:24:50,1149,2025-01-09 23:24:50
127,27,2025-01-09 23:27:50,1149,2025-01-09 23:27:50
128,28,2025-01-09 23:29:50,1149,2025-01-09 23:29:50
129,29,2025-01-09 23:31:50,1149,2025-01-09 23:31:50
130,30,2025-01-09 23:33:50,1149,2025-01-09 23:33:50
131,31,2025-01-09 23:35:50,1149,2025-01-09 23:35:50
132,32,2025-01-09 23:36:50,1149,2025-01-09 23:36:50
133,33,2025-01-09 23:39:50,1149,2025-01-09 23:39:50
134,34,2025-01-09 23:41:50,1149,2025-01-09 23:41:50
135,35,2025-01-09 23:43:50,1149,2025-01-09 23:43:50
136,36,2025-01-09 23:45:50,1149,2025-01-09 23:45:50
100,0,2025-01-09 22:39:50,1150,2025-01-09 22:39:50
101,1,2025-01-09 22:43:50,1150,2025-01-09 22:43:50
102,2,2025-01-09 22:46:50,1150,2025-01-09 22:46:50
103,3,2025-01-09 22:49:50,1150,2025-01-09 22:49:50
104,4,2025-01-09 22:53:50,1150,2025-01-09 22:53:50
105,5,2025-01-09 22:55:50,1150,2025-01-09 22:55:50
106,6,2025-01-09 22:56:50,1150,2025-01-09 22:56:50
107,7,2025-01-09 22:59:50,1150,2025-01-09 22:59:50
108,8,2025-01-09 23:01:50,1150,2025-01-09 23:01:50
109,9,2025-01-09 23:03:50,1150,2025-01-09 23:03:50
110,10,2025-01-09 23:05:50,1150,2025-01-09 23:05:50
111,11,2025-01-09 23:07:50,1150,2025-01-09 23:07:50
112,12,2025-01-09 23:09:50,1150,2025-01-09 23:09:50
113,13,2025-01-09 23:11:50,1150,2025-01-09 23:11:50
114,14,2025-01-09 23:13:50,1150,2025-01-09 23:13:50
115,15,2025-01-09 23:15:50,1150,2025-01-09 23:15:50
116,16,2025-01-09 23:17:50,1150,2025-01-09 23:17:50
117,17,2025-01-09 23:18:50,1150,2025-01-09 23:18:50
118,18,2025-01-09 23:20:50,1150,2025-01-09 23:20:50
119,19,2025-01-09 23:22:50,1150,2025-01-09 23:22:50
120,20,2025-01-09 23:24:50,1150,2025-01-09 23:24:50
121,21,2025-01-09 23:27:50,1150,2025-01-09 23:27:50
122,22,2025-01-09 23:29:50,1150,2025-01-09 23:29:50
123,23,2025-01-09 23:31:50,1150,2025-01-09 23:31:50
124,24,2025-01-09 23:34:50,1150,2025-01-09 23:34:50
125,25,2025-01-09 23:36:50,1150,2025-01-09 23:36:50
126,26,2025-01-09 23:39:50,1150,2025-01-09 23:39:50
127,27,2025-01-09 23:42:50,1150,2025-01-09 23:42:50
128,28,2025-01-09 23:44:50,1150,2025-01-09 23:44:50
129,29,2025-01-09 23:46:50,1150,2025-01-09 23:46:50
130,30,2025-01-09 23:48:50,1150,2025-01-09 23:48:50
131,31,2025-01-09 23:50:50,1150,2025-01-09 23:50:50
132,32,2025-01-09 23:51:50,1150,2025-01-09 23:51:50
133,33,2025-01-09 23:54:50,1150,2025-01-09 23:54:50
134,34,2025-01-09 23:56:50,1150,2025-01-09 23:56:50
135,35,2025-01-09 23:58:50,1150,2025-01-09 23:58:50
136,36,2025-01-10 00:00:50,1150,2025-01-10 00:00:50
100,0,2025-01-09 22:54:50,1151,2025-01-09 22:54:50
101,1,2025-01-09 22:58:50,1151,2025-01-09 22:58:50
102,2,2025-01-09 23:01:50,1151,2025-01-09 23:01:50
103,3,2025-01-09 23:04:50,1151,2025-01-09 23:04:50
104,4,2025-01-09 23:08:50,1151,2025-01-09 23:08:50
105,5,2025-01-09 23:10:50,1151,2025-01-09 23:10:50
106,6,2025-01-09 23:11:50,1151,2025-01-09 23:11:50
107,7,2025-01-09 23:14:50,1151,2025-01-09 23:14:50
108,8,2025-01-09 23:16:50,1151,2025-01-09 23:16:50
109,9,2025-01-09 23:18:50,1151,2025-01-09 23:18:50
110,10,2025-01-09 23:20:50,1151,2025-01-09 23:20:50
111,11,2025-01-09 23:22:50,1151,2025-01-09 23:22:50
112,12,2025-01-09 23:24:50,1151,2025-01-09 23:24:50
113,13,2025-01-09 23:26:50,1151,2025-01-09 23:26:50
114,14,2025-01-09 23:28:50,1151,2025-01-09 23:28:50
115,15,2025-01-09 23:30:50,1151,2025-01-09 23:30:50
116,16,2025-01-09 23:32:50,1151,2025-01-09 23:32:50
117,17,2025-01-09 23:33:50,1151,2025-01-09 23:33:50
118,18,2025-01-09 23:35:50,1151,2025-01-09 23:35:50
119,19,2025-01-09 23:37:50,1151,2025-01-09 23:37:50
120,20,2025-01-09 23:39:50,1151,2025-01-09 23:39:50
121,21,2025-01-09 23:42:50,1151,2025-01-09 23:42:50
122,22,2025-01-09 23:44:50,1151,2025-01-09 23:44:50
123,23,2025-01-09 23:46:50,1151,2025-01-09 23:46:50
124,24,2025-01-09 23:49:50,1151,2025-01-09 23:49:50
125,25,2025-01-09 23:51:50,1151,2025-01-09 23:51:50
126,26,2025-01-09 23:54:50,1151,2025-01-09 23:54:50
127,27,2025-01-09 23:57:50,1151,2025-01-09 23:57:50
128,28,2025-01-09 23:59:50,1151,2025-01-09 23:59:50
129,29,2025-01-10 00:01:50,1151,2025-01-10 00:01:50
130,30,2025-01-10 00:03:50,1151,2025-01-10 00:03:50
131,31,2025-01-10 00:05:50,1151,2025-01-10 00:05:50
132,32,2025-01-10 00:06:50,1151,2025-01-10 00:06:50
133,33,2025-01-10 00:09:50,1151,2025-01-10 00:09:50
134,34,2025-01-10 00:11:50,1151,2025-01-10 00:11:50
135,35,2025-01-10 00:13:50,1151,2025-01-10 00:13:50
136,36,2025-01-10 00:15:50,1151,2025-01-10 00:15:50
136,0,2025-01-09 05:00:00,1152,2025-01-09 05:00:00
135,1,2025-01-09 05:02:00,1152,2025-01-09 05:02:00
134,2,2025-01-09 05:04:00,1152,2025-01-09 05:04:00
133,3,2025-01-09 05:06:00,1152,2025-01-09 05:06:00
132,4,2025-01-09 05:09:00,1152,2025-01-09 05:09:00
131,5,2025-01-09 05:10:00,1152,2025-01-09 05:10:00
130,6,2025-01-09 05:12:00,1152,2025-01-09 05:12:00
129,7,2025-01-09 05:14:00,1152,2025-01-09 05:14:00
128,8,2025-01-09 05:16:00,1152,2025-01-09 05:16:00
127,9,2025-01-09 05:18:00,1152,2025-01-09 05:18:00
126,10,2025-01-09 05:21:00,1152,2025-01-09 05:21:00
125,11,2025-01-09 05:24:00,1152,2025-01-09 05:24:00
124,12,2025-01-09 05:26:00,1152,2025-01-09 05:26:00
123,13,2025-01-09 05:29:00,1152,2025-01-09 05:29:00
122,14,2025-01-09 05:31:00,1152,2025-01-09 05:31:00
121,15,2025-01-09 05:33:00,1152,2025-01-09 05:33:00
120,16,2025-01-09 05:36:00,1152,2025-01-09 05:36:00
119,17,2025-01-09 05:38:00,1152,2025-01-09 05:38:00
118,18,2025-01-09 05:40:00,1152,2025-01-09 05:40:00
117,19,2025-01-09 05:42:00,1152,2025-01-09 05:42:00
116,20,2025-01-09 05:43:00,1152,2025-01-09 05:43:00
115,21,2025-01-09 05:45:00,1152,2025-01-09 05:45:00
114,22,2025-01-09 05:47:00,1152,2025-01-09 05:47:00
113,23,2025-01-09 05:49:00,1152,2025-01-09 05:49:00
112,24,2025-01-09 05:51:00,1152,2025-01-09 05:51:00
111,25,2025-01-09 05:53:00,1152,2025-01-09 05:53:00
110,26,2025-01-09 05:55:00,1152,2025-01-09 05:55:00
109,27,2025-01-09 05:57:00,1152,2025-01-09 05:57:00
108,28,2025-01-09 05:59:00,1152,2025-01-09 05:59:00
107,29,2025-01-09 06:01:00,1152,2025-01-09 06:01:00
106,30,2025-01-09 06:04:00,1152,2025-01-09 06:04:00
105,31,2025-01-09 06:05:00,1152,2025-01-09 06:05:00
104,32,2025-01-09 06:07:00,1152,2025-01-09 06:07:00
103,33,2025-01-09 06:11:00,1152,2025-01-09 06:11:00
102,34,2025-01-09 06:14:00,1152,2025-01-09 06:14:00
101,35,2025-01-09 06:17:00,1152,2025-01-09 06:17:00
100,36,2025-01-09 06:21:00,1152,2025-01-09 06:21:00
136,0,2025-01-09 05:15:00,1153,2025-01-09 05:15:00
135,1,2025-01-09 05:17:00,1153,2025-01-09 05:17:00
134,2,2025-01-09 05:19:00,1153,2025-01-09 05:19:00
133,3,2025-01-09 05:21:00,1153,2025-01-09 05:21:00
132,4,2025-01-09 05:24:00,1153,2025-01-09 05:24:00
131,5,2025-01-09 05:25:00,1153,2025-01-09 05:25:00
130,6,2025-01-09 05:27:00,1153,2025-01-09 05:27:00
129,7,2025-01-09 05:29:00,1153,2025-01-09 05:29:00
128,8,2025-01-09 05:31:00,1153,2025-01-09 05:31:00
127,9,2025-01-09 05:33:00,1153,2025-01-09 05:33:00
126,10,2025-01-09 05:36:00,1153,2025-01-09 05:36:00
125,11,2025-01-09 05:39:00,1153,2025-01-09 05:39:00
124,12,2025-01-09 05:41:00,1153,2025-01-09 05:41:00
123,13,2025-01-09 05:44:00,1153,2025-01-09 05:44:00
122,14,2025-01-09 05:46:00,1153,2025-01-09 05:46:00
121,15,2025-01-09 05:48:00,1153,2025-01-09 05:48:00
120,16,2025-01-09 05:51:00,1153,2025-01-09 05:51:00
119,17,2025-01-09 05:53:00,1153,2025-01-09 05:53:00
118,18,2025-01-09 05:55:00,1153,2025-01-09 05:55:00
117,19,2025-01-09 05:57:00,1153,2025-01-09 05:57:00
116,20,2025-01-09 05:58:00,1153,2025-01-09 05:58:00
115,21,2025-01-09 06:00:00,1153,2025-01-09 06:00:00
114,22,2025-01-09 06:02:00,1153,2025-01-09 06:02:00
113,23,2025-01-09 06:04:00,1153,2025-01-09 06:04:00
112,24,2025-01-09 06:06:00,1153,2025-01-09 06:06:00
111,25,2025-01-09 06:08:00,1153,2025-01-09 06:08:00
110,26,2025-01-09 06:10:00,1153,2025-01-09 06:10:00
109,27,2025-01-09 06:12:00,1153,2025-01-09 06:12:00
108,28,2025-01-09 06:14:00,1153,2025-01-09 06:14:00
107,29,2025-01-09 06:16:00,1153,2025-01-09 06:16:00
106,30,2025-01-09 06:19:00,1153,2025-01-09 06:19:00
105,31,2025-01-09 06:20:00,1153,2025-01-09 06:20:00
104,32,2025-01-09 06:22:00,1153,2025-01-09 06:22:00
103,33,2025-01-09 06:26:00,1153,2025-01-09 06:26:00
102,34,2025-01-09 06:29:00,1153,2025-01-09 06:29:00
101,35,2025-01-09 06:32:00,1153,2025-01-09 06:32:00
100,36,2025-01-09 06:36:00,1153,2025-01-09 06:36:00
136,0,2025-01-09 05:30:00,1154,2025-01-09 05:30:00
135,1,2025-01-09 05:32:00,1154,2025-01-09 05:32:00
134,2,2025-01-09 05:34:00,1154,2025-01-09 05:34:00
133,3,2025-01-09 05:36:00,1154,2025-01-09 05:36:00
132,4,2025-01-09 05:39:00,1154,2025-01-09 05:39:00
131,5,2025-01-09 05:40:00,1154,2025-01-09 05:40:00
130,6,2025-01-09 05:42:00,1154,2025-01-09 05:42:00
129,7,2025-01-09 05:44:00,1154,2025-01-09 05:44:00
128,8,2025-01-09 05:46:00,1154,2025-01-09 05:46:00
127,9,2025-01-09 05:48:00,1154,2025-01-09 05:48:00
126,10,2025-01-09 05:51:00,1154,2025-01-09 05:51:00
125,11,2025-01-09 05:54:00,1154,2025-01-09 05:54:00
124,12,2025-01-09 05:56:00,1154,2025-01-09 05:56:00
123,13,2025-01-09 05:59:00,1154,2025-01-09 05:59:00
122,14,2025-01-09 06:01:00,1154,2025-01-09 06:01:00
121,15,2025-01-09 06:03:00,1154,2025-01-09 06:03:00
120,16,2025-01-09 06:06:00,1154,2025-01-09 06:06:00
119,17,2025-01-09 06:08:00,1154,2025-01-09 06:08:00
118,18,2025-01-09 06:10:00,1154,2025-01-09 06:10:00
117,19,2025-01-09 06:12:00,1154,2025-01-09 06:12:00
116,20,2025-01-09 06:13:00,1154,2025-01-09 06:13:00
115,21,2025-01-09 06:15:00,1154,2025-01-09 06:15:00
114,22,2025-01-09 06:17:00,1154,2025-01-09 06:17:00
113,23,2025-01-09 06:19:00,1154,2025-01-09 06:19:00
112,24,2025-01-09 06:21:00,1154,2025-01-09 06:21:00
111,25,2025-01-09 06:23:00,1154,2025-01-09 06:23:00
110,26,2025-01-09 06:25:00,1154,2025-01-09 06:25:00
109,27,2025-01-09 06:27:00,1154,2025-01-09 06:27:00
108,28,2025-01-09 06:29:00,1154,2025-01-09 06:29:00
107,29,2025-01-09 06:31:00,1154,2025-01-09 06:31:00
106,30,2025-01-09 06:34:00,1154,2025-01-09 06:34:00
105,31,2025-01-09 06:35:00,1154,2025-01-09 06:35:00
104,32,2025-01-09 06:37:00,1154,2025-01-09 06:37:00
103,33,2025-01-09 06:41:00,1154,2025-01-09 06:41:00
102,34,2025-01-09 06:44:00,1154,2025-01-09 06:44:00
101,35,2025-01-09 06:47:00,1154,2025-01-09 06:47:00
100,36,2025-01-09 06:51:00,1154,2025-01-09 06:51:00
136,0,2025-01-09 05:45:00,1155,2025-01-09 05:45:00
135,1,2025-01-09 05:47:00,1155,2025-01-09 05:47:00
134,2,2025-01-09 05:49:00,1155,2025-01-09 05:49:00
133,3,2025-01-09 05:51:00,1155,2025-01-09 05:51:00
132,4,2025-01-09 05:54:00,1155,2025-01-09 05:54:00
131,5,2025-01-09 05:55:00,1155,2025-01-09 05:55:00
130,6,2025-01-09 05:57:00,1155,2025-01-09 05:57:00
129,7,2025-01-09 05:59:00,1155,2025-01-09 05:59:00
128,8,2025-01-09 06:01:00,1155,2025-01-09 06:01:00
127,9,2025-01-09 06:03:00,1155,2025-01-09 06:03:00
126,10,2025-01-09 06:06:00,1155,2025-01-09 06:06:00
125,11,2025-01-09 06:09:00,1155,2025-01-09 06:09:00
124,12,2025-01-09 06:11:00,1155,2025-01-09 06:11:00
123,13,2025-01-09 06:14:00,1155,2025-01-09 06:14:00
122,14,2025-01-09 06:16:00,1155,2025-01-09 06:16:00
121,15,2025-01-09 06:18:00,1155,2025-01-09 06:18:00
120,16,2025-01-09 06:21:00,1155,2025-01-09 06:21:00
119,17,2025-01-09 06:23:00,1155,2025-01-09 06:23:00
118,18,2025-01-09 06:25:00,1155,2025-01-09 06:25:00
117,19,2025-01-09 06:27:00,1155,2025-01-09 06:27:00
116,20,2025-01-09 06:28:00,1155,2025-01-09 06:28:00
115,21,2025-01-09 06:30:00,1155,2025-01-09 06:30:00
114,22,2025-01-09 06:32:00,1155,2025-01-09 06:32:00
113,23,2025-01-09 06:34:00,1155,2025-01-09 06:34:00
112,24,2025-01-09 06:36:00,1155,2025-01-09 06:36:00
111,25,2025-01-09 06:38:00,1155,2025-01-09 06:38:00
110,26,2025-01-09 06:40:00,1155,2025-01-09 06:40:00
109,27,2025-01-09 06:42:00,1155,2025-01-09 06:42:00
108,28,2025-01-09 06:44:00,1155,2025-01-09 06:44:00
107,29,2025-01-09 06:46:00,1155,2025-01-09 06:46:00
106,30,2025-01-09 06:49:00,1155,2025-01-09 06:49:00
105,31,2025-01-09 06:50:00,1155,2025-01-09 06:50:00
104,32,2025-01-09 06:52:00,1155,2025-01-09 06:52:00
103,33,2025-01-09 06:56:00,1155,2025-01-09 06:56:00
102,34,2025-01-09 06:59:00,1155,2025-01-09 06:59:00
101,35,2025-01-09 07:02:00,1155,2025-01-09 07:02:00
100,36,2025-01-09 07:06:00,1155,2025-01-09 07:06:00
136,0,2025-01-09 06:00:00,1156,2025-01-09 06:00:00
135,1,2025-01-09 06:02:00,1156,2025-01-09 06:02:00
134,2,2025-01-09 06:04:00,1156,2025-01-09 06:04:00
133,3,2025-01-09 06:06:00,1156,2025-01-09 06:06:00
132,4,2025-01-09 06:09:00,1156,2025-01-09 06:09:00
131,5,2025-01-09 06:10:00,1156,2025-01-09 06:10:00
130,6,2025-01-09 06:12:00,1156,2025-01-09 06:12:00
129,7,2025-01-09 06:14:00,1156,2025-01-09 06:14:00
128,8,2025-01-09 06:16:00,1156,2025-01-09 06:16:00
127,9,2025-01-09 06:18:00,1156,2025-01-09 06:18:00
126,10,2025-01-09 06:21:00,1156,2025-01-09 06:21:00
125,11,2025-01-09 06:24:00,1156,2025-01-09 06:24:00
124,12,2025-01-09 06:26:00,1156,2025-01-09 06:26:00
123,13,2025-01-09 06:29:00,1156,2025-01-09 06:29:00
122,14,2025-01-09 06:31:00,1156,2025-01-09 06:31:00
121,15,2025-01-09 06:33:00,1156,2025-01-09 06:33:00
120,16,2025-01-09 06:36:00,1156,2025-01-09 06:36:00
119,17,2025-01-09 06:38:00,1156,2025-01-09 06:38:00
118,18,2025-01-09 06:40:00,1156,2025-01-09 06:40:00
117,19,2025-01-09 06:42:00,1156,2025-01-09 06:42:00
116,20,2025-01-09 06:43:00,1156,2025-01-09 06:43:00
115,21,2025-01-09 06:45:00,1156,2025-01-09 06:45:00
114,22,2025-01-09 06:47:00,1156,2025-01-09 06:47:00
113,23,2025-01-09 06:49:00,1156,2025-01-09 06:49:00
112,24,2025-01-09 06:51:00,1156,2025-01-09 06:51:00
111,25,2025-01-09 06:53:00,1156,2025-01-09 06:53:00
110,26,2025-01-09 06:55:00,1156,2025-01-09 06:55:00
109,27,2025-01-09 06:57:00,1156,2025-01-09 06:57:00
108,28,2025-01-09 06:59:00,1156,2025-01-09 06:59:00
107,29,2025-01-09 07:01:00,1156,2025-01-09 07:01:00
106,30,2025-01-09 07:04:00,1156,2025-01-09 07:04:00
105,31,2025-01-09 07:05:00,1156,2025-01-09 07:05:00
104,32,2025-01-09 07:07:00,1156,2025-01-09 07:07:00
103,33,2025-01-09 07:11:00,1156,2025-01-09 07:11:00
102,34,2025-01-09 07:14:00,1156,2025-01-09 07:14:00
101,35,2025-01-09 07:17:00,1156,2025-01-09 07:17:00
100,36,2025-01-09 07:21:00,1156,2025-01-09 07:21:00
136,0,2025-01-09 06:15:00,1157,2025-01-09 06:15:00
135,1,2025-01-09 06:17:00,1157,2025-01-09 06:17:00
134,2,2025-01-09 06:19:00,1157,2025-01-09 06:19:00
133,3,2025-01-09 06:21:00,1157,2025-01-09 06:21:00
132,4,2025-01-09 06:24:00,1157,2025-01-09 06:24:00
131,5,2025-01-09 06:25:00,1157,2025-01-09 06:25:00
130,6,2025-01-09 06:27:00,1157,2025-01-09 06:27:00
129,7,2025-01-09 06:29:00,1157,2025-01-09 06:29:00
128,8,2025-01-09 06:31:00,1157,2025-01-09 06:31:00
127,9,2025-01-09 06:33:00,1157,2025-01-09 06:33:00
126,10,2025-01-09 06:36:00,1157,2025-01-09 06:36:00
125,11,2025-01-09 06:39:00,1157,2025-01-09 06:39:00
124,12,2025-01-09 06:41:00,1157,2025-01-09 06:41:00
123,13,2025-01-09 06:44:00,1157,2025-01-09 06:44:00
122,14,2025-01-09 06:46:00,1157,2025-01-09 06:46:00
121,15,2025-01-09 06:48:00,1157,2025-01-09 06:48:00
120,16,2025-01-09 06:51:00,1157,2025-01-09 06:51:00
119,17,2025-01-09 06:53:00,1157,2025-01-09 06:53:00
118,18,2025-01-09 06:55:00,1157,2025-01-09 06:55:00
117,19,2025-01-09 06:57:00,1157,2025-01-09 06:57:00
116,20,2025-01-09 06:58:00,1157,2025-01-09 06:58:00
115,21,2025-01-09 07:00:00,1157,2025-01-09 07:00:00
114,22,2025-01-09 07:02:00,1157,2025-01-09 07:02:00
113,23,2025-01-09 07:04:00,1157,2025-01-09 07:04:00
112,24,2025-01-09 07:06:00,1157,2025-01-09 07:06:00
111,25,2025-01-09 07:08:00,1157,2025-01-09 07:08:00
110,26,2025-01-09 07:10:00,1157,2025-01-09 07:10:00
109,27,2025-01-09 07:12:00,1157,2025-01-09 07:12:00
108,28,2025-01-09 07:14:00,1157,2025-01-09 07:14:00
107,29,2025-01-09 07:16:00,1157,2025-01-09 07:16:00
106,30,2025-01-09 07:19:00,1157,2025-01-09 07:19:00
105,31,2025-01-09 07:20:00,1157,2025-01-09 07:20:00
104,32,2025-01-09 07:22:00,1157,2025-01-09 07:22:00
103,33,2025-01-09 07:26:00,1157,2025-01-09 07:26:00
102,34,2025-01-09 07:29:00,1157,2025-01-09 07:29:00
101,35,2025-01-09 07:32:00,1157,2025-01-09 07:32:00
100,36,2025-01-09 07:36:00,1157,2025-01-09 07:36:00
136,0,2025-01-09 06:25:00,1158,2025-01-09 06:25:00
135,1,2025-01-09 06:27:00,1158,2025-01-09 06:27:00
134,2,2025-01-09 06:29:00,1158,2025-01-09 06:29:00
133,3,2025-01-09 06:31:00,1158,2025-01-09 06:31:00
132,4,2025-01-09 06:34:00,1158,2025-01-09 06:34:00
131,5,2025-01-09 06:35:00,1158,2025-01-09 06:35:00
130,6,2025-01-09 06:37:00,1158,2025-01-09 06:37:00
129,7,2025-01-09 06:39:00,1158,2025-01-09 06:39:00
128,8,2025-01-09 06:41:00,1158,2025-01-09 06:41:00
127,9,2025-01-09 06:43:00,1158,2025-01-09 06:43:00
126,10,2025-01-09 06:46:00,1158,2025-01-09 06:46:00
125,11,2025-01-09 06:49:00,1158,2025-01-09 06:49:00
124,12,2025-01-09 06:51:00,1158,2025-01-09 06:51:00
123,13,2025-01-09 06:54:00,1158,2025-01-09 06:54:00
122,14,2025-01-09 06:56:00,1158,2025-01-09 06:56:00
121,15,2025-01-09 06:58:00,1158,2025-01-09 06:58:00
120,16,2025-01-09 07:01:00,1158,2025-01-09 07:01:00
119,17,2025-01-09 07:03:00,1158,2025-01-09 07:03:00
118,18,2025-01-09 07:05:00,1158,2025-01-09 07:05:00
117,19,2025-01-09 07:07:00,1158,2025-01-09 07:07:00
116,20,2025-01-09 07:08:00,1158,2025-01-09 07:08:00
115,21,2025-01-09 07:10:00,1158,2025-01-09 07:10:00
114,22,2025-01-09 07:12:00,1158,2025-01-09 07:12:00
113,23,2025-01-09 07:14:00,1158,2025-01-09 07:14:00
112,24,2025-01-09 07:16:00,1158,2025-01-09 07:16:00
111,25,2025-01-09 07:18:00,1158,2025-01-09 07:18:00
110,26,2025-01-09 07:20:00,1158,2025-01-09 07:20:00
109,27,2025-01-09 07:22:00,1158,2025-01-09 07:22:00
108,28,2025-01-09 07:24:00,1158,2025-01-09 07:24:00
107,29,2025-01-09 07:26:00,1158,2025-01-09 07:26:00
106,30,2025-01-09 07:29:00,1158,2025-01-09 07:29:00
105,31,2025-01-09 07:30:00,1158,2025-01-09 07:30:00
104,32,2025-01-09 07:32:00,1158,2025-01-09 07:32:00
103,33,2025-01-09 07:36:00,1158,2025-01-09 07:36:00
102,34,2025-01-09 07:39:00,1158,2025-01-09 07:39:00
101,35,2025-01-09 07:42:00,1158,2025-01-09 07:42:00
100,36,2025-01-09 07:46:00,1158,2025-01-09 07:46:00
136,0,2025-01-09 06:35:00,1159,2025-01-09 06:35:00
135,1,2025-01-09 06:37:00,1159,2025-01-09 06:37:00
134,2,2025-01-09 06:39:00,1159,2025-01-09 06:39:00
133,3,2025-01-09 06:41:00,1159,2025-01-09 06:41:00
132,4,2025-01-09 06:44:00,1159,2025-01-09 06:44:00
131,5,2025-01-09 06:45:00,1159,2025-01-09 06:45:00
130,6,2025-01-09 06:47:00,1159,2025-01-09 06:47:00
129,7,2025-01-09 06:49:00,1159,2025-01-09 06:49:00
128,8,2025-01-09 06:51:00,1159,2025-01-09 06:51:00
127,9,2025-01-09 06:53:00,1159,2025-01-09 06:53:00
126,10,2025-01-09 06:56:00,1159,2025-01-09 06:56:00
125,11,2025-01-09 06:59:00,1159,2025-01-09 06:59:00
124,12,2025-01-09 07:01:00,1159,2025-01-09 07:01:00
123,13,2025-01-09 07:04:00,1159,2025-01-09 07:04:00
122,14,2025-01-09 07:06:00,1159,2025-01-09 07:06:00
121,15,2025-01-09 07:08:00,1159,2025-01-09 07:08:00
120,16,2025-01-09 07:11:00,1159,2025-01-09 07:11:00
119,17,2025-01-09 07:13:00,1159,2025-01-09 07:13:00
118,18,2025-01-09 07:15:00,1159,2025-01-09 07:15:00
117,19,2025-01-09 07:17:00,1159,2025-01-09 07:17:00
116,20,2025-01-09 07:18:00,1159,2025-01-09 07:18:00
115,21,2025-01-09 07:20:00,1159,2025-01-09 07:20:00
114,22,2025-01-09 07:22:00,1159,2025-01-09 07:22:00
113,23,2025-01-09 07:24:00,1159,2025-01-09 07:24:00
112,24,2025-01-09 07:26:00,1159,2025-01-09 07:26:00
111,25,2025-01-09 07:28:00,1159,2025-01-09 07:28:00
110,26,2025-01-09 07:30:00,1159,2025-01-09 07:30:00
109,27,2025-01-09 07:32:00,1159,2025-01-09 07:32:00
108,28,2025-01-09 07:34:00,1159,2025-01-09 07:34:00
107,29,2025-01-09 07:36:00,1159,2025-01-09 07:36:00
106,30,2025-01-09 07:39:00,1159,2025-01-09 07:39:00
105,31,2025-01-09 07:40:00,1159,2025-01-09 07:40:00
104,32,2025-01-09 07:42:00,1159,2025-01-09 07:42:00
103,33,2025-01-09 07:46:00,1159,2025-01-09 07:46:00
102,34,2025-01-09 07:49:00,1159,2025-01-09 07:49:00
101,35,2025-01-09 07:52:00,1159,2025-01-09 07:52:00
100,36,2025-01-09 07:56:00,1159,2025-01-09 07:56:00
136,0,2025-01-09 06:45:00,1160,2025-01-09 06:45:00
135,1,2025-01-09 06:47:00,1160,2025-01-09 06:47:00
134,2,2025-01-09 06:49:00,1160,2025-01-09 06:49:00
133,3,2025-01-09 06:51:00,1160,2025-01-09 06:51:00
132,4,2025-01-09 06:54:00,1160,2025-01-09 06:54:00
131,5,2025-01-09 06:55:00,1160,2025-01-09 06:55:00
130,6,2025-01-09 06:57:00,1160,2025-01-09 06:57:00
129,7,2025-01-09 06:59:00,1160,2025-01-09 06:59:00
128,8,2025-01-09 07:01:00,1160,2025-01-09 07:01:00
127,9,2025-01-09 07:03:00,1160,2025-01-09 07:03:00
126,10,2025-01-09 07:06:00,1160,2025-01-09 07:06:00
125,11,2025-01-09 07:09:00,1160,2025-01-09 07:09:00
124,12,2025-01-09 07:11:00,1160,2025-01-09 07:11:00
123,13,2025-01-09 07:14:00,1160,2025-01-09 07:14:00
122,14,2025-01-09 07:16:00,1160,2025-01-09 07:16:00
121,15,2025-01-09 07:18:00,1160,2025-01-09 07:18:00
120,16,2025-01-09 07:21:00,1160,2025-01-09 07:21:00
119,17,2025-01-09 07:23:00,1160,2025-01-09 07:23:00
118,18,2025-01-09 07:25:00,1160,2025-01-09 07:25:00
117,19,2025-01-09 07:27:00,1160,2025-01-09 07:27:00
116,20,2025-01-09 07:28:00,1160,2025-01-09 07:28:00
115,21,2025-01-09 07:30:00,1160,2025-01-09 07:30:00
114,22,2025-01-09 07:32:00,1160,2025-01-09 07:32:00
113,23,2025-01-09 07:34:00,1160,2025-01-09 07:34:00
112,24,2025-01-09 07:36:00,1160,2025-01-09 07:36:00
111,25,2025-01-09 07:38:00,1160,2025-01-09 07:38:00
110,26,2025-01-09 07:40:00,1160,2025-01-09 07:40:00
109,27,2025-01-09 07:42:00,1160,2025-01-09 07:42:00
108,28,2025-01-09 07:44:00,1160,2025-01-09 07:44:00
107,29,2025-01-09 07:46:00,1160,2025-01-09 07:46:00
106,30,2025-01-09 07:49:00,1160,2025-01-09 07:49:00
105,31,2025-01-09 07:50:00,1160,2025-01-09 07:50:00
104,32,2025-01-09 07:52:00,1160,2025-01-09 07:52:00
103,33,2025-01-09 07:56:00,1160,2025-01-09 07:56:00
102,34,2025-01-09 07:59:00,1160,2025-01-09 07:59:00
101,35,2025-01-09 08:02:00,1160,2025-01-09 08:02:00
100,36,2025-01-09 08:06:00,1160,2025-01-09 08:06:00
136,0,2025-01-09 06:55:00,1161,2025-01-09 06:55:00
135,1,2025-01-09 06:57:00,1161,2025-01-09 06:57:00
134,2,2025-01-09 06:59:00,1161,2025-01-09 06:59:00
133,3,2025-01-09 07:01:00,1161,2025-01-09 07:01:00
132,4,2025-01-09 07:04:00,1161,2025-01-09 07:04:00
131,5,2025-01-09 07:05:00,1161,2025-01-09 07:05:00
130,6,2025-01-09 07:07:00,1161,2025-01-09 07:07:00
129,7,2025-01-09 07:09:00,1161,2025-01-09 07:09:00
128,8,2025-01-09 07:11:00,1161,2025-01-09 07:11:00
127,9,2025-01-09 07:13:00,1161,2025-01-09 07:13:00
126,10,2025-01-09 07:16:00,1161,2025-01-09 07:16:00
125,11,2025-01-09 07:19:00,1161,2025-01-09 07:19:00
124,12,2025-01-09 07:21:00,1161,2025-01-09 07:21:00
123,13,2025-01-09 07:24:00,1161,2025-01-09 07:24:00
122,14,2025-01-09 07:26:00,1161,2025-01-09 07:26:00
121,15,2025-01-09 07:28:00,1161,2025-01-09 07:28:00
120,16,2025-01-09 07:31:00,1161,2025-01-09 07:31:00
119,17,2025-01-09 07:33:00,1161,2025-01-09 07:33:00
118,18,2025-01-09 07:35:00,1161,2025-01-09 07:35:00
117,19,2025-01-09 07:37:00,1161,2025-01-09 07:37:00
116,20,2025-01-09 07:38:00,1161,2025-01-09 07:38:00
115,21,2025-01-09 07:40:00,1161,2025-01-09 07:40:00
114,22,2025-01-09 07:42:00,1161,2025-01-09 07:42:00
113,23,2025-01-09 07:44:00,1161,2025-01-09 07:44:00
112,24,2025-01-09 07:46:00,1161,2025-01-09 07:46:00
111,25,2025-01-09 07:48:00,1161,2025-01-09 07:48:00
110,26,2025-01-09 07:50:00,1161,2025-01-09 07:50:00
109,27,2025-01-09 07:52:00,1161,2025-01-09 07:52:00
108,28,2025-01-09 07:54:00,1161,2025-01-09 07:54:00
107,29,2025-01-09 07:56:00,1161,2025-01-09 07:56:00
106,30,2025-01-09 07:59:00,1161,2025-01-09 07:59:00
105,31,2025-01-09 08:00:00,1161,2025-01-09 08:00:00
104,32,2025-01-09 08:02:00,1161,2025-01-09 08:02:00
103,33,2025-01-09 08:06:00,1161,2025-01-09 08:06:00
102,34,2025-01-09 08:09:00,1161,2025-01-09 08:09:00
101,35,2025-01-09 08:12:00,1161,2025-01-09 08:12:00
100,36,2025-01-09 08:16:00,1161,2025-01-09 08:16:00
136,0,2025-01-09 07:05:00,1162,2025-01-09 07:05:00
135,1,2025-01-09 07:07:00,1162,2025-01-09 07:07:00
134,2,2025-01-09 07:09:00,1162,2025-01-09 07:09:00
133,3,2025-01-09 07:11:00,1162,2025-01-09 07:11:00
132,4,2025-01-09 07:14:00,1162,2025-01-09 07:14:00
131,5,2025-01-09 07:15:00,1162,2025-01-09 07:15:00
130,6,2025-01-09 07:17:00,1162,2025-01-09 07:17:00
129,7,2025-01-09 07:19:00,1162,2025-01-09 07:19:00
128,8,2025-01-09 07:21:00,1162,2025-01-09 07:21:00
127,9,2025-01-09 07:23:00,1162,2025-01-09 07:23:00
126,10,2025-01-09 07:26:00,1162,2025-01-09 07:26:00
125,11,2025-01-09 07:29:00,1162,2025-01-09 07:29:00
124,12,2025-01-09 07:31:00,1162,2025-01-09 07:31:00
123,13,2025-01-09 07:34:00,1162,2025-01-09 07:34:00
122,14,2025-01-09 07:36:00,1162,2025-01-09 07:36:00
121,15,2025-01-09 07:38:00,1162,2025-01-09 07:38:00
120,16,2025-01-09 07:41:00,1162,2025-01-09 07:41:00
119,17,2025-01-09 07:43:00,1162,2025-01-09 07:43:00
118,18,2025-01-09 07:45:00,1162,2025-01-09 07:45:00
117,19,2025-01-09 07:47:00,1162,2025-01-09 07:47:00
116,20,2025-01-09 07:48:00,1162,2025-01-09 07:48:00
115,21,2025-01-09 07:50:00,1162,2025-01-09 07:50:00
114,22,2025-01-09 07:52:00,1162,2025-01-09 07:52:00
113,23,2025-01-09 07:54:00,1162,2025-01-09 07:54:00
112,24,2025-01-09 07:56:00,1162,2025-01-09 07:56:00
111,25,2025-01-09 07:58:00,1162,2025-01-09 07:58:00
110,26,2025-01-09 08:00:00,1162,2025-01-09 08:00:00
109,27,2025-01-09 08:02:00,1162,2025-01-09 08:02:00
108,28,2025-01-09 08:04:00,1162,2025-01-09 08:04:00
107,29,2025-01-09 08:06:00,1162,2025-01-09 08:06:00
106,30,2025-01-09 08:09:00,1162,2025-01-09 08:09:00
105,31,2025-01-09 08:10:00,1162,2025-01-09 08:10:00
104,32,2025-01-09 08:12:00,1162,2025-01-09 08:12:00
103,33,2025-01-09 08:16:00,1162,2025-01-09 08:16:00
102,34,2025-01-09 08:19:00,1162,2025-01-09 08:19:00
101,35,2025-01-09 08:22:00,1162,2025-01-09 08:22:00
100,36,2025-01-09 08:26:00,1162,2025-01-09 08:26:00
136,0,2025-01-09 07:15:00,1163,2025-01-09 07:15:00
135,1,2025-01-09 07:17:00,1163,2025-01-09 07:17:00
134,2,2025-01-09 07:19:00,1163,2025-01-09 07:19:00
133,3,2025-01-09 07:21:00,1163,2025-01-09 07:21:00
132,4,2025-01-09 07:24:00,1163,2025-01-09 07:24:00
131,5,2025-01-09 07:25:00,1163,2025-01-09 07:25:00
130,6,2025-01-09 07:27:00,1163,2025-01-09 07:27:00
129,7,2025-01-09 07:29:00,1163,2025-01-09 07:29:00
128,8,2025-01-09 07:31:00,1163,2025-01-09 07:31:00
127,9,2025-01-09 07:33:00,1163,2025-01-09 07:33:00
126,10,2025-01-09 07:36:00,1163,2025-01-09 07:36:00
125,11,2025-01-09 07:39:00,1163,2025-01-09 07:39:00
124,12,2025-01-09 07:41:00,1163,2025-01-09 07:41:00
123,13,2025-01-09 07:44:00,1163,2025-01-09 07:44:00
122,14,2025-01-09 07:46:00,1163,2025-01-09 07:46:00
121,15,2025-01-09 07:48:00,1163,2025-01-09 07:48:00
120,16,2025-01-09 07:51:00,1163,2025-01-09 07:51:00
119,17,2025-01-09 07:53:00,1163,2025-01-09 07:53:00
118,18,2025-01-09 07:55:00,1163,2025-01-09 07:55:00
117,19,2025-01-09 07:57:00,1163,2025-01-09 07:57:00
116,20,2025-01-09 07:58:00,1163,2025-01-09 07:58:00
115,21,2025-01-09 08:00:00,1163,2025-01-09 08:00:00
114,22,2025-01-09 08:02:00,1163,2025-01-09 08:02:00
113,23,2025-01-09 08:04:00,1163,2025-01-09 08:04:00
112,24,2025-01-09 08:06:00,1163,2025-01-09 08:06:00
111,25,2025-01-09 08:08:00,1163,2025-01-09 08:08:00
110,26,2025-01-09 08:10:00,1163,2025-01-09 08:10:00
109,27,2025-01-09 08:12:00,1163,2025-01-09 08:12:00
108,28,2025-01-09 08:14:00,1163,2025-01-09 08:14:00
107,29,2025-01-09 08:16:00,1163,2025-01-09 08:16:00
106,30,2025-01-09 08:19:00,1163,2025-01-09 08:19:00
105,31,2025-01-09 08:20:00,1163,2025-01-09 08:20:00
104,32,2025-01-09 08:22:00,1163,2025-01-09 08:22:00
103,33,2025-01-09 08:26:00,1163,2025-01-09 08:26:00
102,34,2025-01-09 08:29:00,1163,2025-01-09 08:29:00
101,35,2025-01-09 08:32:00,1163,2025-01-09 08:32:00
100,36,2025-01-09 08:36:00,1163,2025-01-09 08:36:00
136,0,2025-01-09 07:25:00,1164,2025-01-09 07:25:00
135,1,2025-01-09 07:27:00,1164,2025-01-09 07:27:00
134,2,2025-01-09 07:29:00,1164,2025-01-09 07:29:00
133,3,2025-01-09 07:31:00,1164,2025-01-09 07:31:00
132,4,2025-01-09 07:34:00,1164,2025-01-09 07:34:00
131,5,2025-01-09 07:35:00,1164,2025-01-09 07:35:00
130,6,2025-01-09 07:37:00,1164,2025-01-09 07:37:00
129,7,2025-01-09 07:39:00,1164,2025-01-09 07:39:00
128,8,2025-01-09 07:41:00,1164,2025-01-09 07:41:00
127,9,2025-01-09 07:43:00,1164,2025-01-09 07:43:00
126,10,2025-01-09 07:46:00,1164,2025-01-09 07:46:00
125,11,2025-01-09 07:49:00,1164,2025-01-09 07:49:00
124,12,2025-01-09 07:51:00,1164,2025-01-09 07:51:00
123,13,2025-01-09 07:54:00,1164,2025-01-09 07:54:00
122,14,2025-01-09 07:56:00,1164,2025-01-09 07:56:00
121,15,2025-01-09 07:58:00,1164,2025-01-09 07:58:00
120,16,2025-01-09 08:01:00,1164,2025-01-09 08:01:00
119,17,2025-01-09 08:03:00,1164,2025-01-09 08:03:00
118,18,2025-01-09 08:05:00,1164,2025-01-09 08:05:00
117,19,2025-01-09 08:07:00,1164,2025-01-09 08:07:00
116,20,2025-01-09 08:08:00,1164,2025-01-09 08:08:00
115,21,2025-01-09 08:10:00,1164,2025-01-09 08:10:00
114,22,2025-01-09 08:12:00,1164,2025-01-09 08:12:00
113,23,2025-01-09 08:14:00,1164,2025-01-09 08:14:00
112,24,2025-01-09 08:16:00,1164,2025-01-09 08:16:00
111,25,2025-01-09 08:18:00,1164,2025-01-09 08:18:00
110,26,2025-01-09 08:20:00,1164,2025-01-09 08:20:00
109,27,2025-01-09 08:22:00,1164,2025-01-09 08:22:00
108,28,2025-01-09 08:24:00,1164,2025-01-09 08:24:00
107,29,2025-01-09 08:26:00,1164,2025-01-09 08:26:00
106,30,2025-01-09 08:29:00,1164,2025-01-09 08:29:00
105,31,2025-01-09 08:30:00,1164,2025-01-09 08:30:00
104,32,2025-01-09 08:32:00,1164,2025-01-09 08:32:00
103,33,2025-01-09 08:36:00,1164,2025-01-09 08:36:00
102,34,2025-01-09 08:39:00,1164,2025-01-09 08:39:00
101,35,2025-01-09 08:42:00,1164,2025-01-09 08:42:00
100,36,2025-01-09 08:46:00,1164,2025-01-09 08:46:00
136,0,2025-01-09 07:35:00,1165,2025-01-09 07:35:00
135,1,2025-01-09 07:37:00,1165,2025-01-09 07:37:00
134,2,2025-01-09 07:39:00,1165,2025-01-09 07:39:00
133,3,2025-01-09 07:41:00,1165,2025-01-09 07:41:00
132,4,2025-01-09 07:44:00,1165,2025-01-09 07:44:00
131,5,2025-01-09 07:45:00,1165,2025-01-09 07:45:00
130,6,2025-01-09 07:47:00,1165,2025-01-09 07:47:00
129,7,2025-01-09 07:49:00,1165,2025-01-09 07:49:00
128,8,2025-01-09 07:51:00,1165,2025-01-09 07:51:00
127,9,2025-01-09 07:53:00,1165,2025-01-09 07:53:00
126,10,2025-01-09 07:56:00,1165,2025-01-09 07:56:00
125,11,2025-01-09 07:59:00,1165,2025-01-09 07:59:00
124,12,2025-01-09 08:01:00,1165,2025-01-09 08:01:00
123,13,2025-01-09 08:04:00,1165,2025-01-09 08:04:00
122,14,2025-01-09 08:06:00,1165,2025-01-09 08:06:00
121,15,2025-01-09 08:08:00,1165,2025-01-09 08:08:00
120,16,2025-01-09 08:11:00,1165,2025-01-09 08:11:00
119,17,2025-01-09 08:13:00,1165,2025-01-09 08:13:00
118,18,2025-01-09 08:15:00,1165,2025-01-09 08:15:00
117,19,2025-01-09 08:17:00,1165,2025-01-09 08:17:00
116,20,2025-01-09 08:18:00,1165,2025-01-09 08:18:00
115,21,2025-01-09 08:20:00,1165,2025-01-09 08:20:00
114,22,2025-01-09 08:22:00,1165,2025-01-09 08:22:00
113,23,2025-01-09 08:24:00,1165,2025-01-09 08:24:00
112,24,2025-01-09 08:26:00,1165,2025-01-09 08:26:00
111,25,2025-01-09 08:28:00,1165,2025-01-09 08:28:00
110,26,2025-01-09 08:30:00,1165,2025-01-09 08:30:00
109,27,2025-01-09 08:32:00,1165,2025-01-09 08:32:00
108,28,2025-01-09 08:34:00,1165,2025-01-09 08:34:00
107,29,2025-01-09 08:36:00,1165,2025-01-09 08:36:00
106,30,2025-01-09 08:39:00,1165,2025-01-09 08:39:00
105,31,2025-01-09 08:40:00,1165,2025-01-09 08:40:00
104,32,2025-01-09 08:42:00,1165,2025-01-09 08:42:00
103,33,2025-01-09 08:46:00,1165,2025-01-09 08:46:00
102,34,2025-01-09 08:49:00,1165,2025-01-09 08:49:00
101,35,2025-01-09 08:52:00,1165,2025-01-09 08:52:00
100,36,2025-01-09 08:56:00,1165,2025-01-09 08:56:00
136,0,2025-01-09 07:45:00,1166,2025-01-09 07:45:00
135,1,2025-01-09 07:47:00,1166,2025-01-09 07:47:00
134,2,2025-01-09 07:49:00,1166,2025-01-09 07:49:00
133,3,2025-01-09 07:51:00,1166,2025-01-09 07:51:00
132,4,2025-01-09 07:54:00,1166,2025-01-09 07:54:00
131,5,2025-01-09 07:55:00,1166,2025-01-09 07:55:00
130,6,2025-01-09 07:57:00,1166,2025-01-09 07:57:00
129,7,2025-01-09 07:59:00,1166,2025-01-09 07:59:00
128,8,2025-01-09 08:01:00,1166,2025-01-09 08:01:00
127,9,2025-01-09 08:03:00,1166,2025-01-09 08:03:00
126,10,2025-01-09 08:06:00,1166,2025-01-09 08:06:00
125,11,2025-01-09 08:09:00,1166,2025-01-09 08:09:00
124,12,2025-01-09 08:11:00,1166,2025-01-09 08:11:00
123,13,2025-01-09 08:14:00,1166,2025-01-09 08:14:00
122,14,2025-01-09 08:16:00,1166,2025-01-09 08:16:00
121,15,2025-01-09 08:18:00,1166,2025-01-09 08:18:00
120,16,2025-01-09 08:21:00,1166,2025-01-09 08:21:00
119,17,2025-01-09 08:23:00,1166,2025-01-09 08:23:00
118,18,2025-01-09 08:25:00,1166,2025-01-09 08:25:00
117,19,2025-01-09 08:27:00,1166,2025-01-09 08:27:00
116,20,2025-01-09 08:28:00,1166,2025-01-09 08:28:00
115,21,2025-01-09 08:30:00,1166,2025-01-09 08:30:00
114,22,2025-01-09 08:32:00,1166,2025-01-09 08:32:00
113,23,2025-01-09 08:34:00,1166,2025-01-09 08:34:00
112,24,2025-01-09 08:36:00,1166,2025-01-09 08:36:00
111,25,2025-01-09 08:38:00,1166,2025-01-09 08:38:00
110,26,2025-01-09 08:40:00,1166,2025-01-09 08:40:00
109,27,2025-01-09 08:42:00,1166,2025-01-09 08:42:00
108,28,2025-01-09 08:44:00,1166,2025-01-09 08:44:00
107,29,2025-01-09 08:46:00,1166,2025-01-09 08:46:00
106,30,2025-01-09 08:49:00,1166,2025-01-09 08:49:00
105,31,2025-01-09 08:50:00,1166,2025-01-09 08:50:00
104,32,2025-01-09 08:52:00,1166,2025-01-09 08:52:00
103,33,2025-01-09 08:56:00,1166,2025-01-09 08:56:00
102,34,2025-01-09 08:59:00,1166,2025-01-09 08:59:00
101,35,2025-01-09 09:02:00,1166,2025-01-09 09:02:00
100,36,2025-01-09 09:06:00,1166,2025-01-09 09:06:00
136,0,2025-01-09 07:55:00,1167,2025-01-09 07:55:00
135,1,2025-01-09 07:57:00,1167,2025-01-09 07:57:00
134,2,2025-01-09 07:59:00,1167,2025-01-09 07:59:00
133,3,2025-01-09 08:01:00,1167,2025-01-09 08:01:00
132,4,2025-01-09 08:04:00,1167,2025-01-09 08:04:00
131,5,2025-01-09 08:05:00,1167,2025-01-09 08:05:00
130,6,2025-01-09 08:07:00,1167,2025-01-09 08:07:00
129,7,2025-01-09 08:09:00,1167,2025-01-09 08:09:00
128,8,2025-01-09 08:11:00,1167,2025-01-09 08:11:00
127,9,2025-01-09 08:13:00,1167,2025-01-09 08:13:00
126,10,2025-01-09 08:16:00,1167,2025-01-09 08:16:00
125,11,2025-01-09 08:19:00,1167,2025-01-09 08:19:00
124,12,2025-01-09 08:21:00,1167,2025-01-09 08:21:00
123,13,2025-01-09 08:24:00,1167,2025-01-09 08:24:00
122,14,2025-01-09 08:26:00,1167,2025-01-09 08:26:00
121,15,2025-01-09 08:28:00,1167,2025-01-09 08:28:00
120,16,2025-01-09 08:31:00,1167,2025-01-09 08:31:00
119,17,2025-01-09 08:33:00,1167,2025-01-09 08:33:00
118,18,2025-01-09 08:35:00,1167,2025-01-09 08:35:00
117,19,2025-01-09 08:37:00,1167,2025-01-09 08:37:00
116,20,2025-01-09 08:38:00,1167,2025-01-09 08:38:00
115,21,2025-01-09 08:40:00,1167,2025-01-09 08:40:00
114,22,2025-01-09 08:42:00,1167,2025-01-09 08:42:00
113,23,2025-01-09 08:44:00,1167,2025-01-09 08:44:00
112,24,2025-01-09 08:46:00,1167,2025-01-09 08:46:00
111,25,2025-01-09 08:48:00,1167,2025-01-09 08:48:00
110,26,2025-01-09 08:50:00,1167,2025-01-09 08:50:00
109,27,2025-01-09 08:52:00,1167,2025-01-09 08:52:00
108,28,2025-01-09 08:54:00,1167,2025-01-09 08:54:00
107,29,2025-01-09 08:56:00,1167,2025-01-09 08:56:00
106,30,2025-01-09 08:59:00,1167,2025-01-09 08:59:00
105,31,2025-01-09 09:00:00,1167,2025-01-09 09:00:00
104,32,2025-01-09 09:02:00,1167,2025-01-09 09:02:00
103,33,2025-01-09 09:06:00,1167,2025-01-09 09:06:00
102,34,2025-01-09 09:09:00,1167,2025-01-09 09:09:00
101,35,2025-01-09 09:12:00,1167,2025-01-09 09:12:00
100,36,2025-01-09 09:16:00,1167,2025-01-09 09:16:00
136,0,2025-01-09 08:05:00,1168,2025-01-09 08:05:00
135,1,2025-01-09 08:07:00,1168,2025-01-09 08:07:00
134,2,2025-01-09 08:09:00,1168,2025-01-09 08:09:00
133,3,2025-01-09 08:11:00,1168,2025-01-09 08:11:00
132,4,2025-01-09 08:14:00,1168,2025-01-09 08:14:00
131,5,2025-01-09 08:15:00,1168,2025-01-09 08:15:00
130,6,2025-01-09 08:17:00,1168,2025-01-09 08:17:00
129,7,2025-01-09 08:19:00,1168,2025-01-09 08:19:00
128,8,2025-01-09 08:21:00,1168,2025-01-09 08:21:00
127,9,2025-01-09 08:23:00,1168,2025-01-09 08:23:00
126,10,2025-01-09 08:26:00,1168,2025-01-09 08:26:00
125,11,2025-01-09 08:29:00,1168,2025-01-09 08:29:00
124,12,2025-01-09 08:31:00,1168,2025-01-09 08:31:00
123,13,2025-01-09 08:34:00,1168,2025-01-09 08:34:00
122,14,2025-01-09 08:36:00,1168,2025-01-09 08:36:00
121,15,2025-01-09 08:38:00,1168,2025-01-09 08:38:00
120,16,2025-01-09 08:41:00,1168,2025-01-09 08:41:00
119,17,2025-01-09 08:43:00,1168,2025-01-09 08:43:00
118,18,2025-01-09 08:45:00,1168,2025-01-09 08:45:00
117,19,2025-01-09 08:47:00,1168,2025-01-09 08:47:00
116,20,2025-01-09 08:48:00,1168,2025-01-09 08:48:00
115,21,2025-01-09 08:50:00,1168,2025-01-09 08:50:00
114,22,2025-01-09 08:52:00,1168,2025-01-09 08:52:00
113,23,2025-01-09 08:54:00,1168,2025-01-09 08:54:00
112,24,2025-01-09 08:56:00,1168,2025-01-09 08:56:00
111,25,2025-01-09 08:58:00,1168,2025-01-09 08:58:00
110,26,2025-01-09 09:00:00,1168,2025-01-09 09:00:00
109,27,2025-01-09 09:02:00,1168,2025-01-09 09:02:00
108,28,2025-01-09 09:04:00,1168,2025-01-09 09:04:00
107,29,2025-01-09 09:06:00,1168,2025-01-09 09:06:00
106,30,2025-01-09 09:09:00,1168,2025-01-09 09:09:00
105,31,2025-01-09 09:10:00,1168,2025-01-09 09:10:00
104,32,2025-01-09 09:12:00,1168,2025-01-09 09:12:00
103,33,2025-01-09 09:16:00,1168,2025-01-09 09:16:00
102,34,2025-01-09 09:19:00,1168,2025-01-09 09:19:00
101,35,2025-01-09 09:22:00,1168,2025-01-09 09:22:00
100,36,2025-01-09 09:26:00,1168,2025-01-09 09:26:00
136,0,2025-01-09 08:15:00,1169,2025-01-09 08:15:00
135,1,2025-01-09 08:17:00,1169,2025-01-09 08:17:00
134,2,2025-01-09 08:19:00,1169,2025-01-09 08:19:00
133,3,2025-01-09 08:21:00,1169,2025-01-09 08:21:00
132,4,2025-01-09 08:24:00,1169,2025-01-09 08:24:00
131,5,2025-01-09 08:25:00,1169,2025-01-09 08:25:00
130,6,2025-01-09 08:27:00,1169,2025-01-09 08:27:00
129,7,2025-01-09 08:29:00,1169,2025-01-09 08:29:00
128,8,2025-01-09 08:31:00,1169,2025-01-09 08:31:00
127,9,2025-01-09 08:33:00,1169,2025-01-09 08:33:00
126,10,2025-01-09 08:36:00,1169,2025-01-09 08:36:00
125,11,2025-01-09 08:39:00,1169,2025-01-09 08:39:00
124,12,2025-01-09 08:41:00,1169,2025-01-09 08:41:00
123,13,2025-01-09 08:44:00,1169,2025-01-09 08:44:00
122,14,2025-01-09 08:46:00,1169,2025-01-09 08:46:00
121,15,2025-01-09 08:48:00,1169,2025-01-09 08:48:00
120,16,2025-01-09 08:51:00,1169,2025-01-09 08:51:00
119,17,2025-01-09 08:53:00,1169,2025-01-09 08:53:00
118,18,2025-01-09 08:55:00,1169,2025-01-09 08:55:00
117,19,2025-01-09 08:57:00,1169,2025-01-09 08:57:00
116,20,2025-01-09 08:58:00,1169,2025-01-09 08:58:00
115,21,2025-01-09 09:00:00,1169,2025-01-09 09:00:00
114,22,2025-01-09 09:02:00,1169,2025-01-09 09:02:00
113,23,2025-01-09 09:04:00,1169,2025-01-09 09:04:00
112,24,2025-01-09 09:06:00,1169,2025-01-09 09:06:00
111,25,2025-01-09 09:08:00,1169,2025-01-09 09:08:00
110,26,2025-01-09 09:10:00,1169,2025-01-09 09:10:00
109,27,2025-01-09 09:12:00,1169,2025-01-09 09:12:00
108,28,2025-01-09 09:14:00,1169,2025-01-09 09:14:00
107,29,2025-01-09 09:16:00,1169,2025-01-09 09:16:00
106,30,2025-01-09 09:19:00,1169,2025-01-09 09:19:00
105,31,2025-01-09 09:20:00,1169,2025-01-09 09:20:00
104,32,2025-01-09 09:22:00,1169,2025-01-09 09:22:00
103,33,2025-01-09 09:26:00,1169,2025-01-09 09:26:00
102,34,2025-01-09 09:29:00,1169,2025-01-09 09:29:00
101,35,2025-01-09 09:32:00,1169,2025-01-09 09:32:00
100,36,2025-01-09 09:36:00,1169,2025-01-09 09:36:00
136,0,2025-01-09 08:25:00,1170,2025-01-09 08:25:00
135,1,2025-01-09 08:27:00,1170,2025-01-09 08:27:00
134,2,2025-01-09 08:29:00,1170,2025-01-09 08:29:00
133,3,2025-01-09 08:31:00,1170,2025-01-09 08:31:00
132,4,2025-01-09 08:34:00,1170,2025-01-09 08:34:00
131,5,2025-01-09 08:35:00,1170,2025-01-09 08:35:00
130,6,2025-01-09 08:37:00,1170,2025-01-09 08:37:00
129,7,2025-01-09 08:39:00,1170,2025-01-09 08:39:00
128,8,2025-01-09 08:41:00,1170,2025-01-09 08:41:00
127,9,2025-01-09 08:43:00,1170,2025-01-09 08:43:00
126,10,2025-01-09 08:46:00,1170,2025-01-09 08:46:00
125,11,2025-01-09 08:49:00,1170,2025-01-09 08:49:00
124,12,2025-01-09 08:51:00,1170,2025-01-09 08:51:00
123,13,2025-01-09 08:54:00,1170,2025-01-09 08:54:00
122,14,2025-01-09 08:56:00,1170,2025-01-09 08:56:00
121,15,2025-01-09 08:58:00,1170,2025-01-09 08:58:00
120,16,2025-01-09 09:01:00,1170,2025-01-09 09:01:00
119,17,2025-01-09 09:03:00,1170,2025-01-09 09:03:00
118,18,2025-01-09 09:05:00,1170,2025-01-09 09:05:00
117,19,2025-01-09 09:07:00,1170,2025-01-09 09:07:00
116,20,2025-01-09 09:08:00,1170,2025-01-09 09:08:00
115,21,2025-01-09 09:10:00,1170,2025-01-09 09:10:00
114,22,2025-01-09 09:12:00,1170,2025-01-09 09:12:00
113,23,2025-01-09 09:14:00,1170,2025-01-09 09:14:00
112,24,2025-01-09 09:16:00,1170,2025-01-09 09:16:00
111,25,2025-01-09 09:18:00,1170,2025-01-09 09:18:00
110,26,2025-01-09 09:20:00,1170,2025-01-09 09:20:00
109,27,2025-01-09 09:22:00,1170,2025-01-09 09:22:00
108,28,2025-01-09 09:24:00,1170,2025-01-09 09:24:00
107,29,2025-01-09 09:26:00,1170,2025-01-09 09:26:00
106,30,2025-01-09 09:29:00,1170,2025-01-09 09:29:00
105,31,2025-01-09 09:30:00,1170,2025-01-09 09:30:00
104,32,2025-01-09 09:32:00,1170,2025-01-09 09:32:00
103,33,2025-01-09 09:36:00,1170,2025-01-09 09:36:00
102,34,2025-01-09 09:39:00,1170,2025-01-09 09:39:00
101,35,2025-01-09 09:42:00,1170,2025-01-09 09:42:00
100,36,2025-01-09 09:46:00,1170,2025-01-09 09:46:00
136,0,2025-01-09 08:35:00,1171,2025-01-09 08:35:00
135,1,2025-01-09 08:37:00,1171,2025-01-09 08:37:00
134,2,2025-01-09 08:39:00,1171,2025-01-09 08:39:00
133,3,2025-01-09 08:41:00,1171,2025-01-09 08:41:00
132,4,2025-01-09 08:44:00,1171,2025-01-09 08:44:00
131,5,2025-01-09 08:45:00,1171,2025-01-09 08:45:00
130,6,2025-01-09 08:47:00,1171,2025-01-09 08:47:00
129,7,2025-01-09 08:49:00,1171,2025-01-09 08:49:00
128,8,2025-01-09 08:51:00,1171,2025-01-09 08:51:00
127,9,2025-01-09 08:53:00,1171,2025-01-09 08:53:00
126,10,2025-01-09 08:56:00,1171,2025-01-09 08:56:00
125,11,2025-01-09 08:59:00,1171,2025-01-09 08:59:00
124,12,2025-01-09 09:01:00,1171,2025-01-09 09:01:00
123,13,2025-01-09 09:04:00,1171,2025-01-09 09:04:00
122,14,2025-01-09 09:06:00,1171,2025-01-09 09:06:00
121,15,2025-01-09 09:08:00,1171,2025-01-09 09:08:00
120,16,2025-01-09 09:11:00,1171,2025-01-09 09:11:00
119,17,2025-01-09 09:13:00,1171,2025-01-09 09:13:00
118,18,2025-01-09 09:15:00,1171,2025-01-09 09:15:00
117,19,2025-01-09 09:17:00,1171,2025-01-09 09:17:00
116,20,2025-01-09 09:18:00,1171,2025-01-09 09:18:00
115,21,2025-01-09 09:20:00,1171,2025-01-09 09:20:00
114,22,2025-01-09 09:22:00,1171,2025-01-09 09:22:00
113,23,2025-01-09 09:24:00,1171,2025-01-09 09:24:00
112,24,2025-01-09 09:26:00,1171,2025-01-09 09:26:00
111,25,2025-01-09 09:28:00,1171,2025-01-09 09:28:00
110,26,2025-01-09 09:30:00,1171,2025-01-09 09:30:00
109,27,2025-01-09 09:32:00,1171,2025-01-09 09:32:00
108,28,2025-01-09 09:34:00,1171,2025-01-09 09:34:00
107,29,2025-01-09 09:36:00,1171,2025-01-09 09:36:00
106,30,2025-01-09 09:39:00,1171,2025-01-09 09:39:00
105,31,2025-01-09 09:40:00,1171,2025-01-09 09:40:00
104,32,2025-01-09 09:42:00,1171,2025-01-09 09:42:00
103,33,2025-01-09 09:46:00,1171,2025-01-09 09:46:00
102,34,2025-01-09 09:49:00,1171,2025-01-09 09:49:00
101,35,2025-01-09 09:52:00,1171,2025-01-09 09:52:00
100,36,2025-01-09 09:56:00,1171,2025-01-09 09:56:00
136,0,2025-01-09 08:45:00,1172,2025-01-09 08:45:00
135,1,2025-01-09 08:47:00,1172,2025-01-09 08:47:00
134,2,2025-01-09 08:49:00,1172,2025-01-09 08:49:00
133,3,2025-01-09 08:51:00,1172,2025-01-09 08:51:00
132,4,2025-01-09 08:54:00,1172,2025-01-09 08:54:00
131,5,2025-01-09 08:55:00,1172,2025-01-09 08:55:00
130,6,2025-01-09 08:57:00,1172,2025-01-09 08:57:00
129,7,2025-01-09 08:59:00,1172,2025-01-09 08:59:00
128,8,2025-01-09 09:01:00,1172,2025-01-09 09:01:00
127,9,2025-01-09 09:03:00,1172,2025-01-09 09:03:00
126,10,2025-01-09 09:06:00,1172,2025-01-09 09:06:00
125,11,2025-01-09 09:09:00,1172,2025-01-09 09:09:00
124,12,2025-01-09 09:11:00,1172,2025-01-09 09:11:00
123,13,2025-01-09 09:14:00,1172,2025-01-09 09:14:00
122,14,2025-01-09 09:16:00,1172,2025-01-09 09:16:00
121,15,2025-01-09 09:18:00,1172,2025-01-09 09:18:00
120,16,2025-01-09 09:21:00,1172,2025-01-09 09:21:00
119,17,2025-01-09 09:23:00,1172,2025-01-09 09:23:00
118,18,2025-01-09 09:25:00,1172,2025-01-09 09:25:00
117,19,2025-01-09 09:27:00,1172,2025-01-09 09:27:00
116,20,2025-01-09 09:28:00,1172,2025-01-09 09:28:00
115,21,2025-01-09 09:30:00,1172,2025-01-09 09:30:00
114,22,2025-01-09 09:32:00,1172,2025-01-09 09:32:00
113,23,2025-01-09 09:34:00,1172,2025-01-09 09:34:00
112,24,2025-01-09 09:36:00,1172,2025-01-09 09:36:00
111,25,2025-01-09 09:38:00,1172,2025-01-09 09:38:00
110,26,2025-01-09 09:40:00,1172,2025-01-09 09:40:00
109,27,2025-01-09 09:42:00,1172,2025-01-09 09:42:00
108,28,2025-01-09 09:44:00,1172,2025-01-09 09:44:00
107,29,2025-01-09 09:46:00,1172,2025-01-09 09:46:00
106,30,2025-01-09 09:49:00,1172,2025-01-09 09:49:00
105,31,2025-01-09 09:50:00,1172,2025-01-09 09:50:00
104,32,2025-01-09 09:52:00,1172,2025-01-09 09:52:00
103,33,2025-01-09 09:56:00,1172,2025-01-09 09:56:00
102,34,2025-01-09 09:59:00,1172,2025-01-09 09:59:00
101,35,2025-01-09 10:02:00,1172,2025-01-09 10:02:00
100,36,2025-01-09 10:06:00,1172,2025-01-09 10:06:00
136,0,2025-01-09 08:55:00,1173,2025-01-09 08:55:00
135,1,2025-01-09 08:57:00,1173,2025-01-09 08:57:00
134,2,2025-01-09 08:59:00,1173,2025-01-09 08:59:00
133,3,2025-01-09 09:01:00,1173,2025-01-09 09:01:00
132,4,2025-01-09 09:04:00,1173,2025-01-09 09:04:00
131,5,2025-01-09 09:05:00,1173,2025-01-09 09:05:00
130,6,2025-01-09 09:07:00,1173,2025-01-09 09:07:00
129,7,2025-01-09 09:09:00,1173,2025-01-09 09:09:00
128,8,2025-01-09 09:11:00,1173,2025-01-09 09:11:00
127,9,2025-01-09 09:13:00,1173,2025-01-09 09:13:00
126,10,2025-01-09 09:16:00,1173,2025-01-09 09:16:00
125,11,2025-01-09 09:19:00,1173,2025-01-09 09:19:00
124,12,2025-01-09 09:21:00,1173,2025-01-09 09:21:00
123,13,2025-01-09 09:24:00,1173,2025-01-09 09:24:00
122,14,2025-01-09 09:26:00,1173,2025-01-09 09:26:00
121,15,2025-01-09 09:28:00,1173,2025-01-09 09:28:00
120,16,2025-01-09 09:31:00,1173,2025-01-09 09:31:00
119,17,2025-01-09 09:33:00,1173,2025-01-09 09:33:00
118,18,2025-01-09 09:35:00,1173,2025-01-09 09:35:00
117,19,2025-01-09 09:37:00,1173,2025-01-09 09:37:00
116,20,2025-01-09 09:38:00,1173,2025-01-09 09:38:00
115,21,2025-01-09 09:40:00,1173,2025-01-09 09:40:00
114,22,2025-01-09 09:42:00,1173,2025-01-09 09:42:00
113,23,2025-01-09 09:44:00,1173,2025-01-09 09:44:00
112,24,2025-01-09 09:46:00,1173,2025-01-09 09:46:00
111,25,2025-01-09 09:48:00,1173,2025-01-09 09:48:00
110,26,2025-01-09 09:50:00,1173,2025-01-09 09:50:00
109,27,2025-01-09 09:52:00,1173,2025-01-09 09:52:00
108,28,2025-01-09 09:54:00,1173,2025-01-09 09:54:00
107,29,2025-01-09 09:56:00,1173,2025-01-09 09:56:00
106,30,2025-01-09 09:59:00,1173,2025-01-09 09:59:00
105,31,2025-01-09 10:00:00,1173,2025-01-09 10:00:00
104,32,2025-01-09 10:02:00,1173,2025-01-09 10:02:00
103,33,2025-01-09 10:06:00,1173,2025-01-09 10:06:00
102,34,2025-01-09 10:09:00,1173,2025-01-09 10:09:00
101,35,2025-01-09 10:12:00,1173,2025-01-09 10:12:00
100,36,2025-01-09 10:16:00,1173,2025-01-09 10:16:00
136,0,2025-01-09 09:04:00,1174,2025-01-09 09:04:00
135,1,2025-01-09 09:06:00,1174,2025-01-09 09:06:00
134,2,2025-01-09 09:08:00,1174,2025-01-09 09:08:00
133,3,2025-01-09 09:10:00,1174,2025-01-09 09:10:00
132,4,2025-01-09 09:13:00,1174,2025-01-09 09:13:00
131,5,2025-01-09 09:14:00,1174,2025-01-09 09:14:00
130,6,2025-01-09 09:16:00,1174,2025-01-09 09:16:00
129,7,2025-01-09 09:18:00,1174,2025-01-09 09:18:00
128,8,2025-01-09 09:20:00,1174,2025-01-09 09:20:00
127,9,2025-01-09 09:22:00,1174,2025-01-09 09:22:00
126,10,2025-01-09 09:25:00,1174,2025-01-09 09:25:00
125,11,2025-01-09 09:28:00,1174,2025-01-09 09:28:00
124,12,2025-01-09 09:30:00,1174,2025-01-09 09:30:00
123,13,2025-01-09 09:33:00,1174,2025-01-09 09:33:00
122,14,2025-01-09 09:35:00,1174,2025-01-09 09:35:00
121,15,2025-01-09 09:37:00,1174,2025-01-09 09:37:00
120,16,2025-01-09 09:40:00,1174,2025-01-09 09:40:00
119,17,2025-01-09 09:42:00,1174,2025-01-09 09:42:00
118,18,2025-01-09 09:44:00,1174,2025-01-09 09:44:00
117,19,2025-01-09 09:46:00,1174,2025-01-09 09:46:00
116,20,2025-01-09 09:47:00,1174,2025-01-09 09:47:00
115,21,2025-01-09 09:49:00,1174,2025-01-09 09:49:00
114,22,2025-01-09 09:51:00,1174,2025-01-09 09:51:00
113,23,2025-01-09 09:53:00,1174,2025-01-09 09:53:00
112,24,2025-01-09 09:55:00,1174,2025-01-09 09:55:00
111,25,2025-01-09 09:57:00,1174,2025-01-09 09:57:00
110,26,2025-01-09 09:59:00,1174,2025-01-09 09:59:00
109,27,2025-01-09 10:01:00,1174,2025-01-09 10:01:00
108,28,2025-01-09 10:03:00,1174,2025-01-09 10:03:00
107,29,2025-01-09 10:05:00,1174,2025-01-09 10:05:00
106,30,2025-01-09 10:08:00,1174,2025-01-09 10:08:00
105,31,2025-01-09 10:09:00,1174,2025-01-09 10:09:00
104,32,2025-01-09 10:11:00,1174,2025-01-09 10:11:00
103,33,2025-01-09 10:15:00,1174,2025-01-09 10:15:00
102,34,2025-01-09 10:18:00,1174,2025-01-09 10:18:00
101,35,2025-01-09 10:21:00,1174,2025-01-09 10:21:00
100,36,2025-01-09 10:25:00,1174,2025-01-09 10:25:00
136,0,2025-01-09 09:13:00,1175,2025-01-09 09:13:00
135,1,2025-01-09 09:15:00,1175,2025-01-09 09:15:00
134,2,2025-01-09 09:17:00,1175,2025-01-09 09:17:00
133,3,2025-01-09 09:19:00,1175,2025-01-09 09:19:00
132,4,2025-01-09 09:22:00,1175,2025-01-09 09:22:00
131,5,2025-01-09 09:23:00,1175,2025-01-09 09:23:00
130,6,2025-01-09 09:25:00,1175,2025-01-09 09:25:00
129,7,2025-01-09 09:27:00,1175,2025-01-09 09:27:00
128,8,2025-01-09 09:29:00,1175,2025-01-09 09:29:00
127,9,2025-01-09 09:31:00,1175,2025-01-09 09:31:00
126,10,2025-01-09 09:34:00,1175,2025-01-09 09:34:00
125,11,2025-01-09 09:37:00,1175,2025-01-09 09:37:00
124,12,2025-01-09 09:39:00,1175,2025-01-09 09:39:00
123,13,2025-01-09 09:42:00,1175,2025-01-09 09:42:00
122,14,2025-01-09 09:44:00,1175,2025-01-09 09:44:00
121,15,2025-01-09 09:46:00,1175,2025-01-09 09:46:00
120,16,2025-01-09 09:49:00,1175,2025-01-09 09:49:00
119,17,2025-01-09 09:51:00,1175,2025-01-09 09:51:00
118,18,2025-01-09 09:53:00,1175,2025-01-09 09:53:00
117,19,2025-01-09 09:55:00,1175,2025-01-09 09:55:00
116,20,2025-01-09 09:56:00,1175,2025-01-09 09:56:00
115,21,2025-01-09 09:58:00,1175,2025-01-09 09:58:00
114,22,2025-01-09 10:00:00,1175,2025-01-09 10:00:00
113,23,2025-01-09 10:02:00,1175,2025-01-09 10:02:00
112,24,2025-01-09 10:04:00,1175,2025-01-09 10:04:00
111,25,2025-01-09 10:06:00,1175,2025-01-09 10:06:00
110,26,2025-01-09 10:08:00,1175,2025-01-09 10:08:00
109,27,2025-01-09 10:10:00,1175,2025-01-09 10:10:00
108,28,2025-01-09 10:12:00,1175,2025-01-09 10:12:00
107,29,2025-01-09 10:14:00,1175,2025-01-09 10:14:00
106,30,2025-01-09 10:17:00,1175,2025-01-09 10:17:00
105,31,2025-01-09 10:18:00,1175,2025-01-09 10:18:00
104,32,2025-01-09 10:20:00,1175,2025-01-09 10:20:00
103,33,2025-01-09 10:24:00,1175,2025-01-09 10:24:00
102,34,2025-01-09 10:27:00,1175,2025-01-09 10:27:00
101,35,2025-01-09 10:30:00,1175,2025-01-09 10:30:00
100,36,2025-01-09 10:34:00,1175,2025-01-09 10:34:00
136,0,2025-01-09 09:22:00,1176,2025-01-09 09:22:00
135,1,2025-01-09 09:24:00,1176,2025-01-09 09:24:00
134,2,2025-01-09 09:26:00,1176,2025-01-09 09:26:00
133,3,2025-01-09 09:28:00,1176,2025-01-09 09:28:00
132,4,2025-01-09 09:31:00,1176,2025-01-09 09:31:00
131,5,2025-01-09 09:32:00,1176,2025-01-09 09:32:00
130,6,2025-01-09 09:34:00,1176,2025-01-09 09:34:00
129,7,2025-01-09 09:36:00,1176,2025-01-09 09:36:00
128,8,2025-01-09 09:38:00,1176,2025-01-09 09:38:00
127,9,2025-01-09 09:40:00,1176,2025-01-09 09:40:00
126,10,2025-01-09 09:43:00,1176,2025-01-09 09:43:00
125,11,2025-01-09 09:46:00,1176,2025-01-09 09:46:00
124,12,2025-01-09 09:48:00,1176,2025-01-09 09:48:00
123,13,2025-01-09 09:51:00,1176,2025-01-09 09:51:00
122,14,2025-01-09 09:53:00,1176,2025-01-09 09:53:00
121,15,2025-01-09 09:55:00,1176,2025-01-09 09:55:00
120,16,2025-01-09 09:58:00,1176,2025-01-09 09:58:00
119,17,2025-01-09 10:00:00,1176,2025-01-09 10:00:00
118,18,2025-01-09 10:02:00,1176,2025-01-09 10:02:00
117,19,2025-01-09 10:04:00,1176,2025-01-09 10:04:00
116,20,2025-01-09 10:05:00,1176,2025-01-09 10:05:00
115,21,2025-01-09 10:07:00,1176,2025-01-09 10:07:00
114,22,2025-01-09 10:09:00,1176,2025-01-09 10:09:00
113,23,2025-01-09 10:11:00,1176,2025-01-09 10:11:00
112,24,2025-01-09 10:13:00,1176,2025-01-09 10:13:00
111,25,2025-01-09 10:15:00,1176,2025-01-09 10:15:00
110,26,2025-01-09 10:17:00,1176,2025-01-09 10:17:00
109,27,2025-01-09 10:19:00,1176,2025-01-09 10:19:00
108,28,2025-01-09 10:21:00,1176,2025-01-09 10:21:00
107,29,2025-01-09 10:23:00,1176,2025-01-09 10:23:00
106,30,2025-01-09 10:26:00,1176,2025-01-09 10:26:00
105,31,2025-01-09 10:27:00,1176,2025-01-09 10:27:00
104,32,2025-01-09 10:29:00,1176,2025-01-09 10:29:00
103,33,2025-01-09 10:33:00,1176,2025-01-09 10:33:00
102,34,2025-01-09 10:36:00,1176,2025-01-09 10:36:00
101,35,2025-01-09 10:39:00,1176,2025-01-09 10:39:00
100,36,2025-01-09 10:43:00,1176,2025-01-09 10:43:00
136,0,2025-01-09 09:31:00,1177,2025-01-09 09:31:00
135,1,2025-01-09 09:33:00,1177,2025-01-09 09:33:00
134,2,2025-01-09 09:35:00,1177,2025-01-09 09:35:00
133,3,2025-01-09 09:37:00,1177,2025-01-09 09:37:00
132,4,2025-01-09 09:40:00,1177,2025-01-09 09:40:00
131,5,2025-01-09 09:41:00,1177,2025-01-09 09:41:00
130,6,2025-01-09 09:43:00,1177,2025-01-09 09:43:00
129,7,2025-01-09 09:45:00,1177,2025-01-09 09:45:00
128,8,2025-01-09 09:47:00,1177,2025-01-09 09:47:00
127,9,2025-01-09 09:49:00,1177,2025-01-09 09:49:00
126,10,2025-01-09 09:52:00,1177,2025-01-09 09:52:00
125,11,2025-01-09 09:55:00,1177,2025-01-09 09:55:00
124,12,2025-01-09 09:57:00,1177,2025-01-09 09:57:00
123,13,2025-01-09 10:00:00,1177,2025-01-09 10:00:00
122,14,2025-01-09 10:02:00,1177,2025-01-09 10:02:00
121,15,2025-01-09 10:04:00,1177,2025-01-09 10:04:00
120,16,2025-01-09 10:07:00,1177,2025-01-09 10:07:00
119,17,2025-01-09 10:09:00,1177,2025-01-09 10:09:00
118,18,2025-01-09 10:11:00,1177,2025-01-09 10:11:00
117,19,2025-01-09 10:13:00,1177,2025-01-09 10:13:00
116,20,2025-01-09 10:14:00,1177,2025-01-09 10:14:00
115,21,2025-01-09 10:16:00,1177,2025-01-09 10:16:00
114,22,2025-01-09 10:18:00,1177,2025-01-09 10:18:00
113,23,2025-01-09 10:20:00,1177,2025-01-09 10:20:00
112,24,2025-01-09 10:22:00,1177,2025-01-09 10:22:00
111,25,2025-01-09 10:24:00,1177,2025-01-09 10:24:00
110,26,2025-01-09 10:26:00,1177,2025-01-09 10:26:00
109,27,2025-01-09 10:28:00,1177,2025-01-09 10:28:00
108,28,2025-01-09 10:30:00,1177,2025-01-09 10:30:00
107,29,2025-01-09 10:32:00,1177,2025-01-09 10:32:00
106,30,2025-01-09 10:35:00,1177,2025-01-09 10:35:00
105,31,2025-01-09 10:36:00,1177,2025-01-09 10:36:00
104,32,2025-01-09 10:38:00,1177,2025-01-09 10:38:00
103,33,2025-01-09 10:42:00,1177,2025-01-09 10:42:00
102,34,2025-01-09 10:45:00,1177,2025-01-09 10:45:00
101,35,2025-01-09 10:48:00,1177,2025-01-09 10:48:00
100,36,2025-01-09 10:52:00,1177,2025-01-09 10:52:00
136,0,2025-01-09 09:40:00,1178,2025-01-09 09:40:00
135,1,2025-01-09 09:42:00,1178,2025-01-09 09:42:00
134,2,2025-01-09 09:44:00,1178,2025-01-09 09:44:00
133,3,2025-01-09 09:46:00,1178,2025-01-09 09:46:00
132,4,2025-01-09 09:49:00,1178,2025-01-09 09:49:00
131,5,2025-01-09 09:50:00,1178,2025-01-09 09:50:00
130,6,2025-01-09 09:52:00,1178,2025-01-09 09:52:00
129,7,2025-01-09 09:54:00,1178,2025-01-09 09:54:00
128,8,2025-01-09 09:56:00,1178,2025-01-09 09:56:00
127,9,2025-01-09 09:58:00,1178,2025-01-09 09:58:00
126,10,2025-01-09 10:01:00,1178,2025-01-09 10:01:00
125,11,2025-01-09 10:04:00,1178,2025-01-09 10:04:00
124,12,2025-01-09 10:06:00,1178,2025-01-09 10:06:00
123,13,2025-01-09 10:09:00,1178,2025-01-09 10:09:00
122,14,2025-01-09 10:11:00,1178,2025-01-09 10:11:00
121,15,2025-01-09 10:13:00,1178,2025-01-09 10:13:00
120,16,2025-01-09 10:16:00,1178,2025-01-09 10:16:00
119,17,2025-01-09 10:18:00,1178,2025-01-09 10:18:00
118,18,2025-01-09 10:20:00,1178,2025-01-09 10:20:00
117,19,2025-01-09 10:22:00,1178,2025-01-09 10:22:00
116,20,2025-01-09 10:23:00,1178,2025-01-09 10:23:00
115,21,2025-01-09 10:25:00,1178,2025-01-09 10:25:00
114,22,2025-01-09 10:27:00,1178,2025-01-09 10:27:00
113,23,2025-01-09 10:29:00,1178,2025-01-09 10:29:00
112,24,2025-01-09 10:31:00,1178,2025-01-09 10:31:00
111,25,2025-01-09 10:33:00,1178,2025-01-09 10:33:00
110,26,2025-01-09 10:35:00,1178,2025-01-09 10:35:00
109,27,2025-01-09 10:37:00,1178,2025-01-09 10:37:00
108,28,2025-01-09 10:39:00,1178,2025-01-09 10:39:00
107,29,2025-01-09 10:41:00,1178,2025-01-09 10:41:00
106,30,2025-01-09 10:44:00,1178,2025-01-09 10:44:00
105,31,2025-01-09 10:45:00,1178,2025-01-09 10:45:00
104,32,2025-01-09 10:47:00,1178,2025-01-09 10:47:00
103,33,2025-01-09 10:51:00,1178,2025-01-09 10:51:00
102,34,2025-01-09 10:54:00,1178,2025-01-09 10:54:00
101,35,2025-01-09 10:57:00,1178,2025-01-09 10:57:00
100,36,2025-01-09 11:01:00,1178,2025-01-09 11:01:00
136,0,2025-01-09 09:49:00,1179,2025-01-09 09:49:00
135,1,2025-01-09 09:51:00,1179,2025-01-09 09:51:00
134,2,2025-01-09 09:53:00,1179,2025-01-09 09:53:00
133,3,2025-01-09 09:55:00,1179,2025-01-09 09:55:00
132,4,2025-01-09 09:58:00,1179,2025-01-09 09:58:00
131,5,2025-01-09 09:59:00,1179,2025-01-09 09:59:00
130,6,2025-01-09 10:01:00,1179,2025-01-09 10:01:00
129,7,2025-01-09 10:03:00,1179,2025-01-09 10:03:00
128,8,2025-01-09 10:05:00,1179,2025-01-09 10:05:00
127,9,2025-01-09 10:07:00,1179,2025-01-09 10:07:00
126,10,2025-01-09 10:10:00,1179,2025-01-09 10:10:00
125,11,2025-01-09 10:13:00,1179,2025-01-09 10:13:00
124,12,2025-01-09 10:15:00,1179,2025-01-09 10:15:00
123,13,2025-01-09 10:18:00,1179,2025-01-09 10:18:00
122,14,2025-01-09 10:20:00,1179,2025-01-09 10:20:00
121,15,2025-01-09 10:22:00,1179,2025-01-09 10:22:00
120,16,2025-01-09 10:25:00,1179,2025-01-09 10:25:00
119,17,2025-01-09 10:27:00,1179,2025-01-09 10:27:00
118,18,2025-01-09 10:29:00,1179,2025-01-09 10:29:00
117,19,2025-01-09 10:31:00,1179,2025-01-09 10:31:00
116,20,2025-01-09 10:32:00,1179,2025-01-09 10:32:00
115,21,2025-01-09 10:34:00,1179,2025-01-09 10:34:00
114,22,2025-01-09 10:36:00,1179,2025-01-09 10:36:00
113,23,2025-01-09 10:38:00,1179,2025-01-09 10:38:00
112,24,2025-01-09 10:40:00,1179,2025-01-09 10:40:00
111,25,2025-01-09 10:42:00,1179,2025-01-09 10:42:00
110,26,2025-01-09 10:44:00,1179,2025-01-09 10:44:00
109,27,2025-01-09 10:46:00,1179,2025-01-09 10:46:00
108,28,2025-01-09 10:48:00,1179,2025-01-09 10:48:00
107,29,2025-01-09 10:50:00,1179,2025-01-09 10:50:00
106,30,2025-01-09 10:53:00,1179,2025-01-09 10:53:00
105,31,2025-01-09 10:54:00,1179,2025-01-09 10:54:00
104,32,2025-01-09 10:56:00,1179,2025-01-09 10:56:00
103,33,2025-01-09 11:00:00,1179,2025-01-09 11:00:00
102,34,2025-01-09 11:03:00,1179,2025-01-09 11:03:00
101,35,2025-01-09 11:06:00,1179,2025-01-09 11:06:00
100,36,2025-01-09 11:10:00,1179,2025-01-09 11:10:00
136,0,2025-01-09 09:58:00,1180,2025-01-09 09:58:00
135,1,2025-01-09 10:00:00,1180,2025-01-09 10:00:00
134,2,2025-01-09 10:02:00,1180,2025-01-09 10:02:00
133,3,2025-01-09 10:04:00,1180,2025-01-09 10:04:00
132,4,2025-01-09 10:07:00,1180,2025-01-09 10:07:00
131,5,2025-01-09 10:08:00,1180,2025-01-09 10:08:00
130,6,2025-01-09 10:10:00,1180,2025-01-09 10:10:00
129,7,2025-01-09 10:12:00,1180,2025-01-09 10:12:00
128,8,2025-01-09 10:14:00,1180,2025-01-09 10:14:00
127,9,2025-01-09 10:16:00,1180,2025-01-09 10:16:00
126,10,2025-01-09 10:19:00,1180,2025-01-09 10:19:00
125,11,2025-01-09 10:22:00,1180,2025-01-09 10:22:00
124,12,2025-01-09 10:24:00,1180,2025-01-09 10:24:00
123,13,2025-01-09 10:27:00,1180,2025-01-09 10:27:00
122,14,2025-01-09 10:29:00,1180,2025-01-09 10:29:00
121,15,2025-01-09 10:31:00,1180,2025-01-09 10:31:00
120,16,2025-01-09 10:34:00,1180,2025-01-09 10:34:00
119,17,2025-01-09 10:36:00,1180,2025-01-09 10:36:00
118,18,2025-01-09 10:38:00,1180,2025-01-09 10:38:00
117,19,2025-01-09 10:40:00,1180,2025-01-09 10:40:00
116,20,2025-01-09 10:41:00,1180,2025-01-09 10:41:00
115,21,2025-01-09 10:43:00,1180,2025-01-09 10:43:00
114,22,2025-01-09 10:45:00,1180,2025-01-09 10:45:00
113,23,2025-01-09 10:47:00,1180,2025-01-09 10:47:00
112,24,2025-01-09 10:49:00,1180,2025-01-09 10:49:00
111,25,2025-01-09 10:51:00,1180,2025-01-09 10:51:00
110,26,2025-01-09 10:53:00,1180,2025-01-09 10:53:00
109,27,2025-01-09 10:55:00,1180,2025-01-09 10:55:00
108,28,2025-01-09 10:57:00,1180,2025-01-09 10:57:00
107,29,2025-01-09 10:59:00,1180,2025-01-09 10:59:00
106,30,2025-01-09 11:02:00,1180,2025-01-09 11:02:00
105,31,2025-01-09 11:03:00,1180,2025-01-09 11:03:00
104,32,2025-01-09 11:05:00,1180,2025-01-09 11:05:00
103,33,2025-01-09 11:09:00,1180,2025-01-09 11:09:00
102,34,2025-01-09 11:12:00,1180,2025-01-09 11:12:00
101,35,2025-01-09 11:15:00,1180,2025-01-09 11:15:00
100,36,2025-01-09 11:19:00,1180,2025-01-09 11:19:00
136,0,2025-01-09 10:08:00,1181,2025-01-09 10:08:00
135,1,2025-01-09 10:10:00,1181,2025-01-09 10:10:00
134,2,2025-01-09 10:12:00,1181,2025-01-09 10:12:00
133,3,2025-01-09 10:14:00,1181,2025-01-09 10:14:00
132,4,2025-01-09 10:17:00,1181,2025-01-09 10:17:00
131,5,2025-01-09 10:18:00,1181,2025-01-09 10:18:00
130,6,2025-01-09 10:20:00,1181,2025-01-09 10:20:00
129,7,2025-01-09 10:22:00,1181,2025-01-09 10:22:00
128,8,2025-01-09 10:24:00,1181,2025-01-09 10:24:00
127,9,2025-01-09 10:26:00,1181,2025-01-09 10:26:00
126,10,2025-01-09 10:29:00,1181,2025-01-09 10:29:00
125,11,2025-01-09 10:32:00,1181,2025-01-09 10:32:00
124,12,2025-01-09 10:34:00,1181,2025-01-09 10:34:00
123,13,2025-01-09 10:37:00,1181,2025-01-09 10:37:00
122,14,2025-01-09 10:39:00,1181,2025-01-09 10:39:00
121,15,2025-01-09 10:41:00,1181,2025-01-09 10:41:00
120,16,2025-01-09 10:44:00,1181,2025-01-09 10:44:00
119,17,2025-01-09 10:46:00,1181,2025-01-09 10:46:00
118,18,2025-01-09 10:48:00,1181,2025-01-09 10:48:00
117,19,2025-01-09 10:50:00,1181,2025-01-09 10:50:00
116,20,2025-01-09 10:51:00,1181,2025-01-09 10:51:00
115,21,2025-01-09 10:53:00,1181,2025-01-09 10:53:00
114,22,2025-01-09 10:55:00,1181,2025-01-09 10:55:00
113,23,2025-01-09 10:57:00,1181,2025-01-09 10:57:00
112,24,2025-01-09 10:59:00,1181,2025-01-09 10:59:00
111,25,2025-01-09 11:01:00,1181,2025-01-09 11:01:00
110,26,2025-01-09 11:03:00,1181,2025-01-09 11:03:00
109,27,2025-01-09 11:05:00,1181,2025-01-09 11:05:00
108,28,2025-01-09 11:07:00,1181,2025-01-09 11:07:00
107,29,2025-01-09 11:09:00,1181,2025-01-09 11:09:00
106,30,2025-01-09 11:12:00,1181,2025-01-09 11:12:00
105,31,2025-01-09 11:13:00,1181,2025-01-09 11:13:00
104,32,2025-01-09 11:15:00,1181,2025-01-09 11:15:00
103,33,2025-01-09 11:19:00,1181,2025-01-09 11:19:00
102,34,2025-01-09 11:22:00,1181,2025-01-09 11:22:00
101,35,2025-01-09 11:25:00,1181,2025-01-09 11:25:00
100,36,2025-01-09 11:29:00,1181,2025-01-09 11:29:00
136,0,2025-01-09 10:18:00,1182,2025-01-09 10:18:00
135,1,2025-01-09 10:20:00,1182,2025-01-09 10:20:00
134,2,2025-01-09 10:22:00,1182,2025-01-09 10:22:00
133,3,2025-01-09 10:24:00,1182,2025-01-09 10:24:00
132,4,2025-01-09 10:27:00,1182,2025-01-09 10:27:00
131,5,2025-01-09 10:28:00,1182,2025-01-09 10:28:00
130,6,2025-01-09 10:30:00,1182,2025-01-09 10:30:00
129,7,2025-01-09 10:32:00,1182,2025-01-09 10:32:00
128,8,2025-01-09 10:34:00,1182,2025-01-09 10:34:00
127,9,2025-01-09 10:36:00,1182,2025-01-09 10:36:00
126,10,2025-01-09 10:39:00,1182,2025-01-09 10:39:00
125,11,2025-01-09 10:42:00,1182,2025-01-09 10:42:00
124,12,2025-01-09 10:44:00,1182,2025-01-09 10:44:00
123,13,2025-01-09 10:47:00,1182,2025-01-09 10:47:00
122,14,2025-01-09 10:49:00,1182,2025-01-09 10:49:00
121,15,2025-01-09 10:51:00,1182,2025-01-09 10:51:00
120,16,2025-01-09 10:54:00,1182,2025-01-09 10:54:00
119,17,2025-01-09 10:56:00,1182,2025-01-09 10:56:00
118,18,2025-01-09 10:58:00,1182,2025-01-09 10:58:00
117,19,2025-01-09 11:00:00,1182,2025-01-09 11:00:00
116,20,2025-01-09 11:01:00,1182,2025-01-09 11:01:00
115,21,2025-01-09 11:03:00,1182,2025-01-09 11:03:00
114,22,2025-01-09 11:05:00,1182,2025-01-09 11:05:00
113,23,2025-01-09 11:07:00,1182,2025-01-09 11:07:00
112,24,2025-01-09 11:09:00,1182,2025-01-09 11:09:00
111,25,2025-01-09 11:11:00,1182,2025-01-09 11:11:00
110,26,2025-01-09 11:13:00,1182,2025-01-09 11:13:00
109,27,2025-01-09 11:15:00,1182,2025-01-09 11:15:00
108,28,2025-01-09 11:17:00,1182,2025-01-09 11:17:00
107,29,2025-01-09 11:19:00,1182,2025-01-09 11:19:00
106,30,2025-01-09 11:22:00,1182,2025-01-09 11:22:00
105,31,2025-01-09 11:23:00,1182,2025-01-09 11:23:00
104,32,2025-01-09 11:25:00,1182,2025-01-09 11:25:00
103,33,2025-01-09 11:29:00,1182,2025-01-09 11:29:00
102,34,2025-01-09 11:32:00,1182,2025-01-09 11:32:00
101,35,2025-01-09 11:35:00,1182,2025-01-09 11:35:00
100,36,2025-01-09 11:39:00,1182,2025-01-09 11:39:00
136,0,2025-01-09 10:28:00,1183,2025-01-09 10:28:00
135,1,2025-01-09 10:30:00,1183,2025-01-09 10:30:00
134,2,2025-01-09 10:32:00,1183,2025-01-09 10:32:00
133,3,2025-01-09 10:34:00,1183,2025-01-09 10:34:00
132,4,2025-01-09 10:37:00,1183,2025-01-09 10:37:00
131,5,2025-01-09 10:38:00,1183,2025-01-09 10:38:00
130,6,2025-01-09 10:40:00,1183,2025-01-09 10:40:00
129,7,2025-01-09 10:42:00,1183,2025-01-09 10:42:00
128,8,2025-01-09 10:44:00,1183,2025-01-09 10:44:00
127,9,2025-01-09 10:46:00,1183,2025-01-09 10:46:00
126,10,2025-01-09 10:49:00,1183,2025-01-09 10:49:00
125,11,2025-01-09 10:52:00,1183,2025-01-09 10:52:00
124,12,2025-01-09 10:54:00,1183,2025-01-09 10:54:00
123,13,2025-01-09 10:57:00,1183,2025-01-09 10:57:00
122,14,2025-01-09 10:59:00,1183,2025-01-09 10:59:00
121,15,2025-01-09 11:01:00,1183,2025-01-09 11:01:00
120,16,2025-01-09 11:04:00,1183,2025-01-09 11:04:00
119,17,2025-01-09 11:06:00,1183,2025-01-09 11:06:00
118,18,2025-01-09 11:08:00,1183,2025-01-09 11:08:00
117,19,2025-01-09 11:10:00,1183,2025-01-09 11:10:00
116,20,2025-01-09 11:11:00,1183,2025-01-09 11:11:00
115,21,2025-01-09 11:13:00,1183,2025-01-09 11:13:00
114,22,2025-01-09 11:15:00,1183,2025-01-09 11:15:00
113,23,2025-01-09 11:17:00,1183,2025-01-09 11:17:00
112,24,2025-01-09 11:19:00,1183,2025-01-09 11:19:00
111,25,2025-01-09 11:21:00,1183,2025-01-09 11:21:00
110,26,2025-01-09 11:23:00,1183,2025-01-09 11:23:00
109,27,2025-01-09 11:25:00,1183,2025-01-09 11:25:00
108,28,2025-01-09 11:27:00,1183,2025-01-09 11:27:00
107,29,2025-01-09 11:29:00,1183,2025-01-09 11:29:00
106,30,2025-01-09 11:32:00,1183,2025-01-09 11:32:00
105,31,2025-01-09 11:33:00,1183,2025-01-09 11:33:00
104,32,2025-01-09 11:35:00,1183,2025-01-09 11:35:00
103,33,2025-01-09 11:39:00,1183,2025-01-09 11:39:00
102,34,2025-01-09 11:42:00,1183,2025-01-09 11:42:00
101,35,2025-01-09 11:45:00,1183,2025-01-09 11:45:00
100,36,2025-01-09 11:49:00,1183,2025-01-09 11:49:00
136,0,2025-01-09 10:38:00,1184,2025-01-09 10:38:00
135,1,2025-01-09 10:40:00,1184,2025-01-09 10:40:00
134,2,2025-01-09 10:42:00,1184,2025-01-09 10:42:00
133,3,2025-01-09 10:44:00,1184,2025-01-09 10:44:00
132,4,2025-01-09 10:47:00,1184,2025-01-09 10:47:00
131,5,2025-01-09 10:48:00,1184,2025-01-09 10:48:00
130,6,2025-01-09 10:50:00,1184,2025-01-09 10:50:00
129,7,2025-01-09 10:52:00,1184,2025-01-09 10:52:00
128,8,2025-01-09 10:54:00,1184,2025-01-09 10:54:00
127,9,2025-01-09 10:56:00,1184,2025-01-09 10:56:00
126,10,2025-01-09 10:59:00,1184,2025-01-09 10:59:00
125,11,2025-01-09 11:02:00,1184,2025-01-09 11:02:00
124,12,2025-01-09 11:04:00,1184,2025-01-09 11:04:00
123,13,2025-01-09 11:07:00,1184,2025-01-09 11:07:00
122,14,2025-01-09 11:09:00,1184,2025-01-09 11:09:00
121,15,2025-01-09 11:11:00,1184,2025-01-09 11:11:00
120,16,2025-01-09 11:14:00,1184,2025-01-09 11:14:00
119,17,2025-01-09 11:16:00,1184,2025-01-09 11:16:00
118,18,2025-01-09 11:18:00,1184,2025-01-09 11:18:00
117,19,2025-01-09 11:20:00,1184,2025-01-09 11:20:00
116,20,2025-01-09 11:21:00,1184,2025-01-09 11:21:00
115,21,2025-01-09 11:23:00,1184,2025-01-09 11:23:00
114,22,2025-01-09 11:25:00,1184,2025-01-09 11:25:00
113,23,2025-01-09 11:27:00,1184,2025-01-09 11:27:00
112,24,2025-01-09 11:29:00,1184,2025-01-09 11:29:00
111,25,2025-01-09 11:31:00,1184,2025-01-09 11:31:00
110,26,2025-01-09 11:33:00,1184,2025-01-09 11:33:00
109,27,2025-01-09 11:35:00,1184,2025-01-09 11:35:00
108,28,2025-01-09 11:37:00,1184,2025-01-09 11:37:00
107,29,2025-01-09 11:39:00,1184,2025-01-09 11:39:00
106,30,2025-01-09 11:42:00,1184,2025-01-09 11:42:00
105,31,2025-01-09 11:43:00,1184,2025-01-09 11:43:00
104,32,2025-01-09 11:45:00,1184,2025-01-09 11:45:00
103,33,2025-01-09 11:49:00,1184,2025-01-09 11:49:00
102,34,2025-01-09 11:52:00,1184,2025-01-09 11:52:00
101,35,2025-01-09 11:55:00,1184,2025-01-09 11:55:00
100,36,2025-01-09 11:59:00,1184,2025-01-09 11:59:00
136,0,2025-01-09 10:48:00,1185,2025-01-09 10:48:00
135,1,2025-01-09 10:50:00,1185,2025-01-09 10:50:00
134,2,2025-01-09 10:52:00,1185,2025-01-09 10:52:00
133,3,2025-01-09 10:54:00,1185,2025-01-09 10:54:00
132,4,2025-01-09 10:57:00,1185,2025-01-09 10:57:00
131,5,2025-01-09 10:58:00,1185,2025-01-09 10:58:00
130,6,2025-01-09 11:00:00,1185,2025-01-09 11:00:00
129,7,2025-01-09 11:02:00,1185,2025-01-09 11:02:00
128,8,2025-01-09 11:04:00,1185,2025-01-09 11:04:00
127,9,2025-01-09 11:06:00,1185,2025-01-09 11:06:00
126,10,2025-01-09 11:09:00,1185,2025-01-09 11:09:00
125,11,2025-01-09 11:12:00,1185,2025-01-09 11:12:00
124,12,2025-01-09 11:14:00,1185,2025-01-09 11:14:00
123,13,2025-01-09 11:17:00,1185,2025-01-09 11:17:00
122,14,2025-01-09 11:19:00,1185,2025-01-09 11:19:00
121,15,2025-01-09 11:21:00,1185,2025-01-09 11:21:00
120,16,2025-01-09 11:24:00,1185,2025-01-09 11:24:00
119,17,2025-01-09 11:26:00,1185,2025-01-09 11:26:00
118,18,2025-01-09 11:28:00,1185,2025-01-09 11:28:00
117,19,2025-01-09 11:30:00,1185,2025-01-09 11:30:00
116,20,2025-01-09 11:31:00,1185,2025-01-09 11:31:00
115,21,2025-01-09 11:33:00,1185,2025-01-09 11:33:00
114,22,2025-01-09 11:35:00,1185,2025-01-09 11:35:00
113,23,2025-01-09 11:37:00,1185,2025-01-09 11:37:00
112,24,2025-01-09 11:39:00,1185,2025-01-09 11:39:00
111,25,2025-01-09 11:41:00,1185,2025-01-09 11:41:00
110,26,2025-01-09 11:43:00,1185,2025-01-09 11:43:00
109,27,2025-01-09 11:45:00,1185,2025-01-09 11:45:00
108,28,2025-01-09 11:47:00,1185,2025-01-09 11:47:00
107,29,2025-01-09 11:49:00,1185,2025-01-09 11:49:00
106,30,2025-01-09 11:52:00,1185,2025-01-09 11:52:00
105,31,2025-01-09 11:53:00,1185,2025-01-09 11:53:00
104,32,2025-01-09 11:55:00,1185,2025-01-09 11:55:00
103,33,2025-01-09 11:59:00,1185,2025-01-09 11:59:00
102,34,2025-01-09 12:02:00,1185,2025-01-09 12:02:00
101,35,2025-01-09 12:05:00,1185,2025-01-09 12:05:00
100,36,2025-01-09 12:09:00,1185,2025-01-09 12:09:00
136,0,2025-01-09 10:58:00,1186,2025-01-09 10:58:00
135,1,2025-01-09 11:00:00,1186,2025-01-09 11:00:00
134,2,2025-01-09 11:02:00,1186,2025-01-09 11:02:00
133,3,2025-01-09 11:04:00,1186,2025-01-09 11:04:00
132,4,2025-01-09 11:07:00,1186,2025-01-09 11:07:00
131,5,2025-01-09 11:08:00,1186,2025-01-09 11:08:00
130,6,2025-01-09 11:10:00,1186,2025-01-09 11:10:00
129,7,2025-01-09 11:12:00,1186,2025-01-09 11:12:00
128,8,2025-01-09 11:14:00,1186,2025-01-09 11:14:00
127,9,2025-01-09 11:16:00,1186,2025-01-09 11:16:00
126,10,2025-01-09 11:19:00,1186,2025-01-09 11:19:00
125,11,2025-01-09 11:22:00,1186,2025-01-09 11:22:00
124,12,2025-01-09 11:24:00,1186,2025-01-09 11:24:00
123,13,2025-01-09 11:27:00,1186,2025-01-09 11:27:00
122,14,2025-01-09 11:29:00,1186,2025-01-09 11:29:00
121,15,2025-01-09 11:31:00,1186,2025-01-09 11:31:00
120,16,2025-01-09 11:34:00,1186,2025-01-09 11:34:00
119,17,2025-01-09 11:36:00,1186,2025-01-09 11:36:00
118,18,2025-01-09 11:38:00,1186,2025-01-09 11:38:00
117,19,2025-01-09 11:40:00,1186,2025-01-09 11:40:00
116,20,2025-01-09 11:41:00,1186,2025-01-09 11:41:00
115,21,2025-01-09 11:43:00,1186,2025-01-09 11:43:00
114,22,2025-01-09 11:45:00,1186,2025-01-09 11:45:00
113,23,2025-01-09 11:47:00,1186,2025-01-09 11:47:00
112,24,2025-01-09 11:49:00,1186,2025-01-09 11:49:00
111,25,2025-01-09 11:51:00,1186,2025-01-09 11:51:00
110,26,2025-01-09 11:53:00,1186,2025-01-09 11:53:00
109,27,2025-01-09 11:55:00,1186,2025-01-09 11:55:00
108,28,2025-01-09 11:57:00,1186,2025-01-09 11:57:00
107,29,2025-01-09 11:59:00,1186,2025-01-09 11:59:00
106,30,2025-01-09 12:02:00,1186,2025-01-09 12:02:00
105,31,2025-01-09 12:03:00,1186,2025-01-09 12:03:00
104,32,2025-01-09 12:05:00,1186,2025-01-09 12:05:00
103,33,2025-01-09 12:09:00,1186,2025-01-09 12:09:00
102,34,2025-01-09 12:12:00,1186,2025-01-09 12:12:00
101,35,2025-01-09 12:15:00,1186,2025-01-09 12:15:00
100,36,2025-01-09 12:19:00,1186,2025-01-09 12:19:00
136,0,2025-01-09 11:08:00,1187,2025-01-09 11:08:00
135,1,2025-01-09 11:10:00,1187,2025-01-09 11:10:00
134,2,2025-01-09 11:12:00,1187,2025-01-09 11:12:00
133,3,2025-01-09 11:14:00,1187,2025-01-09 11:14:00
132,4,2025-01-09 11:17:00,1187,2025-01-09 11:17:00
131,5,2025-01-09 11:18:00,1187,2025-01-09 11:18:00
130,6,2025-01-09 11:20:00,1187,2025-01-09 11:20:00
129,7,2025-01-09 11:22:00,1187,2025-01-09 11:22:00
128,8,2025-01-09 11:24:00,1187,2025-01-09 11:24:00
127,9,2025-01-09 11:26:00,1187,2025-01-09 11:26:00
126,10,2025-01-09 11:29:00,1187,2025-01-09 11:29:00
125,11,2025-01-09 11:32:00,1187,2025-01-09 11:32:00
124,12,2025-01-09 11:34:00,1187,2025-01-09 11:34:00
123,13,2025-01-09 11:37:00,1187,2025-01-09 11:37:00
122,14,2025-01-09 11:39:00,1187,2025-01-09 11:39:00
121,15,2025-01-09 11:41:00,1187,2025-01-09 11:41:00
120,16,2025-01-09 11:44:00,1187,2025-01-09 11:44:00
119,17,2025-01-09 11:46:00,1187,2025-01-09 11:46:00
118,18,2025-01-09 11:48:00,1187,2025-01-09 11:48:00
117,19,2025-01-09 11:50:00,1187,2025-01-09 11:50:00
116,20,2025-01-09 11:51:00,1187,2025-01-09 11:51:00
115,21,2025-01-09 11:53:00,1187,2025-01-09 11:53:00
114,22,2025-01-09 11:55:00,1187,2025-01-09 11:55:00
113,23,2025-01-09 11:57:00,1187,2025-01-09 11:57:00
112,24,2025-01-09 11:59:00,1187,2025-01-09 11:59:00
111,25,2025-01-09 12:01:00,1187,2025-01-09 12:01:00
110,26,2025-01-09 12:03:00,1187,2025-01-09 12:03:00
109,27,2025-01-09 12:05:00,1187,2025-01-09 12:05:00
108,28,2025-01-09 12:07:00,1187,2025-01-09 12:07:00
107,29,2025-01-09 12:09:00,1187,2025-01-09 12:09:00
106,30,2025-01-09 12:12:00,1187,2025-01-09 12:12:00
105,31,2025-01-09 12:13:00,1187,2025-01-09 12:13:00
104,32,2025-01-09 12:15:00,1187,2025-01-09 12:15:00
103,33,2025-01-09 12:19:00,1187,2025-01-09 12:19:00
102,34,2025-01-09 12:22:00,1187,2025-01-09 12:22:00
101,35,2025-01-09 12:25:00,1187,2025-01-09 12:25:00
100,36,2025-01-09 12:29:00,1187,2025-01-09 12:29:00
136,0,2025-01-09 11:18:00,1188,2025-01-09 11:18:00
135,1,2025-01-09 11:20:00,1188,2025-01-09 11:20:00
134,2,2025-01-09 11:22:00,1188,2025-01-09 11:22:00
133,3,2025-01-09 11:24:00,1188,2025-01-09 11:24:00
132,4,2025-01-09 11:27:00,1188,2025-01-09 11:27:00
131,5,2025-01-09 11:28:00,1188,2025-01-09 11:28:00
130,6,2025-01-09 11:30:00,1188,2025-01-09 11:30:00
129,7,2025-01-09 11:32:00,1188,2025-01-09 11:32:00
128,8,2025-01-09 11:34:00,1188,2025-01-09 11:34:00
127,9,2025-01-09 11:36:00,1188,2025-01-09 11:36:00
126,10,2025-01-09 11:39:00,1188,2025-01-09 11:39:00
125,11,2025-01-09 11:42:00,1188,2025-01-09 11:42:00
124,12,2025-01-09 11:44:00,1188,2025-01-09 11:44:00
123,13,2025-01-09 11:47:00,1188,2025-01-09 11:47:00
122,14,2025-01-09 11:49:00,1188,2025-01-09 11:49:00
121,15,2025-01-09 11:51:00,1188,2025-01-09 11:51:00
120,16,2025-01-09 11:54:00,1188,2025-01-09 11:54:00
119,17,2025-01-09 11:56:00,1188,2025-01-09 11:56:00
118,18,2025-01-09 11:58:00,1188,2025-01-09 11:58:00
117,19,2025-01-09 12:00:00,1188,2025-01-09 12:00:00
116,20,2025-01-09 12:01:00,1188,2025-01-09 12:01:00
115,21,2025-01-09 12:03:00,1188,2025-01-09 12:03:00
114,22,2025-01-09 12:05:00,1188,2025-01-09 12:05:00
113,23,2025-01-09 12:07:00,1188,2025-01-09 12:07:00
112,24,2025-01-09 12:09:00,1188,2025-01-09 12:09:00
111,25,2025-01-09 12:11:00,1188,2025-01-09 12:11:00
110,26,2025-01-09 12:13:00,1188,2025-01-09 12:13:00
109,27,2025-01-09 12:15:00,1188,2025-01-09 12:15:00
108,28,2025-01-09 12:17:00,1188,2025-01-09 12:17:00
107,29,2025-01-09 12:19:00,1188,2025-01-09 12:19:00
106,30,2025-01-09 12:22:00,1188,2025-01-09 12:22:00
105,31,2025-01-09 12:23:00,1188,2025-01-09 12:23:00
104,32,2025-01-09 12:25:00,1188,2025-01-09 12:25:00
103,33,2025-01-09 12:29:00,1188,2025-01-09 12:29:00
102,34,2025-01-09 12:32:00,1188,2025-01-09 12:32:00
101,35,2025-01-09 12:35:00,1188,2025-01-09 12:35:00
100,36,2025-01-09 12:39:00,1188,2025-01-09 12:39:00
136,0,2025-01-09 11:28:00,1189,2025-01-09 11:28:00
135,1,2025-01-09 11:30:00,1189,2025-01-09 11:30:00
134,2,2025-01-09 11:32:00,1189,2025-01-09 11:32:00
133,3,2025-01-09 11:34:00,1189,2025-01-09 11:34:00
132,4,2025-01-09 11:37:00,1189,2025-01-09 11:37:00
131,5,2025-01-09 11:38:00,1189,2025-01-09 11:38:00
130,6,2025-01-09 11:40:00,1189,2025-01-09 11:40:00
129,7,2025-01-09 11:42:00,1189,2025-01-09 11:42:00
128,8,2025-01-09 11:44:00,1189,2025-01-09 11:44:00
127,9,2025-01-09 11:46:00,1189,2025-01-09 11:46:00
126,10,2025-01-09 11:49:00,1189,2025-01-09 11:49:00
125,11,2025-01-09 11:52:00,1189,2025-01-09 11:52:00
124,12,2025-01-09 11:54:00,1189,2025-01-09 11:54:00
123,13,2025-01-09 11:57:00,1189,2025-01-09 11:57:00
122,14,2025-01-09 11:59:00,1189,2025-01-09 11:59:00
121,15,2025-01-09 12:01:00,1189,2025-01-09 12:01:00
120,16,2025-01-09 12:04:00,1189,2025-01-09 12:04:00
119,17,2025-01-09 12:06:00,1189,2025-01-09 12:06:00
118,18,2025-01-09 12:08:00,1189,2025-01-09 12:08:00
117,19,2025-01-09 12:10:00,1189,2025-01-09 12:10:00
116,20,2025-01-09 12:11:00,1189,2025-01-09 12:11:00
115,21,2025-01-09 12:13:00,1189,2025-01-09 12:13:00
114,22,2025-01-09 12:15:00,1189,2025-01-09 12:15:00
113,23,2025-01-09 12:17:00,1189,2025-01-09 12:17:00
112,24,2025-01-09 12:19:00,1189,2025-01-09 12:19:00
111,25,2025-01-09 12:21:00,1189,2025-01-09 12:21:00
110,26,2025-01-09 12:23:00,1189,2025-01-09 12:23:00
109,27,2025-01-09 12:25:00,1189,2025-01-09 12:25:00
108,28,2025-01-09 12:27:00,1189,2025-01-09 12:27:00
107,29,2025-01-09 12:29:00,1189,2025-01-09 12:29:00
106,30,2025-01-09 12:32:00,1189,2025-01-09 12:32:00
105,31,2025-01-09 12:33:00,1189,2025-01-09 12:33:00
104,32,2025-01-09 12:35:00,1189,2025-01-09 12:35:00
103,33,2025-01-09 12:39:00,1189,2025-01-09 12:39:00
102,34,2025-01-09 12:42:00,1189,2025-01-09 12:42:00
101,35,2025-01-09 12:45:00,1189,2025-01-09 12:45:00
100,36,2025-01-09 12:49:00,1189,2025-01-09 12:49:00
136,0,2025-01-09 11:38:00,1190,2025-01-09 11:38:00
135,1,2025-01-09 11:40:00,1190,2025-01-09 11:40:00
134,2,2025-01-09 11:42:00,1190,2025-01-09 11:42:00
133,3,2025-01-09 11:44:00,1190,2025-01-09 11:44:00
132,4,2025-01-09 11:47:00,1190,2025-01-09 11:47:00
131,5,2025-01-09 11:48:00,1190,2025-01-09 11:48:00
130,6,2025-01-09 11:50:00,1190,2025-01-09 11:50:00
129,7,2025-01-09 11:52:00,1190,2025-01-09 11:52:00
128,8,2025-01-09 11:54:00,1190,2025-01-09 11:54:00
127,9,2025-01-09 11:56:00,1190,2025-01-09 11:56:00
126,10,2025-01-09 11:59:00,1190,2025-01-09 11:59:00
125,11,2025-01-09 12:02:00,1190,2025-01-09 12:02:00
124,12,2025-01-09 12:04:00,1190,2025-01-09 12:04:00
123,13,2025-01-09 12:07:00,1190,2025-01-09 12:07:00
122,14,2025-01-09 12:09:00,1190,2025-01-09 12:09:00
121,15,2025-01-09 12:11:00,1190,2025-01-09 12:11:00
120,16,2025-01-09 12:14:00,1190,2025-01-09 12:14:00
119,17,2025-01-09 12:16:00,1190,2025-01-09 12:16:00
118,18,2025-01-09 12:18:00,1190,2025-01-09 12:18:00
117,19,2025-01-09 12:20:00,1190,2025-01-09 12:20:00
116,20,2025-01-09 12:21:00,1190,2025-01-09 12:21:00
115,21,2025-01-09 12:23:00,1190,2025-01-09 12:23:00
114,22,2025-01-09 12:25:00,1190,2025-01-09 12:25:00
113,23,2025-01-09 12:27:00,1190,2025-01-09 12:27:00
112,24,2025-01-09 12:29:00,1190,2025-01-09 12:29:00
111,25,2025-01-09 12:31:00,1190,2025-01-09 12:31:00
110,26,2025-01-09 12:33:00,1190,2025-01-09 12:33:00
109,27,2025-01-09 12:35:00,1190,2025-01-09 12:35:00
108,28,2025-01-09 12:37:00,1190,2025-01-09 12:37:00
107,29,2025-01-09 12:39:00,1190,2025-01-09 12:39:00
106,30,2025-01-09 12:42:00,1190,2025-01-09 12:42:00
105,31,2025-01-09 12:43:00,1190,2025-01-09 12:43:00
104,32,2025-01-09 12:45:00,1190,2025-01-09 12:45:00
103,33,2025-01-09 12:49:00,1190,2025-01-09 12:49:00
102,34,2025-01-09 12:52:00,1190,2025-01-09 12:52:00
101,35,2025-01-09 12:55:00,1190,2025-01-09 12:55:00
100,36,2025-01-09 12:59:00,1190,2025-01-09 12:59:00
136,0,2025-01-09 11:48:00,1191,2025-01-09 11:48:00
135,1,2025-01-09 11:50:00,1191,2025-01-09 11:50:00
134,2,2025-01-09 11:52:00,1191,2025-01-09 11:52:00
133,3,2025-01-09 11:54:00,1191,2025-01-09 11:54:00
132,4,2025-01-09 11:57:00,1191,2025-01-09 11:57:00
131,5,2025-01-09 11:58:00,1191,2025-01-09 11:58:00
130,6,2025-01-09 12:00:00,1191,2025-01-09 12:00:00
129,7,2025-01-09 12:02:00,1191,2025-01-09 12:02:00
128,8,2025-01-09 12:04:00,1191,2025-01-09 12:04:00
127,9,2025-01-09 12:06:00,1191,2025-01-09 12:06:00
126,10,2025-01-09 12:09:00,1191,2025-01-09 12:09:00
125,11,2025-01-09 12:12:00,1191,2025-01-09 12:12:00
124,12,2025-01-09 12:14:00,1191,2025-01-09 12:14:00
123,13,2025-01-09 12:17:00,1191,2025-01-09 12:17:00
122,14,2025-01-09 12:19:00,1191,2025-01-09 12:19:00
121,15,2025-01-09 12:21:00,1191,2025-01-09 12:21:00
120,16,2025-01-09 12:24:00,1191,2025-01-09 12:24:00
119,17,2025-01-09 12:26:00,1191,2025-01-09 12:26:00
118,18,2025-01-09 12:28:00,1191,2025-01-09 12:28:00
117,19,2025-01-09 12:30:00,1191,2025-01-09 12:30:00
116,20,2025-01-09 12:31:00,1191,2025-01-09 12:31:00
115,21,2025-01-09 12:33:00,1191,2025-01-09 12:33:00
114,22,2025-01-09 12:35:00,1191,2025-01-09 12:35:00
113,23,2025-01-09 12:37:00,1191,2025-01-09 12:37:00
112,24,2025-01-09 12:39:00,1191,2025-01-09 12:39:00
111,25,2025-01-09 12:41:00,1191,2025-01-09 12:41:00
110,26,2025-01-09 12:43:00,1191,2025-01-09 12:43:00
109,27,2025-01-09 12:45:00,1191,2025-01-09 12:45:00
108,28,2025-01-09 12:47:00,1191,2025-01-09 12:47:00
107,29,2025-01-09 12:49:00,1191,2025-01-09 12:49:00
106,30,2025-01-09 12:52:00,1191,2025-01-09 12:52:00
105,31,2025-01-09 12:53:00,1191,2025-01-09 12:53:00
104,32,2025-01-09 12:55:00,1191,2025-01-09 12:55:00
103,33,2025-01-09 12:59:00,1191,2025-01-09 12:59:00
102,34,2025-01-09 13:02:00,1191,2025-01-09 13:02:00
101,35,2025-01-09 13:05:00,1191,2025-01-09 13:05:00
100,36,2025-01-09 13:09:00,1191,2025-01-09 13:09:00
136,0,2025-01-09 11:58:00,1192,2025-01-09 11:58:00
135,1,2025-01-09 12:00:00,1192,2025-01-09 12:00:00
134,2,2025-01-09 12:02:00,1192,2025-01-09 12:02:00
133,3,2025-01-09 12:04:00,1192,2025-01-09 12:04:00
132,4,2025-01-09 12:07:00,1192,2025-01-09 12:07:00
131,5,2025-01-09 12:08:00,1192,2025-01-09 12:08:00
130,6,2025-01-09 12:10:00,1192,2025-01-09 12:10:00
129,7,2025-01-09 12:12:00,1192,2025-01-09 12:12:00
128,8,2025-01-09 12:14:00,1192,2025-01-09 12:14:00
127,9,2025-01-09 12:16:00,1192,2025-01-09 12:16:00
126,10,2025-01-09 12:19:00,1192,2025-01-09 12:19:00
125,11,2025-01-09 12:22:00,1192,2025-01-09 12:22:00
124,12,2025-01-09 12:24:00,1192,2025-01-09 12:24:00
123,13,2025-01-09 12:27:00,1192,2025-01-09 12:27:00
122,14,2025-01-09 12:29:00,1192,2025-01-09 12:29:00
121,15,2025-01-09 12:31:00,1192,2025-01-09 12:31:00
120,16,2025-01-09 12:34:00,1192,2025-01-09 12:34:00
119,17,2025-01-09 12:36:00,1192,2025-01-09 12:36:00
118,18,2025-01-09 12:38:00,1192,2025-01-09 12:38:00
117,19,2025-01-09 12:40:00,1192,2025-01-09 12:40:00
116,20,2025-01-09 12:41:00,1192,2025-01-09 12:41:00
115,21,2025-01-09 12:43:00,1192,2025-01-09 12:43:00
114,22,2025-01-09 12:45:00,1192,2025-01-09 12:45:00
113,23,2025-01-09 12:47:00,1192,2025-01-09 12:47:00
112,24,2025-01-09 12:49:00,1192,2025-01-09 12:49:00
111,25,2025-01-09 12:51:00,1192,2025-01-09 12:51:00
110,26,2025-01-09 12:53:00,1192,2025-01-09 12:53:00
109,27,2025-01-09 12:55:00,1192,2025-01-09 12:55:00
108,28,2025-01-09 12:57:00,1192,2025-01-09 12:57:00
107,29,2025-01-09 12:59:00,1192,2025-01-09 12:59:00
106,30,2025-01-09 13:02:00,1192,2025-01-09 13:02:00
105,31,2025-01-09 13:03:00,1192,2025-01-09 13:03:00
104,32,2025-01-09 13:05:00,1192,2025-01-09 13:05:00
103,33,2025-01-09 13:09:00,1192,2025-01-09 13:09:00
102,34,2025-01-09 13:12:00,1192,2025-01-09 13:12:00
101,35,2025-01-09 13:15:00,1192,2025-01-09 13:15:00
100,36,2025-01-09 13:19:00,1192,2025-01-09 13:19:00
136,0,2025-01-09 12:08:00,1193,2025-01-09 12:08:00
135,1,2025-01-09 12:10:00,1193,2025-01-09 12:10:00
134,2,2025-01-09 12:12:00,1193,2025-01-09 12:12:00
133,3,2025-01-09 12:14:00,1193,2025-01-09 12:14:00
132,4,2025-01-09 12:17:00,1193,2025-01-09 12:17:00
131,5,2025-01-09 12:18:00,1193,2025-01-09 12:18:00
130,6,2025-01-09 12:20:00,1193,2025-01-09 12:20:00
129,7,2025-01-09 12:22:00,1193,2025-01-09 12:22:00
128,8,2025-01-09 12:24:00,1193,2025-01-09 12:24:00
127,9,2025-01-09 12:26:00,1193,2025-01-09 12:26:00
126,10,2025-01-09 12:29:00,1193,2025-01-09 12:29:00
125,11,2025-01-09 12:32:00,1193,2025-01-09 12:32:00
124,12,2025-01-09 12:34:00,1193,2025-01-09 12:34:00
123,13,2025-01-09 12:37:00,1193,2025-01-09 12:37:00
122,14,2025-01-09 12:39:00,1193,2025-01-09 12:39:00
121,15,2025-01-09 12:41:00,1193,2025-01-09 12:41:00
120,16,2025-01-09 12:44:00,1193,2025-01-09 12:44:00
119,17,2025-01-09 12:46:00,1193,2025-01-09 12:46:00
118,18,2025-01-09 12:48:00,1193,2025-01-09 12:48:00
117,19,2025-01-09 12:50:00,1193,2025-01-09 12:50:00
116,20,2025-01-09 12:51:00,1193,2025-01-09 12:51:00
115,21,2025-01-09 12:53:00,1193,2025-01-09 12:53:00
114,22,2025-01-09 12:55:00,1193,2025-01-09 12:55:00
113,23,2025-01-09 12:57:00,1193,2025-01-09 12:57:00
112,24,2025-01-09 12:59:00,1193,2025-01-09 12:59:00
111,25,2025-01-09 13:01:00,1193,2025-01-09 13:01:00
110,26,2025-01-09 13:03:00,1193,2025-01-09 13:03:00
109,27,2025-01-09 13:05:00,1193,2025-01-09 13:05:00
108,28,2025-01-09 13:07:00,1193,2025-01-09 13:07:00
107,29,2025-01-09 13:09:00,1193,2025-01-09 13:09:00
106,30,2025-01-09 13:12:00,1193,2025-01-09 13:12:00
105,31,2025-01-09 13:13:00,1193,2025-01-09 13:13:00
104,32,2025-01-09 13:15:00,1193,2025-01-09 13:15:00
103,33,2025-01-09 13:19:00,1193,2025-01-09 13:19:00
102,34,2025-01-09 13:22:00,1193,2025-01-09 13:22:00
101,35,2025-01-09 13:25:00,1193,2025-01-09 13:25:00
100,36,2025-01-09 13:29:00,1193,2025-01-09 13:29:00
136,0,2025-01-09 12:18:00,1194,2025-01-09 12:18:00
135,1,2025-01-09 12:20:00,1194,2025-01-09 12:20:00
134,2,2025-01-09 12:22:00,1194,2025-01-09 12:22:00
133,3,2025-01-09 12:24:00,1194,2025-01-09 12:24:00
132,4,2025-01-09 12:27:00,1194,2025-01-09 12:27:00
131,5,2025-01-09 12:28:00,1194,2025-01-09 12:28:00
130,6,2025-01-09 12:30:00,1194,2025-01-09 12:30:00
129,7,2025-01-09 12:32:00,1194,2025-01-09 12:32:00
128,8,2025-01-09 12:34:00,1194,2025-01-09 12:34:00
127,9,2025-01-09 12:36:00,1194,2025-01-09 12:36:00
126,10,2025-01-09 12:39:00,1194,2025-01-09 12:39:00
125,11,2025-01-09 12:42:00,1194,2025-01-09 12:42:00
124,12,2025-01-09 12:44:00,1194,2025-01-09 12:44:00
123,13,2025-01-09 12:47:00,1194,2025-01-09 12:47:00
122,14,2025-01-09 12:49:00,1194,2025-01-09 12:49:00
121,15,2025-01-09 12:51:00,1194,2025-01-09 12:51:00
120,16,2025-01-09 12:54:00,1194,2025-01-09 12:54:00
119,17,2025-01-09 12:56:00,1194,2025-01-09 12:56:00
118,18,2025-01-09 12:58:00,1194,2025-01-09 12:58:00
117,19,2025-01-09 13:00:00,1194,2025-01-09 13:00:00
116,20,2025-01-09 13:01:00,1194,2025-01-09 13:01:00
115,21,2025-01-09 13:03:00,1194,2025-01-09 13:03:00
114,22,2025-01-09 13:05:00,1194,2025-01-09 13:05:00
113,23,2025-01-09 13:07:00,1194,2025-01-09 13:07:00
112,24,2025-01-09 13:09:00,1194,2025-01-09 13:09:00
111,25,2025-01-09 13:11:00,1194,2025-01-09 13:11:00
110,26,2025-01-09 13:13:00,1194,2025-01-09 13:13:00
109,27,2025-01-09 13:15:00,1194,2025-01-09 13:15:00
108,28,2025-01-09 13:17:00,1194,2025-01-09 13:17:00
107,29,2025-01-09 13:19:00,1194,2025-01-09 13:19:00
106,30,2025-01-09 13:22:00,1194,2025-01-09 13:22:00
105,31,2025-01-09 13:23:00,1194,2025-01-09 13:23:00
104,32,2025-01-09 13:25:00,1194,2025-01-09 13:25:00
103,33,2025-01-09 13:29:00,1194,2025-01-09 13:29:00
102,34,2025-01-09 13:32:00,1194,2025-01-09 13:32:00
101,35,2025-01-09 13:35:00,1194,2025-01-09 13:35:00
100,36,2025-01-09 13:39:00,1194,2025-01-09 13:39:00
136,0,2025-01-09 12:28:00,1195,2025-01-09 12:28:00
135,1,2025-01-09 12:30:00,1195,2025-01-09 12:30:00
134,2,2025-01-09 12:32:00,1195,2025-01-09 12:32:00
133,3,2025-01-09 12:34:00,1195,2025-01-09 12:34:00
132,4,2025-01-09 12:37:00,1195,2025-01-09 12:37:00
131,5,2025-01-09 12:38:00,1195,2025-01-09 12:38:00
130,6,2025-01-09 12:40:00,1195,2025-01-09 12:40:00
129,7,2025-01-09 12:42:00,1195,2025-01-09 12:42:00
128,8,2025-01-09 12:44:00,1195,2025-01-09 12:44:00
127,9,2025-01-09 12:46:00,1195,2025-01-09 12:46:00
126,10,2025-01-09 12:49:00,1195,2025-01-09 12:49:00
125,11,2025-01-09 12:52:00,1195,2025-01-09 12:52:00
124,12,2025-01-09 12:54:00,1195,2025-01-09 12:54:00
123,13,2025-01-09 12:57:00,1195,2025-01-09 12:57:00
122,14,2025-01-09 12:59:00,1195,2025-01-09 12:59:00
121,15,2025-01-09 13:01:00,1195,2025-01-09 13:01:00
120,16,2025-01-09 13:04:00,1195,2025-01-09 13:04:00
119,17,2025-01-09 13:06:00,1195,2025-01-09 13:06:00
118,18,2025-01-09 13:08:00,1195,2025-01-09 13:08:00
117,19,2025-01-09 13:10:00,1195,2025-01-09 13:10:00
116,20,2025-01-09 13:11:00,1195,2025-01-09 13:11:00
115,21,2025-01-09 13:13:00,1195,2025-01-09 13:13:00
114,22,2025-01-09 13:15:00,1195,2025-01-09 13:15:00
113,23,2025-01-09 13:17:00,1195,2025-01-09 13:17:00
112,24,2025-01-09 13:19:00,1195,2025-01-09 13:19:00
111,25,2025-01-09 13:21:00,1195,2025-01-09 13:21:00
110,26,2025-01-09 13:23:00,1195,2025-01-09 13:23:00
109,27,2025-01-09 13:25:00,1195,2025-01-09 13:25:00
108,28,2025-01-09 13:27:00,1195,2025-01-09 13:27:00
107,29,2025-01-09 13:29:00,1195,2025-01-09 13:29:00
106,30,2025-01-09 13:32:00,1195,2025-01-09 13:32:00
105,31,2025-01-09 13:33:00,1195,2025-01-09 13:33:00
104,32,2025-01-09 13:35:00,1195,2025-01-09 13:35:00
103,33,2025-01-09 13:39:00,1195,2025-01-09 13:39:00
102,34,2025-01-09 13:42:00,1195,2025-01-09 13:42:00
101,35,2025-01-09 13:45:00,1195,2025-01-09 13:45:00
100,36,2025-01-09 13:49:00,1195,2025-01-09 13:49:00
136,0,2025-01-09 12:38:00,1196,2025-01-09 12:38:00
135,1,2025-01-09 12:40:00,1196,2025-01-09 12:40:00
134,2,2025-01-09 12:42:00,1196,2025-01-09 12:42:00
133,3,2025-01-09 12:44:00,1196,2025-01-09 12:44:00
132,4,2025-01-09 12:47:00,1196,2025-01-09 12:47:00
131,5,2025-01-09 12:48:00,1196,2025-01-09 12:48:00
130,6,2025-01-09 12:50:00,1196,2025-01-09 12:50:00
129,7,2025-01-09 12:52:00,1196,2025-01-09 12:52:00
128,8,2025-01-09 12:54:00,1196,2025-01-09 12:54:00
127,9,2025-01-09 12:56:00,1196,2025-01-09 12:56:00
126,10,2025-01-09 12:59:00,1196,2025-01-09 12:59:00
125,11,2025-01-09 13:02:00,1196,2025-01-09 13:02:00
124,12,2025-01-09 13:04:00,1196,2025-01-09 13:04:00
123,13,2025-01-09 13:07:00,1196,2025-01-09 13:07:00
122,14,2025-01-09 13:09:00,1196,2025-01-09 13:09:00
121,15,2025-01-09 13:11:00,1196,2025-01-09 13:11:00
120,16,2025-01-09 13:14:00,1196,2025-01-09 13:14:00
119,17,2025-01-09 13:16:00,1196,2025-01-09 13:16:00
118,18,2025-01-09 13:18:00,1196,2025-01-09 13:18:00
117,19,2025-01-09 13:20:00,1196,2025-01-09 13:20:00
116,20,2025-01-09 13:21:00,1196,2025-01-09 13:21:00
115,21,2025-01-09 13:23:00,1196,2025-01-09 13:23:00
114,22,2025-01-09 13:25:00,1196,2025-01-09 13:25:00
113,23,2025-01-09 13:27:00,1196,2025-01-09 13:27:00
112,24,2025-01-09 13:29:00,1196,2025-01-09 13:29:00
111,25,2025-01-09 13:31:00,1196,2025-01-09 13:31:00
110,26,2025-01-09 13:33:00,1196,2025-01-09 13:33:00
109,27,2025-01-09 13:35:00,1196,2025-01-09 13:35:00
108,28,2025-01-09 13:37:00,1196,2025-01-09 13:37:00
107,29,2025-01-09 13:39:00,1196,2025-01-09 13:39:00
106,30,2025-01-09 13:42:00,1196,2025-01-09 13:42:00
105,31,2025-01-09 13:43:00,1196,2025-01-09 13:43:00
104,32,2025-01-09 13:45:00,1196,2025-01-09 13:45:00
103,33,2025-01-09 13:49:00,1196,2025-01-09 13:49:00
102,34,2025-01-09 13:52:00,1196,2025-01-09 13:52:00
101,35,2025-01-09 13:55:00,1196,2025-01-09 13:55:00
100,36,2025-01-09 13:59:00,1196,2025-01-09 13:59:00
136,0,2025-01-09 12:48:00,1197,2025-01-09 12:48:00
135,1,2025-01-09 12:50:00,1197,2025-01-09 12:50:00
134,2,2025-01-09 12:52:00,1197,2025-01-09 12:52:00
133,3,2025-01-09 12:54:00,1197,2025-01-09 12:54:00
132,4,2025-01-09 12:57:00,1197,2025-01-09 12:57:00
131,5,2025-01-09 12:58:00,1197,2025-01-09 12:58:00
130,6,2025-01-09 13:00:00,1197,2025-01-09 13:00:00
129,7,2025-01-09 13:02:00,1197,2025-01-09 13:02:00
128,8,2025-01-09 13:04:00,1197,2025-01-09 13:04:00
127,9,2025-01-09 13:06:00,1197,2025-01-09 13:06:00
126,10,2025-01-09 13:09:00,1197,2025-01-09 13:09:00
125,11,2025-01-09 13:12:00,1197,2025-01-09 13:12:00
124,12,2025-01-09 13:14:00,1197,2025-01-09 13:14:00
123,13,2025-01-09 13:17:00,1197,2025-01-09 13:17:00
122,14,2025-01-09 13:19:00,1197,2025-01-09 13:19:00
121,15,2025-01-09 13:21:00,1197,2025-01-09 13:21:00
120,16,2025-01-09 13:24:00,1197,2025-01-09 13:24:00
119,17,2025-01-09 13:26:00,1197,2025-01-09 13:26:00
118,18,2025-01-09 13:28:00,1197,2025-01-09 13:28:00
117,19,2025-01-09 13:30:00,1197,2025-01-09 13:30:00
116,20,2025-01-09 13:31:00,1197,2025-01-09 13:31:00
115,21,2025-01-09 13:33:00,1197,2025-01-09 13:33:00
114,22,2025-01-09 13:35:00,1197,2025-01-09 13:35:00
113,23,2025-01-09 13:37:00,1197,2025-01-09 13:37:00
112,24,2025-01-09 13:39:00,1197,2025-01-09 13:39:00
111,25,2025-01-09 13:41:00,1197,2025-01-09 13:41:00
110,26,2025-01-09 13:43:00,1197,2025-01-09 13:43:00
109,27,2025-01-09 13:45:00,1197,2025-01-09 13:45:00
108,28,2025-01-09 13:47:00,1197,2025-01-09 13:47:00
107,29,2025-01-09 13:49:00,1197,2025-01-09 13:49:00
106,30,2025-01-09 13:52:00,1197,2025-01-09 13:52:00
105,31,2025-01-09 13:53:00,1197,2025-01-09 13:53:00
104,32,2025-01-09 13:55:00,1197,2025-01-09 13:55:00
103,33,2025-01-09 13:59:00,1197,2025-01-09 13:59:00
102,34,2025-01-09 14:02:00,1197,2025-01-09 14:02:00
101,35,2025-01-09 14:05:00,1197,2025-01-09 14:05:00
100,36,2025-01-09 14:09:00,1197,2025-01-09 14:09:00
136,0,2025-01-09 12:58:00,1198,2025-01-09 12:58:00
135,1,2025-01-09 13:00:00,1198,2025-01-09 13:00:00
134,2,2025-01-09 13:02:00,1198,2025-01-09 13:02:00
133,3,2025-01-09 13:04:00,1198,2025-01-09 13:04:00
132,4,2025-01-09 13:07:00,1198,2025-01-09 13:07:00
131,5,2025-01-09 13:08:00,1198,2025-01-09 13:08:00
130,6,2025-01-09 13:10:00,1198,2025-01-09 13:10:00
129,7,2025-01-09 13:12:00,1198,2025-01-09 13:12:00
128,8,2025-01-09 13:14:00,1198,2025-01-09 13:14:00
127,9,2025-01-09 13:16:00,1198,2025-01-09 13:16:00
126,10,2025-01-09 13:19:00,1198,2025-01-09 13:19:00
125,11,2025-01-09 13:22:00,1198,2025-01-09 13:22:00
124,12,2025-01-09 13:24:00,1198,2025-01-09 13:24:00
123,13,2025-01-09 13:27:00,1198,2025-01-09 13:27:00
122,14,2025-01-09 13:29:00,1198,2025-01-09 13:29:00
121,15,2025-01-09 13:31:00,1198,2025-01-09 13:31:00
120,16,2025-01-09 13:34:00,1198,2025-01-09 13:34:00
119,17,2025-01-09 13:36:00,1198,2025-01-09 13:36:00
118,18,2025-01-09 13:38:00,1198,2025-01-09 13:38:00
117,19,2025-01-09 13:40:00,1198,2025-01-09 13:40:00
116,20,2025-01-09 13:41:00,1198,2025-01-09 13:41:00
115,21,2025-01-09 13:43:00,1198,2025-01-09 13:43:00
114,22,2025-01-09 13:45:00,1198,2025-01-09 13:45:00
113,23,2025-01-09 13:47:00,1198,2025-01-09 13:47:00
112,24,2025-01-09 13:49:00,1198,2025-01-09 13:49:00
111,25,2025-01-09 13:51:00,1198,2025-01-09 13:51:00
110,26,2025-01-09 13:53:00,1198,2025-01-09 13:53:00
109,27,2025-01-09 13:55:00,1198,2025-01-09 13:55:00
108,28,2025-01-09 13:57:00,1198,2025-01-09 13:57:00
107,29,2025-01-09 13:59:00,1198,2025-01-09 13:59:00
106,30,2025-01-09 14:02:00,1198,2025-01-09 14:02:00
105,31,2025-01-09 14:03:00,1198,2025-01-09 14:03:00
104,32,2025-01-09 14:05:00,1198,2025-01-09 14:05:00
103,33,2025-01-09 14:09:00,1198,2025-01-09 14:09:00
102,34,2025-01-09 14:12:00,1198,2025-01-09 14:12:00
101,35,2025-01-09 14:15:00,1198,2025-01-09 14:15:00
100,36,2025-01-09 14:19:00,1198,2025-01-09 14:19:00
136,0,2025-01-09 13:08:00,1199,2025-01-09 13:08:00
135,1,2025-01-09 13:10:00,1199,2025-01-09 13:10:00
134,2,2025-01-09 13:12:00,1199,2025-01-09 13:12:00
133,3,2025-01-09 13:14:00,1199,2025-01-09 13:14:00
132,4,2025-01-09 13:17:00,1199,2025-01-09 13:17:00
131,5,2025-01-09 13:18:00,1199,2025-01-09 13:18:00
130,6,2025-01-09 13:20:00,1199,2025-01-09 13:20:00
129,7,2025-01-09 13:22:00,1199,2025-01-09 13:22:00
128,8,2025-01-09 13:24:00,1199,2025-01-09 13:24:00
127,9,2025-01-09 13:26:00,1199,2025-01-09 13:26:00
126,10,2025-01-09 13:29:00,1199,2025-01-09 13:29:00
125,11,2025-01-09 13:32:00,1199,2025-01-09 13:32:00
124,12,2025-01-09 13:34:00,1199,2025-01-09 13:34:00
123,13,2025-01-09 13:37:00,1199,2025-01-09 13:37:00
122,14,2025-01-09 13:39:00,1199,2025-01-09 13:39:00
121,15,2025-01-09 13:41:00,1199,2025-01-09 13:41:00
120,16,2025-01-09 13:44:00,1199,2025-01-09 13:44:00
119,17,2025-01-09 13:46:00,1199,2025-01-09 13:46:00
118,18,2025-01-09 13:48:00,1199,2025-01-09 13:48:00
117,19,2025-01-09 13:50:00,1199,2025-01-09 13:50:00
116,20,2025-01-09 13:51:00,1199,2025-01-09 13:51:00
115,21,2025-01-09 13:53:00,1199,2025-01-09 13:53:00
114,22,2025-01-09 13:55:00,1199,2025-01-09 13:55:00
113,23,2025-01-09 13:57:00,1199,2025-01-09 13:57:00
112,24,2025-01-09 13:59:00,1199,2025-01-09 13:59:00
111,25,2025-01-09 14:01:00,1199,2025-01-09 14:01:00
110,26,2025-01-09 14:03:00,1199,2025-01-09 14:03:00
109,27,2025-01-09 14:05:00,1199,2025-01-09 14:05:00
108,28,2025-01-09 14:07:00,1199,2025-01-09 14:07:00
107,29,2025-01-09 14:09:00,1199,2025-01-09 14:09:00
106,30,2025-01-09 14:12:00,1199,2025-01-09 14:12:00
105,31,2025-01-09 14:13:00,1199,2025-01-09 14:13:00
104,32,2025-01-09 14:15:00,1199,2025-01-09 14:15:00
103,33,2025-01-09 14:19:00,1199,2025-01-09 14:19:00
102,34,2025-01-09 14:22:00,1199,2025-01-09 14:22:00
101,35,2025-01-09 14:25:00,1199,2025-01-09 14:25:00
100,36,2025-01-09 14:29:00,1199,2025-01-09 14:29:00
136,0,2025-01-09 13:18:00,1200,2025-01-09 13:18:00
135,1,2025-01-09 13:20:00,1200,2025-01-09 13:20:00
134,2,2025-01-09 13:22:00,1200,2025-01-09 13:22:00
133,3,2025-01-09 13:24:00,1200,2025-01-09 13:24:00
132,4,2025-01-09 13:27:00,1200,2025-01-09 13:27:00
131,5,2025-01-09 13:28:00,1200,2025-01-09 13:28:00
130,6,2025-01-09 13:30:00,1200,2025-01-09 13:30:00
129,7,2025-01-09 13:32:00,1200,2025-01-09 13:32:00
128,8,2025-01-09 13:34:00,1200,2025-01-09 13:34:00
127,9,2025-01-09 13:36:00,1200,2025-01-09 13:36:00
126,10,2025-01-09 13:39:00,1200,2025-01-09 13:39:00
125,11,2025-01-09 13:42:00,1200,2025-01-09 13:42:00
124,12,2025-01-09 13:44:00,1200,2025-01-09 13:44:00
123,13,2025-01-09 13:47:00,1200,2025-01-09 13:47:00
122,14,2025-01-09 13:49:00,1200,2025-01-09 13:49:00
121,15,2025-01-09 13:51:00,1200,2025-01-09 13:51:00
120,16,2025-01-09 13:54:00,1200,2025-01-09 13:54:00
119,17,2025-01-09 13:56:00,1200,2025-01-09 13:56:00
118,18,2025-01-09 13:58:00,1200,2025-01-09 13:58:00
117,19,2025-01-09 14:00:00,1200,2025-01-09 14:00:00
116,20,2025-01-09 14:01:00,1200,2025-01-09 14:01:00
115,21,2025-01-09 14:03:00,1200,2025-01-09 14:03:00
114,22,2025-01-09 14:05:00,1200,2025-01-09 14:05:00
113,23,2025-01-09 14:07:00,1200,2025-01-09 14:07:00
112,24,2025-01-09 14:09:00,1200,2025-01-09 14:09:00
111,25,2025-01-09 14:11:00,1200,2025-01-09 14:11:00
110,26,2025-01-09 14:13:00,1200,2025-01-09 14:13:00
109,27,2025-01-09 14:15:00,1200,2025-01-09 14:15:00
108,28,2025-01-09 14:17:00,1200,2025-01-09 14:17:00
107,29,2025-01-09 14:19:00,1200,2025-01-09 14:19:00
106,30,2025-01-09 14:22:00,1200,2025-01-09 14:22:00
105,31,2025-01-09 14:23:00,1200,2025-01-09 14:23:00
104,32,2025-01-09 14:25:00,1200,2025-01-09 14:25:00
103,33,2025-01-09 14:29:00,1200,2025-01-09 14:29:00
102,34,2025-01-09 14:32:00,1200,2025-01-09 14:32:00
101,35,2025-01-09 14:35:00,1200,2025-01-09 14:35:00
100,36,2025-01-09 14:39:00,1200,2025-01-09 14:39:00
136,0,2025-01-09 13:28:00,1201,2025-01-09 13:28:00
135,1,2025-01-09 13:30:00,1201,2025-01-09 13:30:00
134,2,2025-01-09 13:32:00,1201,2025-01-09 13:32:00
133,3,2025-01-09 13:34:00,1201,2025-01-09 13:34:00
132,4,2025-01-09 13:37:00,1201,2025-01-09 13:37:00
131,5,2025-01-09 13:38:00,1201,2025-01-09 13:38:00
130,6,2025-01-09 13:40:00,1201,2025-01-09 13:40:00
129,7,2025-01-09 13:42:00,1201,2025-01-09 13:42:00
128,8,2025-01-09 13:44:00,1201,2025-01-09 13:44:00
127,9,2025-01-09 13:46:00,1201,2025-01-09 13:46:00
126,10,2025-01-09 13:49:00,1201,2025-01-09 13:49:00
125,11,2025-01-09 13:52:00,1201,2025-01-09 13:52:00
124,12,2025-01-09 13:54:00,1201,2025-01-09 13:54:00
123,13,2025-01-09 13:57:00,1201,2025-01-09 13:57:00
122,14,2025-01-09 13:59:00,1201,2025-01-09 13:59:00
121,15,2025-01-09 14:01:00,1201,2025-01-09 14:01:00
120,16,2025-01-09 14:04:00,1201,2025-01-09 14:04:00
119,17,2025-01-09 14:06:00,1201,2025-01-09 14:06:00
118,18,2025-01-09 14:08:00,1201,2025-01-09 14:08:00
117,19,2025-01-09 14:10:00,1201,2025-01-09 14:10:00
116,20,2025-01-09 14:11:00,1201,2025-01-09 14:11:00
115,21,2025-01-09 14:13:00,1201,2025-01-09 14:13:00
114,22,2025-01-09 14:15:00,1201,2025-01-09 14:15:00
113,23,2025-01-09 14:17:00,1201,2025-01-09 14:17:00
112,24,2025-01-09 14:19:00,1201,2025-01-09 14:19:00
111,25,2025-01-09 14:21:00,1201,2025-01-09 14:21:00
110,26,2025-01-09 14:23:00,1201,2025-01-09 14:23:00
109,27,2025-01-09 14:25:00,1201,2025-01-09 14:25:00
108,28,2025-01-09 14:27:00,1201,2025-01-09 14:27:00
107,29,2025-01-09 14:29:00,1201,2025-01-09 14:29:00
106,30,2025-01-09 14:32:00,1201,2025-01-09 14:32:00
105,31,2025-01-09 14:33:00,1201,2025-01-09 14:33:00
104,32,2025-01-09 14:35:00,1201,2025-01-09 14:35:00
103,33,2025-01-09 14:39:00,1201,2025-01-09 14:39:00
102,34,2025-01-09 14:42:00,1201,2025-01-09 14:42:00
101,35,2025-01-09 14:45:00,1201,2025-01-09 14:45:00
100,36,2025-01-09 14:49:00,1201,2025-01-09 14:49:00
136,0,2025-01-09 13:38:00,1202,2025-01-09 13:38:00
135,1,2025-01-09 13:40:00,1202,2025-01-09 13:40:00
134,2,2025-01-09 13:42:00,1202,2025-01-09 13:42:00
133,3,2025-01-09 13:44:00,1202,2025-01-09 13:44:00
132,4,2025-01-09 13:47:00,1202,2025-01-09 13:47:00
131,5,2025-01-09 13:48:00,1202,2025-01-09 13:48:00
130,6,2025-01-09 13:50:00,1202,2025-01-09 13:50:00
129,7,2025-01-09 13:52:00,1202,2025-01-09 13:52:00
128,8,2025-01-09 13:54:00,1202,2025-01-09 13:54:00
127,9,2025-01-09 13:56:00,1202,2025-01-09 13:56:00
126,10,2025-01-09 13:59:00,1202,2025-01-09 13:59:00
125,11,2025-01-09 14:02:00,1202,2025-01-09 14:02:00
124,12,2025-01-09 14:04:00,1202,2025-01-09 14:04:00
123,13,2025-01-09 14:07:00,1202,2025-01-09 14:07:00
122,14,2025-01-09 14:09:00,1202,2025-01-09 14:09:00
121,15,2025-01-09 14:11:00,1202,2025-01-09 14:11:00
120,16,2025-01-09 14:14:00,1202,2025-01-09 14:14:00
119,17,2025-01-09 14:16:00,1202,2025-01-09 14:16:00
118,18,2025-01-09 14:18:00,1202,2025-01-09 14:18:00
117,19,2025-01-09 14:20:00,1202,2025-01-09 14:20:00
116,20,2025-01-09 14:21:00,1202,2025-01-09 14:21:00
115,21,2025-01-09 14:23:00,1202,2025-01-09 14:23:00
114,22,2025-01-09 14:25:00,1202,2025-01-09 14:25:00
113,23,2025-01-09 14:27:00,1202,2025-01-09 14:27:00
112,24,2025-01-09 14:29:00,1202,2025-01-09 14:29:00
111,25,2025-01-09 14:31:00,1202,2025-01-09 14:31:00
110,26,2025-01-09 14:33:00,1202,2025-01-09 14:33:00
109,27,2025-01-09 14:35:00,1202,2025-01-09 14:35:00
108,28,2025-01-09 14:37:00,1202,2025-01-09 14:37:00
107,29,2025-01-09 14:39:00,1202,2025-01-09 14:39:00
106,30,2025-01-09 14:42:00,1202,2025-01-09 14:42:00
105,31,2025-01-09 14:43:00,1202,2025-01-09 14:43:00
104,32,2025-01-09 14:45:00,1202,2025-01-09 14:45:00
103,33,2025-01-09 14:49:00,1202,2025-01-09 14:49:00
102,34,2025-01-09 14:52:00,1202,2025-01-09 14:52:00
101,35,2025-01-09 14:55:00,1202,2025-01-09 14:55:00
100,36,2025-01-09 14:59:00,1202,2025-01-09 14:59:00
136,0,2025-01-09 13:48:00,1203,2025-01-09 13:48:00
135,1,2025-01-09 13:50:00,1203,2025-01-09 13:50:00
134,2,2025-01-09 13:52:00,1203,2025-01-09 13:52:00
133,3,2025-01-09 13:54:00,1203,2025-01-09 13:54:00
132,4,2025-01-09 13:57:00,1203,2025-01-09 13:57:00
131,5,2025-01-09 13:58:00,1203,2025-01-09 13:58:00
130,6,2025-01-09 14:00:00,1203,2025-01-09 14:00:00
129,7,2025-01-09 14:02:00,1203,2025-01-09 14:02:00
128,8,2025-01-09 14:04:00,1203,2025-01-09 14:04:00
127,9,2025-01-09 14:06:00,1203,2025-01-09 14:06:00
126,10,2025-01-09 14:09:00,1203,2025-01-09 14:09:00
125,11,2025-01-09 14:12:00,1203,2025-01-09 14:12:00
124,12,2025-01-09 14:14:00,1203,2025-01-09 14:14:00
123,13,2025-01-09 14:17:00,1203,2025-01-09 14:17:00
122,14,2025-01-09 14:19:00,1203,2025-01-09 14:19:00
121,15,2025-01-09 14:21:00,1203,2025-01-09 14:21:00
120,16,2025-01-09 14:24:00,1203,2025-01-09 14:24:00
119,17,2025-01-09 14:26:00,1203,2025-01-09 14:26:00
118,18,2025-01-09 14:28:00,1203,2025-01-09 14:28:00
117,19,2025-01-09 14:30:00,1203,2025-01-09 14:30:00
116,20,2025-01-09 14:31:00,1203,2025-01-09 14:31:00
115,21,2025-01-09 14:33:00,1203,2025-01-09 14:33:00
114,22,2025-01-09 14:35:00,1203,2025-01-09 14:35:00
113,23,2025-01-09 14:37:00,1203,2025-01-09 14:37:00
112,24,2025-01-09 14:39:00,1203,2025-01-09 14:39:00
111,25,2025-01-09 14:41:00,1203,2025-01-09 14:41:00
110,26,2025-01-09 14:43:00,1203,2025-01-09 14:43:00
109,27,2025-01-09 14:45:00,1203,2025-01-09 14:45:00
108,28,2025-01-09 14:47:00,1203,2025-01-09 14:47:00
107,29,2025-01-09 14:49:00,1203,2025-01-09 14:49:00
106,30,2025-01-09 14:52:00,1203,2025-01-09 14:52:00
105,31,2025-01-09 14:53:00,1203,2025-01-09 14:53:00
104,32,2025-01-09 14:55:00,1203,2025-01-09 14:55:00
103,33,2025-01-09 14:59:00,1203,2025-01-09 14:59:00
102,34,2025-01-09 15:02:00,1203,2025-01-09 15:02:00
101,35,2025-01-09 15:05:00,1203,2025-01-09 15:05:00
100,36,2025-01-09 15:09:00,1203,2025-01-09 15:09:00
136,0,2025-01-09 13:58:00,1204,2025-01-09 13:58:00
135,1,2025-01-09 14:00:00,1204,2025-01-09 14:00:00
134,2,2025-01-09 14:02:00,1204,2025-01-09 14:02:00
133,3,2025-01-09 14:04:00,1204,2025-01-09 14:04:00
132,4,2025-01-09 14:07:00,1204,2025-01-09 14:07:00
131,5,2025-01-09 14:08:00,1204,2025-01-09 14:08:00
130,6,2025-01-09 14:10:00,1204,2025-01-09 14:10:00
129,7,2025-01-09 14:12:00,1204,2025-01-09 14:12:00
128,8,2025-01-09 14:14:00,1204,2025-01-09 14:14:00
127,9,2025-01-09 14:16:00,1204,2025-01-09 14:16:00
126,10,2025-01-09 14:19:00,1204,2025-01-09 14:19:00
125,11,2025-01-09 14:22:00,1204,2025-01-09 14:22:00
124,12,2025-01-09 14:24:00,1204,2025-01-09 14:24:00
123,13,2025-01-09 14:27:00,1204,2025-01-09 14:27:00
122,14,2025-01-09 14:29:00,1204,2025-01-09 14:29:00
121,15,2025-01-09 14:31:00,1204,2025-01-09 14:31:00
120,16,2025-01-09 14:34:00,1204,2025-01-09 14:34:00
119,17,2025-01-09 14:36:00,1204,2025-01-09 14:36:00
118,18,2025-01-09 14:38:00,1204,2025-01-09 14:38:00
117,19,2025-01-09 14:40:00,1204,2025-01-09 14:40:00
116,20,2025-01-09 14:41:00,1204,2025-01-09 14:41:00
115,21,2025-01-09 14:43:00,1204,2025-01-09 14:43:00
114,22,2025-01-09 14:45:00,1204,2025-01-09 14:45:00
113,23,2025-01-09 14:47:00,1204,2025-01-09 14:47:00
112,24,2025-01-09 14:49:00,1204,2025-01-09 14:49:00
111,25,2025-01-09 14:51:00,1204,2025-01-09 14:51:00
110,26,2025-01-09 14:53:00,1204,2025-01-09 14:53:00
109,27,2025-01-09 14:55:00,1204,2025-01-09 14:55:00
108,28,2025-01-09 14:57:00,1204,2025-01-09 14:57:00
107,29,2025-01-09 14:59:00,1204,2025-01-09 14:59:00
106,30,2025-01-09 15:02:00,1204,2025-01-09 15:02:00
105,31,2025-01-09 15:03:00,1204,2025-01-09 15:03:00
104,32,2025-01-09 15:05:00,1204,2025-01-09 15:05:00
103,33,2025-01-09 15:09:00,1204,2025-01-09 15:09:00
102,34,2025-01-09 15:12:00,1204,2025-01-09 15:12:00
101,35,2025-01-09 15:15:00,1204,2025-01-09 15:15:00
100,36,2025-01-09 15:19:00,1204,2025-01-09 15:19:00
136,0,2025-01-09 14:08:00,1205,2025-01-09 14:08:00
135,1,2025-01-09 14:10:00,1205,2025-01-09 14:10:00
134,2,2025-01-09 14:12:00,1205,2025-01-09 14:12:00
133,3,2025-01-09 14:14:00,1205,2025-01-09 14:14:00
132,4,2025-01-09 14:17:00,1205,2025-01-09 14:17:00
131,5,2025-01-09 14:18:00,1205,2025-01-09 14:18:00
130,6,2025-01-09 14:20:00,1205,2025-01-09 14:20:00
129,7,2025-01-09 14:22:00,1205,2025-01-09 14:22:00
128,8,2025-01-09 14:24:00,1205,2025-01-09 14:24:00
127,9,2025-01-09 14:26:00,1205,2025-01-09 14:26:00
126,10,2025-01-09 14:29:00,1205,2025-01-09 14:29:00
125,11,2025-01-09 14:32:00,1205,2025-01-09 14:32:00
124,12,2025-01-09 14:34:00,1205,2025-01-09 14:34:00
123,13,2025-01-09 14:37:00,1205,2025-01-09 14:37:00
122,14,2025-01-09 14:39:00,1205,2025-01-09 14:39:00
121,15,2025-01-09 14:41:00,1205,2025-01-09 14:41:00
120,16,2025-01-09 14:44:00,1205,2025-01-09 14:44:00
119,17,2025-01-09 14:46:00,1205,2025-01-09 14:46:00
118,18,2025-01-09 14:48:00,1205,2025-01-09 14:48:00
117,19,2025-01-09 14:50:00,1205,2025-01-09 14:50:00
116,20,2025-01-09 14:51:00,1205,2025-01-09 14:51:00
115,21,2025-01-09 14:53:00,1205,2025-01-09 14:53:00
114,22,2025-01-09 14:55:00,1205,2025-01-09 14:55:00
113,23,2025-01-09 14:57:00,1205,2025-01-09 14:57:00
112,24,2025-01-09 14:59:00,1205,2025-01-09 14:59:00
111,25,2025-01-09 15:01:00,1205,2025-01-09 15:01:00
110,26,2025-01-09 15:03:00,1205,2025-01-09 15:03:00
109,27,2025-01-09 15:05:00,1205,2025-01-09 15:05:00
108,28,2025-01-09 15:07:00,1205,2025-01-09 15:07:00
107,29,2025-01-09 15:09:00,1205,2025-01-09 15:09:00
106,30,2025-01-09 15:12:00,1205,2025-01-09 15:12:00
105,31,2025-01-09 15:13:00,1205,2025-01-09 15:13:00
104,32,2025-01-09 15:15:00,1205,2025-01-09 15:15:00
103,33,2025-01-09 15:19:00,1205,2025-01-09 15:19:00
102,34,2025-01-09 15:22:00,1205,2025-01-09 15:22:00
101,35,2025-01-09 15:25:00,1205,2025-01-09 15:25:00
100,36,2025-01-09 15:29:00,1205,2025-01-09 15:29:00
136,0,2025-01-09 14:18:00,1206,2025-01-09 14:18:00
135,1,2025-01-09 14:20:00,1206,2025-01-09 14:20:00
134,2,2025-01-09 14:22:00,1206,2025-01-09 14:22:00
133,3,2025-01-09 14:24:00,1206,2025-01-09 14:24:00
132,4,2025-01-09 14:27:00,1206,2025-01-09 14:27:00
131,5,2025-01-09 14:28:00,1206,2025-01-09 14:28:00
130,6,2025-01-09 14:30:00,1206,2025-01-09 14:30:00
129,7,2025-01-09 14:32:00,1206,2025-01-09 14:32:00
128,8,2025-01-09 14:34:00,1206,2025-01-09 14:34:00
127,9,2025-01-09 14:36:00,1206,2025-01-09 14:36:00
126,10,2025-01-09 14:39:00,1206,2025-01-09 14:39:00
125,11,2025-01-09 14:42:00,1206,2025-01-09 14:42:00
124,12,2025-01-09 14:44:00,1206,2025-01-09 14:44:00
123,13,2025-01-09 14:47:00,1206,2025-01-09 14:47:00
122,14,2025-01-09 14:49:00,1206,2025-01-09 14:49:00
121,15,2025-01-09 14:51:00,1206,2025-01-09 14:51:00
120,16,2025-01-09 14:54:00,1206,2025-01-09 14:54:00
119,17,2025-01-09 14:56:00,1206,2025-01-09 14:56:00
118,18,2025-01-09 14:58:00,1206,2025-01-09 14:58:00
117,19,2025-01-09 15:00:00,1206,2025-01-09 15:00:00
116,20,2025-01-09 15:01:00,1206,2025-01-09 15:01:00
115,21,2025-01-09 15:03:00,1206,2025-01-09 15:03:00
114,22,2025-01-09 15:05:00,1206,2025-01-09 15:05:00
113,23,2025-01-09 15:07:00,1206,2025-01-09 15:07:00
112,24,2025-01-09 15:09:00,1206,2025-01-09 15:09:00
111,25,2025-01-09 15:11:00,1206,2025-01-09 15:11:00
110,26,2025-01-09 15:13:00,1206,2025-01-09 15:13:00
109,27,2025-01-09 15:15:00,1206,2025-01-09 15:15:00
108,28,2025-01-09 15:17:00,1206,2025-01-09 15:17:00
107,29,2025-01-09 15:19:00,1206,2025-01-09 15:19:00
106,30,2025-01-09 15:22:00,1206,2025-01-09 15:22:00
105,31,2025-01-09 15:23:00,1206,2025-01-09 15:23:00
104,32,2025-01-09 15:25:00,1206,2025-01-09 15:25:00
103,33,2025-01-09 15:29:00,1206,2025-01-09 15:29:00
102,34,2025-01-09 15:32:00,1206,2025-01-09 15:32:00
101,35,2025-01-09 15:35:00,1206,2025-01-09 15:35:00
100,36,2025-01-09 15:39:00,1206,2025-01-09 15:39:00
136,0,2025-01-09 14:28:00,1207,2025-01-09 14:28:00
135,1,2025-01-09 14:30:00,1207,2025-01-09 14:30:00
134,2,2025-01-09 14:32:00,1207,2025-01-09 14:32:00
133,3,2025-01-09 14:34:00,1207,2025-01-09 14:34:00
132,4,2025-01-09 14:37:00,1207,2025-01-09 14:37:00
131,5,2025-01-09 14:38:00,1207,2025-01-09 14:38:00
130,6,2025-01-09 14:40:00,1207,2025-01-09 14:40:00
129,7,2025-01-09 14:42:00,1207,2025-01-09 14:42:00
128,8,2025-01-09 14:44:00,1207,2025-01-09 14:44:00
127,9,2025-01-09 14:46:00,1207,2025-01-09 14:46:00
126,10,2025-01-09 14:49:00,1207,2025-01-09 14:49:00
125,11,2025-01-09 14:52:00,1207,2025-01-09 14:52:00
124,12,2025-01-09 14:54:00,1207,2025-01-09 14:54:00
123,13,2025-01-09 14:57:00,1207,2025-01-09 14:57:00
122,14,2025-01-09 14:59:00,1207,2025-01-09 14:59:00
121,15,2025-01-09 15:01:00,1207,2025-01-09 15:01:00
120,16,2025-01-09 15:04:00,1207,2025-01-09 15:04:00
119,17,2025-01-09 15:06:00,1207,2025-01-09 15:06:00
118,18,2025-01-09 15:08:00,1207,2025-01-09 15:08:00
117,19,2025-01-09 15:10:00,1207,2025-01-09 15:10:00
116,20,2025-01-09 15:11:00,1207,2025-01-09 15:11:00
115,21,2025-01-09 15:13:00,1207,2025-01-09 15:13:00
114,22,2025-01-09 15:15:00,1207,2025-01-09 15:15:00
113,23,2025-01-09 15:17:00,1207,2025-01-09 15:17:00
112,24,2025-01-09 15:19:00,1207,2025-01-09 15:19:00
111,25,2025-01-09 15:21:00,1207,2025-01-09 15:21:00
110,26,2025-01-09 15:23:00,1207,2025-01-09 15:23:00
109,27,2025-01-09 15:25:00,1207,2025-01-09 15:25:00
108,28,2025-01-09 15:27:00,1207,2025-01-09 15:27:00
107,29,2025-01-09 15:29:00,1207,2025-01-09 15:29:00
106,30,2025-01-09 15:32:00,1207,2025-01-09 15:32:00
105,31,2025-01-09 15:33:00,1207,2025-01-09 15:33:00
104,32,2025-01-09 15:35:00,1207,2025-01-09 15:35:00
103,33,2025-01-09 15:39:00,1207,2025-01-09 15:39:00
102,34,2025-01-09 15:42:00,1207,2025-01-09 15:42:00
101,35,2025-01-09 15:45:00,1207,2025-01-09 15:45:00
100,36,2025-01-09 15:49:00,1207,2025-01-09 15:49:00
136,0,2025-01-09 14:38:00,1208,2025-01-09 14:38:00
135,1,2025-01-09 14:40:00,1208,2025-01-09 14:40:00
134,2,2025-01-09 14:42:00,1208,2025-01-09 14:42:00
133,3,2025-01-09 14:44:00,1208,2025-01-09 14:44:00
132,4,2025-01-09 14:47:00,1208,2025-01-09 14:47:00
131,5,2025-01-09 14:48:00,1208,2025-01-09 14:48:00
130,6,2025-01-09 14:50:00,1208,2025-01-09 14:50:00
129,7,2025-01-09 14:52:00,1208,2025-01-09 14:52:00
128,8,2025-01-09 14:54:00,1208,2025-01-09 14:54:00
127,9,2025-01-09 14:56:00,1208,2025-01-09 14:56:00
126,10,2025-01-09 14:59:00,1208,2025-01-09 14:59:00
125,11,2025-01-09 15:02:00,1208,2025-01-09 15:02:00
124,12,2025-01-09 15:04:00,1208,2025-01-09 15:04:00
123,13,2025-01-09 15:07:00,1208,2025-01-09 15:07:00
122,14,2025-01-09 15:09:00,1208,2025-01-09 15:09:00
121,15,2025-01-09 15:11:00,1208,2025-01-09 15:11:00
120,16,2025-01-09 15:14:00,1208,2025-01-09 15:14:00
119,17,2025-01-09 15:16:00,1208,2025-01-09 15:16:00
118,18,2025-01-09 15:18:00,1208,2025-01-09 15:18:00
117,19,2025-01-09 15:20:00,1208,2025-01-09 15:20:00
116,20,2025-01-09 15:21:00,1208,2025-01-09 15:21:00
115,21,2025-01-09 15:23:00,1208,2025-01-09 15:23:00
114,22,2025-01-09 15:25:00,1208,2025-01-09 15:25:00
113,23,2025-01-09 15:27:00,1208,2025-01-09 15:27:00
112,24,2025-01-09 15:29:00,1208,2025-01-09 15:29:00
111,25,2025-01-09 15:31:00,1208,2025-01-09 15:31:00
110,26,2025-01-09 15:33:00,1208,2025-01-09 15:33:00
109,27,2025-01-09 15:35:00,1208,2025-01-09 15:35:00
108,28,2025-01-09 15:37:00,1208,2025-01-09 15:37:00
107,29,2025-01-09 15:39:00,1208,2025-01-09 15:39:00
106,30,2025-01-09 15:42:00,1208,2025-01-09 15:42:00
105,31,2025-01-09 15:43:00,1208,2025-01-09 15:43:00
104,32,2025-01-09 15:45:00,1208,2025-01-09 15:45:00
103,33,2025-01-09 15:49:00,1208,2025-01-09 15:49:00
102,34,2025-01-09 15:52:00,1208,2025-01-09 15:52:00
101,35,2025-01-09 15:55:00,1208,2025-01-09 15:55:00
100,36,2025-01-09 15:59:00,1208,2025-01-09 15:59:00
136,0,2025-01-09 14:48:00,1209,2025-01-09 14:48:00
135,1,2025-01-09 14:50:00,1209,2025-01-09 14:50:00
134,2,2025-01-09 14:52:00,1209,2025-01-09 14:52:00
133,3,2025-01-09 14:54:00,1209,2025-01-09 14:54:00
132,4,2025-01-09 14:57:00,1209,2025-01-09 14:57:00
131,5,2025-01-09 14:58:00,1209,2025-01-09 14:58:00
130,6,2025-01-09 15:00:00,1209,2025-01-09 15:00:00
129,7,2025-01-09 15:02:00,1209,2025-01-09 15:02:00
128,8,2025-01-09 15:04:00,1209,2025-01-09 15:04:00
127,9,2025-01-09 15:06:00,1209,2025-01-09 15:06:00
126,10,2025-01-09 15:09:00,1209,2025-01-09 15:09:00
125,11,2025-01-09 15:12:00,1209,2025-01-09 15:12:00
124,12,2025-01-09 15:14:00,1209,2025-01-09 15:14:00
123,13,2025-01-09 15:17:00,1209,2025-01-09 15:17:00
122,14,2025-01-09 15:19:00,1209,2025-01-09 15:19:00
121,15,2025-01-09 15:21:00,1209,2025-01-09 15:21:00
120,16,2025-01-09 15:24:00,1209,2025-01-09 15:24:00
119,17,2025-01-09 15:26:00,1209,2025-01-09 15:26:00
118,18,2025-01-09 15:28:00,1209,2025-01-09 15:28:00
117,19,2025-01-09 15:30:00,1209,2025-01-09 15:30:00
116,20,2025-01-09 15:31:00,1209,2025-01-09 15:31:00
115,21,2025-01-09 15:33:00,1209,2025-01-09 15:33:00
114,22,2025-01-09 15:35:00,1209,2025-01-09 15:35:00
113,23,2025-01-09 15:37:00,1209,2025-01-09 15:37:00
112,24,2025-01-09 15:39:00,1209,2025-01-09 15:39:00
111,25,2025-01-09 15:41:00,1209,2025-01-09 15:41:00
110,26,2025-01-09 15:43:00,1209,2025-01-09 15:43:00
109,27,2025-01-09 15:45:00,1209,2025-01-09 15:45:00
108,28,2025-01-09 15:47:00,1209,2025-01-09 15:47:00
107,29,2025-01-09 15:49:00,1209,2025-01-09 15:49:00
106,30,2025-01-09 15:52:00,1209,2025-01-09 15:52:00
105,31,2025-01-09 15:53:00,1209,2025-01-09 15:53:00
104,32,2025-01-09 15:55:00,1209,2025-01-09 15:55:00
103,33,2025-01-09 15:59:00,1209,2025-01-09 15:59:00
102,34,2025-01-09 16:02:00,1209,2025-01-09 16:02:00
101,35,2025-01-09 16:05:00,1209,2025-01-09 16:05:00
100,36,2025-01-09 16:09:00,1209,2025-01-09 16:09:00
136,0,2025-01-09 14:58:00,1210,2025-01-09 14:58:00
135,1,2025-01-09 15:00:00,1210,2025-01-09 15:00:00
134,2,2025-01-09 15:02:00,1210,2025-01-09 15:02:00
133,3,2025-01-09 15:04:00,1210,2025-01-09 15:04:00
132,4,2025-01-09 15:07:00,1210,2025-01-09 15:07:00
131,5,2025-01-09 15:08:00,1210,2025-01-09 15:08:00
130,6,2025-01-09 15:10:00,1210,2025-01-09 15:10:00
129,7,2025-01-09 15:12:00,1210,2025-01-09 15:12:00
128,8,2025-01-09 15:14:00,1210,2025-01-09 15:14:00
127,9,2025-01-09 15:16:00,1210,2025-01-09 15:16:00
126,10,2025-01-09 15:19:00,1210,2025-01-09 15:19:00
125,11,2025-01-09 15:22:00,1210,2025-01-09 15:22:00
124,12,2025-01-09 15:24:00,1210,2025-01-09 15:24:00
123,13,2025-01-09 15:27:00,1210,2025-01-09 15:27:00
122,14,2025-01-09 15:29:00,1210,2025-01-09 15:29:00
121,15,2025-01-09 15:31:00,1210,2025-01-09 15:31:00
120,16,2025-01-09 15:34:00,1210,2025-01-09 15:34:00
119,17,2025-01-09 15:36:00,1210,2025-01-09 15:36:00
118,18,2025-01-09 15:38:00,1210,2025-01-09 15:38:00
117,19,2025-01-09 15:40:00,1210,2025-01-09 15:40:00
116,20,2025-01-09 15:41:00,1210,2025-01-09 15:41:00
115,21,2025-01-09 15:43:00,1210,2025-01-09 15:43:00
114,22,2025-01-09 15:45:00,1210,2025-01-09 15:45:00
113,23,2025-01-09 15:47:00,1210,2025-01-09 15:47:00
112,24,2025-01-09 15:49:00,1210,2025-01-09 15:49:00
111,25,2025-01-09 15:51:00,1210,2025-01-09 15:51:00
110,26,2025-01-09 15:53:00,1210,2025-01-09 15:53:00
109,27,2025-01-09 15:55:00,1210,2025-01-09 15:55:00
108,28,2025-01-09 15:57:00,1210,2025-01-09 15:57:00
107,29,2025-01-09 15:59:00,1210,2025-01-09 15:59:00
106,30,2025-01-09 16:02:00,1210,2025-01-09 16:02:00
105,31,2025-01-09 16:03:00,1210,2025-01-09 16:03:00
104,32,2025-01-09 16:05:00,1210,2025-01-09 16:05:00
103,33,2025-01-09 16:09:00,1210,2025-01-09 16:09:00
102,34,2025-01-09 16:12:00,1210,2025-01-09 16:12:00
101,35,2025-01-09 16:15:00,1210,2025-01-09 16:15:00
100,36,2025-01-09 16:19:00,1210,2025-01-09 16:19:00
136,0,2025-01-09 15:08:00,1211,2025-01-09 15:08:00
135,1,2025-01-09 15:10:00,1211,2025-01-09 15:10:00
134,2,2025-01-09 15:12:00,1211,2025-01-09 15:12:00
133,3,2025-01-09 15:14:00,1211,2025-01-09 15:14:00
132,4,2025-01-09 15:17:00,1211,2025-01-09 15:17:00
131,5,2025-01-09 15:18:00,1211,2025-01-09 15:18:00
130,6,2025-01-09 15:20:00,1211,2025-01-09 15:20:00
129,7,2025-01-09 15:22:00,1211,2025-01-09 15:22:00
128,8,2025-01-09 15:24:00,1211,2025-01-09 15:24:00
127,9,2025-01-09 15:26:00,1211,2025-01-09 15:26:00
126,10,2025-01-09 15:29:00,1211,2025-01-09 15:29:00
125,11,2025-01-09 15:32:00,1211,2025-01-09 15:32:00
124,12,2025-01-09 15:34:00,1211,2025-01-09 15:34:00
123,13,2025-01-09 15:37:00,1211,2025-01-09 15:37:00
122,14,2025-01-09 15:39:00,1211,2025-01-09 15:39:00
121,15,2025-01-09 15:41:00,1211,2025-01-09 15:41:00
120,16,2025-01-09 15:44:00,1211,2025-01-09 15:44:00
119,17,2025-01-09 15:46:00,1211,2025-01-09 15:46:00
118,18,2025-01-09 15:48:00,1211,2025-01-09 15:48:00
117,19,2025-01-09 15:50:00,1211,2025-01-09 15:50:00
116,20,2025-01-09 15:51:00,1211,2025-01-09 15:51:00
115,21,2025-01-09 15:53:00,1211,2025-01-09 15:53:00
114,22,2025-01-09 15:55:00,1211,2025-01-09 15:55:00
113,23,2025-01-09 15:57:00,1211,2025-01-09 15:57:00
112,24,2025-01-09 15:59:00,1211,2025-01-09 15:59:00
111,25,2025-01-09 16:01:00,1211,2025-01-09 16:01:00
110,26,2025-01-09 16:03:00,1211,2025-01-09 16:03:00
109,27,2025-01-09 16:05:00,1211,2025-01-09 16:05:00
108,28,2025-01-09 16:07:00,1211,2025-01-09 16:07:00
107,29,2025-01-09 16:09:00,1211,2025-01-09 16:09:00
106,30,2025-01-09 16:12:00,1211,2025-01-09 16:12:00
105,31,2025-01-09 16:13:00,1211,2025-01-09 16:13:00
104,32,2025-01-09 16:15:00,1211,2025-01-09 16:15:00
103,33,2025-01-09 16:19:00,1211,2025-01-09 16:19:00
102,34,2025-01-09 16:22:00,1211,2025-01-09 16:22:00
101,35,2025-01-09 16:25:00,1211,2025-01-09 16:25:00
100,36,2025-01-09 16:29:00,1211,2025-01-09 16:29:00
136,0,2025-01-09 15:18:00,1212,2025-01-09 15:18:00
135,1,2025-01-09 15:20:00,1212,2025-01-09 15:20:00
134,2,2025-01-09 15:22:00,1212,2025-01-09 15:22:00
133,3,2025-01-09 15:24:00,1212,2025-01-09 15:24:00
132,4,2025-01-09 15:27:00,1212,2025-01-09 15:27:00
131,5,2025-01-09 15:28:00,1212,2025-01-09 15:28:00
130,6,2025-01-09 15:30:00,1212,2025-01-09 15:30:00
129,7,2025-01-09 15:32:00,1212,2025-01-09 15:32:00
128,8,2025-01-09 15:34:00,1212,2025-01-09 15:34:00
127,9,2025-01-09 15:36:00,1212,2025-01-09 15:36:00
126,10,2025-01-09 15:39:00,1212,2025-01-09 15:39:00
125,11,2025-01-09 15:42:00,1212,2025-01-09 15:42:00
124,12,2025-01-09 15:44:00,1212,2025-01-09 15:44:00
123,13,2025-01-09 15:47:00,1212,2025-01-09 15:47:00
122,14,2025-01-09 15:49:00,1212,2025-01-09 15:49:00
121,15,2025-01-09 15:51:00,1212,2025-01-09 15:51:00
120,16,2025-01-09 15:54:00,1212,2025-01-09 15:54:00
119,17,2025-01-09 15:56:00,1212,2025-01-09 15:56:00
118,18,2025-01-09 15:58:00,1212,2025-01-09 15:58:00
117,19,2025-01-09 16:00:00,1212,2025-01-09 16:00:00
116,20,2025-01-09 16:01:00,1212,2025-01-09 16:01:00
115,21,2025-01-09 16:03:00,1212,2025-01-09 16:03:00
114,22,2025-01-09 16:05:00,1212,2025-01-09 16:05:00
113,23,2025-01-09 16:07:00,1212,2025-01-09 16:07:00
112,24,2025-01-09 16:09:00,1212,2025-01-09 16:09:00
111,25,2025-01-09 16:11:00,1212,2025-01-09 16:11:00
110,26,2025-01-09 16:13:00,1212,2025-01-09 16:13:00
109,27,2025-01-09 16:15:00,1212,2025-01-09 16:15:00
108,28,2025-01-09 16:17:00,1212,2025-01-09 16:17:00
107,29,2025-01-09 16:19:00,1212,2025-01-09 16:19:00
106,30,2025-01-09 16:22:00,1212,2025-01-09 16:22:00
105,31,2025-01-09 16:23:00,1212,2025-01-09 16:23:00
104,32,2025-01-09 16:25:00,1212,2025-01-09 16:25:00
103,33,2025-01-09 16:29:00,1212,2025-01-09 16:29:00
102,34,2025-01-09 16:32:00,1212,2025-01-09 16:32:00
101,35,2025-01-09 16:35:00,1212,2025-01-09 16:35:00
100,36,2025-01-09 16:39:00,1212,2025-01-09 16:39:00
136,0,2025-01-09 15:28:00,1213,2025-01-09 15:28:00
135,1,2025-01-09 15:30:00,1213,2025-01-09 15:30:00
134,2,2025-01-09 15:32:00,1213,2025-01-09 15:32:00
133,3,2025-01-09 15:34:00,1213,2025-01-09 15:34:00
132,4,2025-01-09 15:37:00,1213,2025-01-09 15:37:00
131,5,2025-01-09 15:38:00,1213,2025-01-09 15:38:00
130,6,2025-01-09 15:40:00,1213,2025-01-09 15:40:00
129,7,2025-01-09 15:42:00,1213,2025-01-09 15:42:00
128,8,2025-01-09 15:44:00,1213,2025-01-09 15:44:00
127,9,2025-01-09 15:46:00,1213,2025-01-09 15:46:00
126,10,2025-01-09 15:49:00,1213,2025-01-09 15:49:00
125,11,2025-01-09 15:52:00,1213,2025-01-09 15:52:00
124,12,2025-01-09 15:54:00,1213,2025-01-09 15:54:00
123,13,2025-01-09 15:57:00,1213,2025-01-09 15:57:00
122,14,2025-01-09 15:59:00,1213,2025-01-09 15:59:00
121,15,2025-01-09 16:01:00,1213,2025-01-09 16:01:00
120,16,2025-01-09 16:04:00,1213,2025-01-09 16:04:00
119,17,2025-01-09 16:06:00,1213,2025-01-09 16:06:00
118,18,2025-01-09 16:08:00,1213,2025-01-09 16:08:00
117,19,2025-01-09 16:10:00,1213,2025-01-09 16:10:00
116,20,2025-01-09 16:11:00,1213,2025-01-09 16:11:00
115,21,2025-01-09 16:13:00,1213,2025-01-09 16:13:00
114,22,2025-01-09 16:15:00,1213,2025-01-09 16:15:00
113,23,2025-01-09 16:17:00,1213,2025-01-09 16:17:00
112,24,2025-01-09 16:19:00,1213,2025-01-09 16:19:00
111,25,2025-01-09 16:21:00,1213,2025-01-09 16:21:00
110,26,2025-01-09 16:23:00,1213,2025-01-09 16:23:00
109,27,2025-01-09 16:25:00,1213,2025-01-09 16:25:00
108,28,2025-01-09 16:27:00,1213,2025-01-09 16:27:00
107,29,2025-01-09 16:29:00,1213,2025-01-09 16:29:00
106,30,2025-01-09 16:32:00,1213,2025-01-09 16:32:00
105,31,2025-01-09 16:33:00,1213,2025-01-09 16:33:00
104,32,2025-01-09 16:35:00,1213,2025-01-09 16:35:00
103,33,2025-01-09 16:39:00,1213,2025-01-09 16:39:00
102,34,2025-01-09 16:42:00,1213,2025-01-09 16:42:00
101,35,2025-01-09 16:45:00,1213,2025-01-09 16:45:00
100,36,2025-01-09 16:49:00,1213,2025-01-09 16:49:00
136,0,2025-01-09 15:38:00,1214,2025-01-09 15:38:00
135,1,2025-01-09 15:40:00,1214,2025-01-09 15:40:00
134,2,2025-01-09 15:42:00,1214,2025-01-09 15:42:00
133,3,2025-01-09 15:44:00,1214,2025-01-09 15:44:00
132,4,2025-01-09 15:47:00,1214,2025-01-09 15:47:00
131,5,2025-01-09 15:48:00,1214,2025-01-09 15:48:00
130,6,2025-01-09 15:50:00,1214,2025-01-09 15:50:00
129,7,2025-01-09 15:52:00,1214,2025-01-09 15:52:00
128,8,2025-01-09 15:54:00,1214,2025-01-09 15:54:00
127,9,2025-01-09 15:56:00,1214,2025-01-09 15:56:00
126,10,2025-01-09 15:59:00,1214,2025-01-09 15:59:00
125,11,2025-01-09 16:02:00,1214,2025-01-09 16:02:00
124,12,2025-01-09 16:04:00,1214,2025-01-09 16:04:00
123,13,2025-01-09 16:07:00,1214,2025-01-09 16:07:00
122,14,2025-01-09 16:09:00,1214,2025-01-09 16:09:00
121,15,2025-01-09 16:11:00,1214,2025-01-09 16:11:00
120,16,2025-01-09 16:14:00,1214,2025-01-09 16:14:00
119,17,2025-01-09 16:16:00,1214,2025-01-09 16:16:00
118,18,2025-01-09 16:18:00,1214,2025-01-09 16:18:00
117,19,2025-01-09 16:20:00,1214,2025-01-09 16:20:00
116,20,2025-01-09 16:21:00,1214,2025-01-09 16:21:00
115,21,2025-01-09 16:23:00,1214,2025-01-09 16:23:00
114,22,2025-01-09 16:25:00,1214,2025-01-09 16:25:00
113,23,2025-01-09 16:27:00,1214,2025-01-09 16:27:00
112,24,2025-01-09 16:29:00,1214,2025-01-09 16:29:00
111,25,2025-01-09 16:31:00,1214,2025-01-09 16:31:00
110,26,2025-01-09 16:33:00,1214,2025-01-09 16:33:00
109,27,2025-01-09 16:35:00,1214,2025-01-09 16:35:00
108,28,2025-01-09 16:37:00,1214,2025-01-09 16:37:00
107,29,2025-01-09 16:39:00,1214,2025-01-09 16:39:00
106,30,2025-01-09 16:42:00,1214,2025-01-09 16:42:00
105,31,2025-01-09 16:43:00,1214,2025-01-09 16:43:00
104,32,2025-01-09 16:45:00,1214,2025-01-09 16:45:00
103,33,2025-01-09 16:49:00,1214,2025-01-09 16:49:00
102,34,2025-01-09 16:52:00,1214,2025-01-09 16:52:00
101,35,2025-01-09 16:55:00,1214,2025-01-09 16:55:00
100,36,2025-01-09 16:59:00,1214,2025-01-09 16:59:00
136,0,2025-01-09 15:48:00,1215,2025-01-09 15:48:00
135,1,2025-01-09 15:50:00,1215,2025-01-09 15:50:00
134,2,2025-01-09 15:52:00,1215,2025-01-09 15:52:00
133,3,2025-01-09 15:54:00,1215,2025-01-09 15:54:00
132,4,2025-01-09 15:57:00,1215,2025-01-09 15:57:00
131,5,2025-01-09 15:58:00,1215,2025-01-09 15:58:00
130,6,2025-01-09 16:00:00,1215,2025-01-09 16:00:00
129,7,2025-01-09 16:02:00,1215,2025-01-09 16:02:00
128,8,2025-01-09 16:04:00,1215,2025-01-09 16:04:00
127,9,2025-01-09 16:06:00,1215,2025-01-09 16:06:00
126,10,2025-01-09 16:09:00,1215,2025-01-09 16:09:00
125,11,2025-01-09 16:12:00,1215,2025-01-09 16:12:00
124,12,2025-01-09 16:14:00,1215,2025-01-09 16:14:00
123,13,2025-01-09 16:17:00,1215,2025-01-09 16:17:00
122,14,2025-01-09 16:19:00,1215,2025-01-09 16:19:00
121,15,2025-01-09 16:21:00,1215,2025-01-09 16:21:00
120,16,2025-01-09 16:24:00,1215,2025-01-09 16:24:00
119,17,2025-01-09 16:26:00,1215,2025-01-09 16:26:00
118,18,2025-01-09 16:28:00,1215,2025-01-09 16:28:00
117,19,2025-01-09 16:30:00,1215,2025-01-09 16:30:00
116,20,2025-01-09 16:31:00,1215,2025-01-09 16:31:00
115,21,2025-01-09 16:33:00,1215,2025-01-09 16:33:00
114,22,2025-01-09 16:35:00,1215,2025-01-09 16:35:00
113,23,2025-01-09 16:37:00,1215,2025-01-09 16:37:00
112,24,2025-01-09 16:39:00,1215,2025-01-09 16:39:00
111,25,2025-01-09 16:41:00,1215,2025-01-09 16:41:00
110,26,2025-01-09 16:43:00,1215,2025-01-09 16:43:00
109,27,2025-01-09 16:45:00,1215,2025-01-09 16:45:00
108,28,2025-01-09 16:47:00,1215,2025-01-09 16:47:00
107,29,2025-01-09 16:49:00,1215,2025-01-09 16:49:00
106,30,2025-01-09 16:52:00,1215,2025-01-09 16:52:00
105,31,2025-01-09 16:53:00,1215,2025-01-09 16:53:00
104,32,2025-01-09 16:55:00,1215,2025-01-09 16:55:00
103,33,2025-01-09 16:59:00,1215,2025-01-09 16:59:00
102,34,2025-01-09 17:02:00,1215,2025-01-09 17:02:00
101,35,2025-01-09 17:05:00,1215,2025-01-09 17:05:00
100,36,2025-01-09 17:09:00,1215,2025-01-09 17:09:00
136,0,2025-01-09 15:58:00,1216,2025-01-09 15:58:00
135,1,2025-01-09 16:00:00,1216,2025-01-09 16:00:00
134,2,2025-01-09 16:02:00,1216,2025-01-09 16:02:00
133,3,2025-01-09 16:04:00,1216,2025-01-09 16:04:00
132,4,2025-01-09 16:07:00,1216,2025-01-09 16:07:00
131,5,2025-01-09 16:08:00,1216,2025-01-09 16:08:00
130,6,2025-01-09 16:10:00,1216,2025-01-09 16:10:00
129,7,2025-01-09 16:12:00,1216,2025-01-09 16:12:00
128,8,2025-01-09 16:14:00,1216,2025-01-09 16:14:00
127,9,2025-01-09 16:16:00,1216,2025-01-09 16:16:00
126,10,2025-01-09 16:19:00,1216,2025-01-09 16:19:00
125,11,2025-01-09 16:22:00,1216,2025-01-09 16:22:00
124,12,2025-01-09 16:24:00,1216,2025-01-09 16:24:00
123,13,2025-01-09 16:27:00,1216,2025-01-09 16:27:00
122,14,2025-01-09 16:29:00,1216,2025-01-09 16:29:00
121,15,2025-01-09 16:31:00,1216,2025-01-09 16:31:00
120,16,2025-01-09 16:34:00,1216,2025-01-09 16:34:00
119,17,2025-01-09 16:36:00,1216,2025-01-09 16:36:00
118,18,2025-01-09 16:38:00,1216,2025-01-09 16:38:00
117,19,2025-01-09 16:40:00,1216,2025-01-09 16:40:00
116,20,2025-01-09 16:41:00,1216,2025-01-09 16:41:00
115,21,2025-01-09 16:43:00,1216,2025-01-09 16:43:00
114,22,2025-01-09 16:45:00,1216,2025-01-09 16:45:00
113,23,2025-01-09 16:47:00,1216,2025-01-09 16:47:00
112,24,2025-01-09 16:49:00,1216,2025-01-09 16:49:00
111,25,2025-01-09 16:51:00,1216,2025-01-09 16:51:00
110,26,2025-01-09 16:53:00,1216,2025-01-09 16:53:00
109,27,2025-01-09 16:55:00,1216,2025-01-09 16:55:00
108,28,2025-01-09 16:57:00,1216,2025-01-09 16:57:00
107,29,2025-01-09 16:59:00,1216,2025-01-09 16:59:00
106,30,2025-01-09 17:02:00,1216,2025-01-09 17:02:00
105,31,2025-01-09 17:03:00,1216,2025-01-09 17:03:00
104,32,2025-01-09 17:05:00,1216,2025-01-09 17:05:00
103,33,2025-01-09 17:09:00,1216,2025-01-09 17:09:00
102,34,2025-01-09 17:12:00,1216,2025-01-09 17:12:00
101,35,2025-01-09 17:15:00,1216,2025-01-09 17:15:00
100,36,2025-01-09 17:19:00,1216,2025-01-09 17:19:00
136,0,2025-01-09 16:08:00,1217,2025-01-09 16:08:00
135,1,2025-01-09 16:10:00,1217,2025-01-09 16:10:00
134,2,2025-01-09 16:12:00,1217,2025-01-09 16:12:00
133,3,2025-01-09 16:14:00,1217,2025-01-09 16:14:00
132,4,2025-01-09 16:17:00,1217,2025-01-09 16:17:00
131,5,2025-01-09 16:18:00,1217,2025-01-09 16:18:00
130,6,2025-01-09 16:20:00,1217,2025-01-09 16:20:00
129,7,2025-01-09 16:22:00,1217,2025-01-09 16:22:00
128,8,2025-01-09 16:24:00,1217,2025-01-09 16:24:00
127,9,2025-01-09 16:26:00,1217,2025-01-09 16:26:00
126,10,2025-01-09 16:29:00,1217,2025-01-09 16:29:00
125,11,2025-01-09 16:32:00,1217,2025-01-09 16:32:00
124,12,2025-01-09 16:34:00,1217,2025-01-09 16:34:00
123,13,2025-01-09 16:37:00,1217,2025-01-09 16:37:00
122,14,2025-01-09 16:39:00,1217,2025-01-09 16:39:00
121,15,2025-01-09 16:41:00,1217,2025-01-09 16:41:00
120,16,2025-01-09 16:44:00,1217,2025-01-09 16:44:00
119,17,2025-01-09 16:46:00,1217,2025-01-09 16:46:00
118,18,2025-01-09 16:48:00,1217,2025-01-09 16:48:00
117,19,2025-01-09 16:50:00,1217,2025-01-09 16:50:00
116,20,2025-01-09 16:51:00,1217,2025-01-09 16:51:00
115,21,2025-01-09 16:53:00,1217,2025-01-09 16:53:00
114,22,2025-01-09 16:55:00,1217,2025-01-09 16:55:00
113,23,2025-01-09 16:57:00,1217,2025-01-09 16:57:00
112,24,2025-01-09 16:59:00,1217,2025-01-09 16:59:00
111,25,2025-01-09 17:01:00,1217,2025-01-09 17:01:00
110,26,2025-01-09 17:03:00,1217,2025-01-09 17:03:00
109,27,2025-01-09 17:05:00,1217,2025-01-09 17:05:00
108,28,2025-01-09 17:07:00,1217,2025-01-09 17:07:00
107,29,2025-01-09 17:09:00,1217,2025-01-09 17:09:00
106,30,2025-01-09 17:12:00,1217,2025-01-09 17:12:00
105,31,2025-01-09 17:13:00,1217,2025-01-09 17:13:00
104,32,2025-01-09 17:15:00,1217,2025-01-09 17:15:00
103,33,2025-01-09 17:19:00,1217,2025-01-09 17:19:00
102,34,2025-01-09 17:22:00,1217,2025-01-09 17:22:00
101,35,2025-01-09 17:25:00,1217,2025-01-09 17:25:00
100,36,2025-01-09 17:29:00,1217,2025-01-09 17:29:00
136,0,2025-01-09 16:18:00,1218,2025-01-09 16:18:00
135,1,2025-01-09 16:20:00,1218,2025-01-09 16:20:00
134,2,2025-01-09 16:22:00,1218,2025-01-09 16:22:00
133,3,2025-01-09 16:24:00,1218,2025-01-09 16:24:00
132,4,2025-01-09 16:27:00,1218,2025-01-09 16:27:00
131,5,2025-01-09 16:28:00,1218,2025-01-09 16:28:00
130,6,2025-01-09 16:30:00,1218,2025-01-09 16:30:00
129,7,2025-01-09 16:32:00,1218,2025-01-09 16:32:00
128,8,2025-01-09 16:34:00,1218,2025-01-09 16:34:00
127,9,2025-01-09 16:36:00,1218,2025-01-09 16:36:00
126,10,2025-01-09 16:39:00,1218,2025-01-09 16:39:00
125,11,2025-01-09 16:42:00,1218,2025-01-09 16:42:00
124,12,2025-01-09 16:44:00,1218,2025-01-09 16:44:00
123,13,2025-01-09 16:47:00,1218,2025-01-09 16:47:00
122,14,2025-01-09 16:49:00,1218,2025-01-09 16:49:00
121,15,2025-01-09 16:51:00,1218,2025-01-09 16:51:00
120,16,2025-01-09 16:54:00,1218,2025-01-09 16:54:00
119,17,2025-01-09 16:56:00,1218,2025-01-09 16:56:00
118,18,2025-01-09 16:58:00,1218,2025-01-09 16:58:00
117,19,2025-01-09 17:00:00,1218,2025-01-09 17:00:00
116,20,2025-01-09 17:01:00,1218,2025-01-09 17:01:00
115,21,2025-01-09 17:03:00,1218,2025-01-09 17:03:00
114,22,2025-01-09 17:05:00,1218,2025-01-09 17:05:00
113,23,2025-01-09 17:07:00,1218,2025-01-09 17:07:00
112,24,2025-01-09 17:09:00,1218,2025-01-09 17:09:00
111,25,2025-01-09 17:11:00,1218,2025-01-09 17:11:00
110,26,2025-01-09 17:13:00,1218,2025-01-09 17:13:00
109,27,2025-01-09 17:15:00,1218,2025-01-09 17:15:00
108,28,2025-01-09 17:17:00,1218,2025-01-09 17:17:00
107,29,2025-01-09 17:19:00,1218,2025-01-09 17:19:00
106,30,2025-01-09 17:22:00,1218,2025-01-09 17:22:00
105,31,2025-01-09 17:23:00,1218,2025-01-09 17:23:00
104,32,2025-01-09 17:25:00,1218,2025-01-09 17:25:00
103,33,2025-01-09 17:29:00,1218,2025-01-09 17:29:00
102,34,2025-01-09 17:32:00,1218,2025-01-09 17:32:00
101,35,2025-01-09 17:35:00,1218,2025-01-09 17:35:00
100,36,2025-01-09 17:39:00,1218,2025-01-09 17:39:00
136,0,2025-01-09 16:28:00,1219,2025-01-09 16:28:00
135,1,2025-01-09 16:30:00,1219,2025-01-09 16:30:00
134,2,2025-01-09 16:32:00,1219,2025-01-09 16:32:00
133,3,2025-01-09 16:34:00,1219,2025-01-09 16:34:00
132,4,2025-01-09 16:37:00,1219,2025-01-09 16:37:00
131,5,2025-01-09 16:38:00,1219,2025-01-09 16:38:00
130,6,2025-01-09 16:40:00,1219,2025-01-09 16:40:00
129,7,2025-01-09 16:42:00,1219,2025-01-09 16:42:00
128,8,2025-01-09 16:44:00,1219,2025-01-09 16:44:00
127,9,2025-01-09 16:46:00,1219,2025-01-09 16:46:00
126,10,2025-01-09 16:49:00,1219,2025-01-09 16:49:00
125,11,2025-01-09 16:52:00,1219,2025-01-09 16:52:00
124,12,2025-01-09 16:54:00,1219,2025-01-09 16:54:00
123,13,2025-01-09 16:57:00,1219,2025-01-09 16:57:00
122,14,2025-01-09 16:59:00,1219,2025-01-09 16:59:00
121,15,2025-01-09 17:01:00,1219,2025-01-09 17:01:00
120,16,2025-01-09 17:04:00,1219,2025-01-09 17:04:00
119,17,2025-01-09 17:06:00,1219,2025-01-09 17:06:00
118,18,2025-01-09 17:08:00,1219,2025-01-09 17:08:00
117,19,2025-01-09 17:10:00,1219,2025-01-09 17:10:00
116,20,2025-01-09 17:11:00,1219,2025-01-09 17:11:00
115,21,2025-01-09 17:13:00,1219,2025-01-09 17:13:00
114,22,2025-01-09 17:15:00,1219,2025-01-09 17:15:00
113,23,2025-01-09 17:17:00,1219,2025-01-09 17:17:00
112,24,2025-01-09 17:19:00,1219,2025-01-09 17:19:00
111,25,2025-01-09 17:21:00,1219,2025-01-09 17:21:00
110,26,2025-01-09 17:23:00,1219,2025-01-09 17:23:00
109,27,2025-01-09 17:25:00,1219,2025-01-09 17:25:00
108,28,2025-01-09 17:27:00,1219,2025-01-09 17:27:00
107,29,2025-01-09 17:29:00,1219,2025-01-09 17:29:00
106,30,2025-01-09 17:32:00,1219,2025-01-09 17:32:00
105,31,2025-01-09 17:33:00,1219,2025-01-09 17:33:00
104,32,2025-01-09 17:35:00,1219,2025-01-09 17:35:00
103,33,2025-01-09 17:39:00,1219,2025-01-09 17:39:00
102,34,2025-01-09 17:42:00,1219,2025-01-09 17:42:00
101,35,2025-01-09 17:45:00,1219,2025-01-09 17:45:00
100,36,2025-01-09 17:49:00,1219,2025-01-09 17:49:00
136,0,2025-01-09 16:38:00,1220,2025-01-09 16:38:00
135,1,2025-01-09 16:40:00,1220,2025-01-09 16:40:00
134,2,2025-01-09 16:42:00,1220,2025-01-09 16:42:00
133,3,2025-01-09 16:44:00,1220,2025-01-09 16:44:00
132,4,2025-01-09 16:47:00,1220,2025-01-09 16:47:00
131,5,2025-01-09 16:48:00,1220,2025-01-09 16:48:00
130,6,2025-01-09 16:50:00,1220,2025-01-09 16:50:00
129,7,2025-01-09 16:52:00,1220,2025-01-09 16:52:00
128,8,2025-01-09 16:54:00,1220,2025-01-09 16:54:00
127,9,2025-01-09 16:56:00,1220,2025-01-09 16:56:00
126,10,2025-01-09 16:59:00,1220,2025-01-09 16:59:00
125,11,2025-01-09 17:02:00,1220,2025-01-09 17:02:00
124,12,2025-01-09 17:04:00,1220,2025-01-09 17:04:00
123,13,2025-01-09 17:07:00,1220,2025-01-09 17:07:00
122,14,2025-01-09 17:09:00,1220,2025-01-09 17:09:00
121,15,2025-01-09 17:11:00,1220,2025-01-09 17:11:00
120,16,2025-01-09 17:14:00,1220,2025-01-09 17:14:00
119,17,2025-01-09 17:16:00,1220,2025-01-09 17:16:00
118,18,2025-01-09 17:18:00,1220,2025-01-09 17:18:00
117,19,2025-01-09 17:20:00,1220,2025-01-09 17:20:00
116,20,2025-01-09 17:21:00,1220,2025-01-09 17:21:00
115,21,2025-01-09 17:23:00,1220,2025-01-09 17:23:00
114,22,2025-01-09 17:25:00,1220,2025-01-09 17:25:00
113,23,2025-01-09 17:27:00,1220,2025-01-09 17:27:00
112,24,2025-01-09 17:29:00,1220,2025-01-09 17:29:00
111,25,2025-01-09 17:31:00,1220,2025-01-09 17:31:00
110,26,2025-01-09 17:33:00,1220,2025-01-09 17:33:00
109,27,2025-01-09 17:35:00,1220,2025-01-09 17:35:00
108,28,2025-01-09 17:37:00,1220,2025-01-09 17:37:00
107,29,2025-01-09 17:39:00,1220,2025-01-09 17:39:00
106,30,2025-01-09 17:42:00,1220,2025-01-09 17:42:00
105,31,2025-01-09 17:43:00,1220,2025-01-09 17:43:00
104,32,2025-01-09 17:45:00,1220,2025-01-09 17:45:00
103,33,2025-01-09 17:49:00,1220,2025-01-09 17:49:00
102,34,2025-01-09 17:52:00,1220,2025-01-09 17:52:00
101,35,2025-01-09 17:55:00,1220,2025-01-09 17:55:00
100,36,2025-01-09 17:59:00,1220,2025-01-09 17:59:00
136,0,2025-01-09 16:48:00,1221,2025-01-09 16:48:00
135,1,2025-01-09 16:50:00,1221,2025-01-09 16:50:00
134,2,2025-01-09 16:52:00,1221,2025-01-09 16:52:00
133,3,2025-01-09 16:54:00,1221,2025-01-09 16:54:00
132,4,2025-01-09 16:57:00,1221,2025-01-09 16:57:00
131,5,2025-01-09 16:58:00,1221,2025-01-09 16:58:00
130,6,2025-01-09 17:00:00,1221,2025-01-09 17:00:00
129,7,2025-01-09 17:02:00,1221,2025-01-09 17:02:00
128,8,2025-01-09 17:04:00,1221,2025-01-09 17:04:00
127,9,2025-01-09 17:06:00,1221,2025-01-09 17:06:00
126,10,2025-01-09 17:09:00,1221,2025-01-09 17:09:00
125,11,2025-01-09 17:12:00,1221,2025-01-09 17:12:00
124,12,2025-01-09 17:14:00,1221,2025-01-09 17:14:00
123,13,2025-01-09 17:17:00,1221,2025-01-09 17:17:00
122,14,2025-01-09 17:19:00,1221,2025-01-09 17:19:00
121,15,2025-01-09 17:21:00,1221,2025-01-09 17:21:00
120,16,2025-01-09 17:24:00,1221,2025-01-09 17:24:00
119,17,2025-01-09 17:26:00,1221,2025-01-09 17:26:00
118,18,2025-01-09 17:28:00,1221,2025-01-09 17:28:00
117,19,2025-01-09 17:30:00,1221,2025-01-09 17:30:00
116,20,2025-01-09 17:31:00,1221,2025-01-09 17:31:00
115,21,2025-01-09 17:33:00,1221,2025-01-09 17:33:00
114,22,2025-01-09 17:35:00,1221,2025-01-09 17:35:00
113,23,2025-01-09 17:37:00,1221,2025-01-09 17:37:00
112,24,2025-01-09 17:39:00,1221,2025-01-09 17:39:00
111,25,2025-01-09 17:41:00,1221,2025-01-09 17:41:00
110,26,2025-01-09 17:43:00,1221,2025-01-09 17:43:00
109,27,2025-01-09 17:45:00,1221,2025-01-09 17:45:00
108,28,2025-01-09 17:47:00,1221,2025-01-09 17:47:00
107,29,2025-01-09 17:49:00,1221,2025-01-09 17:49:00
106,30,2025-01-09 17:52:00,1221,2025-01-09 17:52:00
105,31,2025-01-09 17:53:00,1221,2025-01-09 17:53:00
104,32,2025-01-09 17:55:00,1221,2025-01-09 17:55:00
103,33,2025-01-09 17:59:00,1221,2025-01-09 17:59:00
102,34,2025-01-09 18:02:00,1221,2025-01-09 18:02:00
101,35,2025-01-09 18:05:00,1221,2025-01-09 18:05:00
100,36,2025-01-09 18:09:00,1221,2025-01-09 18:09:00
136,0,2025-01-09 16:58:00,1222,2025-01-09 16:58:00
135,1,2025-01-09 17:00:00,1222,2025-01-09 17:00:00
134,2,2025-01-09 17:02:00,1222,2025-01-09 17:02:00
133,3,2025-01-09 17:04:00,1222,2025-01-09 17:04:00
132,4,2025-01-09 17:07:00,1222,2025-01-09 17:07:00
131,5,2025-01-09 17:08:00,1222,2025-01-09 17:08:00
130,6,2025-01-09 17:10:00,1222,2025-01-09 17:10:00
129,7,2025-01-09 17:12:00,1222,2025-01-09 17:12:00
128,8,2025-01-09 17:14:00,1222,2025-01-09 17:14:00
127,9,2025-01-09 17:16:00,1222,2025-01-09 17:16:00
126,10,2025-01-09 17:19:00,1222,2025-01-09 17:19:00
125,11,2025-01-09 17:22:00,1222,2025-01-09 17:22:00
124,12,2025-01-09 17:24:00,1222,2025-01-09 17:24:00
123,13,2025-01-09 17:27:00,1222,2025-01-09 17:27:00
122,14,2025-01-09 17:29:00,1222,2025-01-09 17:29:00
121,15,2025-01-09 17:31:00,1222,2025-01-09 17:31:00
120,16,2025-01-09 17:34:00,1222,2025-01-09 17:34:00
119,17,2025-01-09 17:36:00,1222,2025-01-09 17:36:00
118,18,2025-01-09 17:38:00,1222,2025-01-09 17:38:00
117,19,2025-01-09 17:40:00,1222,2025-01-09 17:40:00
116,20,2025-01-09 17:41:00,1222,2025-01-09 17:41:00
115,21,2025-01-09 17:43:00,1222,2025-01-09 17:43:00
114,22,2025-01-09 17:45:00,1222,2025-01-09 17:45:00
113,23,2025-01-09 17:47:00,1222,2025-01-09 17:47:00
112,24,2025-01-09 17:49:00,1222,2025-01-09 17:49:00
111,25,2025-01-09 17:51:00,1222,2025-01-09 17:51:00
110,26,2025-01-09 17:53:00,1222,2025-01-09 17:53:00
109,27,2025-01-09 17:55:00,1222,2025-01-09 17:55:00
108,28,2025-01-09 17:57:00,1222,2025-01-09 17:57:00
107,29,2025-01-09 17:59:00,1222,2025-01-09 17:59:00
106,30,2025-01-09 18:02:00,1222,2025-01-09 18:02:00
105,31,2025-01-09 18:03:00,1222,2025-01-09 18:03:00
104,32,2025-01-09 18:05:00,1222,2025-01-09 18:05:00
103,33,2025-01-09 18:09:00,1222,2025-01-09 18:09:00
102,34,2025-01-09 18:12:00,1222,2025-01-09 18:12:00
101,35,2025-01-09 18:15:00,1222,2025-01-09 18:15:00
100,36,2025-01-09 18:19:00,1222,2025-01-09 18:19:00
136,0,2025-01-09 17:08:00,1223,2025-01-09 17:08:00
135,1,2025-01-09 17:10:00,1223,2025-01-09 17:10:00
134,2,2025-01-09 17:12:00,1223,2025-01-09 17:12:00
133,3,2025-01-09 17:14:00,1223,2025-01-09 17:14:00
132,4,2025-01-09 17:17:00,1223,2025-01-09 17:17:00
131,5,2025-01-09 17:18:00,1223,2025-01-09 17:18:00
130,6,2025-01-09 17:20:00,1223,2025-01-09 17:20:00
129,7,2025-01-09 17:22:00,1223,2025-01-09 17:22:00
128,8,2025-01-09 17:24:00,1223,2025-01-09 17:24:00
127,9,2025-01-09 17:26:00,1223,2025-01-09 17:26:00
126,10,2025-01-09 17:29:00,1223,2025-01-09 17:29:00
125,11,2025-01-09 17:32:00,1223,2025-01-09 17:32:00
124,12,2025-01-09 17:34:00,1223,2025-01-09 17:34:00
123,13,2025-01-09 17:37:00,1223,2025-01-09 17:37:00
122,14,2025-01-09 17:39:00,1223,2025-01-09 17:39:00
121,15,2025-01-09 17:41:00,1223,2025-01-09 17:41:00
120,16,2025-01-09 17:44:00,1223,2025-01-09 17:44:00
119,17,2025-01-09 17:46:00,1223,2025-01-09 17:46:00
118,18,2025-01-09 17:48:00,1223,2025-01-09 17:48:00
117,19,2025-01-09 17:50:00,1223,2025-01-09 17:50:00
116,20,2025-01-09 17:51:00,1223,2025-01-09 17:51:00
115,21,2025-01-09 17:53:00,1223,2025-01-09 17:53:00
114,22,2025-01-09 17:55:00,1223,2025-01-09 17:55:00
113,23,2025-01-09 17:57:00,1223,2025-01-09 17:57:00
112,24,2025-01-09 17:59:00,1223,2025-01-09 17:59:00
111,25,2025-01-09 18:01:00,1223,2025-01-09 18:01:00
110,26,2025-01-09 18:03:00,1223,2025-01-09 18:03:00
109,27,2025-01-09 18:05:00,1223,2025-01-09 18:05:00
108,28,2025-01-09 18:07:00,1223,2025-01-09 18:07:00
107,29,2025-01-09 18:09:00,1223,2025-01-09 18:09:00
106,30,2025-01-09 18:12:00,1223,2025-01-09 18:12:00
105,31,2025-01-09 18:13:00,1223,2025-01-09 18:13:00
104,32,2025-01-09 18:15:00,1223,2025-01-09 18:15:00
103,33,2025-01-09 18:19:00,1223,2025-01-09 18:19:00
102,34,2025-01-09 18:22:00,1223,2025-01-09 18:22:00
101,35,2025-01-09 18:25:00,1223,2025-01-09 18:25:00
100,36,2025-01-09 18:29:00,1223,2025-01-09 18:29:00
136,0,2025-01-09 17:18:00,1224,2025-01-09 17:18:00
135,1,2025-01-09 17:20:00,1224,2025-01-09 17:20:00
134,2,2025-01-09 17:22:00,1224,2025-01-09 17:22:00
133,3,2025-01-09 17:24:00,1224,2025-01-09 17:24:00
132,4,2025-01-09 17:27:00,1224,2025-01-09 17:27:00
131,5,2025-01-09 17:28:00,1224,2025-01-09 17:28:00
130,6,2025-01-09 17:30:00,1224,2025-01-09 17:30:00
129,7,2025-01-09 17:32:00,1224,2025-01-09 17:32:00
128,8,2025-01-09 17:34:00,1224,2025-01-09 17:34:00
127,9,2025-01-09 17:36:00,1224,2025-01-09 17:36:00
126,10,2025-01-09 17:39:00,1224,2025-01-09 17:39:00
125,11,2025-01-09 17:42:00,1224,2025-01-09 17:42:00
124,12,2025-01-09 17:44:00,1224,2025-01-09 17:44:00
123,13,2025-01-09 17:47:00,1224,2025-01-09 17:47:00
122,14,2025-01-09 17:49:00,1224,2025-01-09 17:49:00
121,15,2025-01-09 17:51:00,1224,2025-01-09 17:51:00
120,16,2025-01-09 17:54:00,1224,2025-01-09 17:54:00
119,17,2025-01-09 17:56:00,1224,2025-01-09 17:56:00
118,18,2025-01-09 17:58:00,1224,2025-01-09 17:58:00
117,19,2025-01-09 18:00:00,1224,2025-01-09 18:00:00
116,20,2025-01-09 18:01:00,1224,2025-01-09 18:01:00
115,21,2025-01-09 18:03:00,1224,2025-01-09 18:03:00
114,22,2025-01-09 18:05:00,1224,2025-01-09 18:05:00
113,23,2025-01-09 18:07:00,1224,2025-01-09 18:07:00
112,24,2025-01-09 18:09:00,1224,2025-01-09 18:09:00
111,25,2025-01-09 18:11:00,1224,2025-01-09 18:11:00
110,26,2025-01-09 18:13:00,1224,2025-01-09 18:13:00
109,27,2025-01-09 18:15:00,1224,2025-01-09 18:15:00
108,28,2025-01-09 18:17:00,1224,2025-01-09 18:17:00
107,29,2025-01-09 18:19:00,1224,2025-01-09 18:19:00
106,30,2025-01-09 18:22:00,1224,2025-01-09 18:22:00
105,31,2025-01-09 18:23:00,1224,2025-01-09 18:23:00
104,32,2025-01-09 18:25:00,1224,2025-01-09 18:25:00
103,33,2025-01-09 18:29:00,1224,2025-01-09 18:29:00
102,34,2025-01-09 18:32:00,1224,2025-01-09 18:32:00
101,35,2025-01-09 18:35:00,1224,2025-01-09 18:35:00
100,36,2025-01-09 18:39:00,1224,2025-01-09 18:39:00
136,0,2025-01-09 17:28:00,1225,2025-01-09 17:28:00
135,1,2025-01-09 17:30:00,1225,2025-01-09 17:30:00
134,2,2025-01-09 17:32:00,1225,2025-01-09 17:32:00
133,3,2025-01-09 17:34:00,1225,2025-01-09 17:34:00
132,4,2025-01-09 17:37:00,1225,2025-01-09 17:37:00
131,5,2025-01-09 17:38:00,1225,2025-01-09 17:38:00
130,6,2025-01-09 17:40:00,1225,2025-01-09 17:40:00
129,7,2025-01-09 17:42:00,1225,2025-01-09 17:42:00
128,8,2025-01-09 17:44:00,1225,2025-01-09 17:44:00
127,9,2025-01-09 17:46:00,1225,2025-01-09 17:46:00
126,10,2025-01-09 17:49:00,1225,2025-01-09 17:49:00
125,11,2025-01-09 17:52:00,1225,2025-01-09 17:52:00
124,12,2025-01-09 17:54:00,1225,2025-01-09 17:54:00
123,13,2025-01-09 17:57:00,1225,2025-01-09 17:57:00
122,14,2025-01-09 17:59:00,1225,2025-01-09 17:59:00
121,15,2025-01-09 18:01:00,1225,2025-01-09 18:01:00
120,16,2025-01-09 18:04:00,1225,2025-01-09 18:04:00
119,17,2025-01-09 18:06:00,1225,2025-01-09 18:06:00
118,18,2025-01-09 18:08:00,1225,2025-01-09 18:08:00
117,19,2025-01-09 18:10:00,1225,2025-01-09 18:10:00
116,20,2025-01-09 18:11:00,1225,2025-01-09 18:11:00
115,21,2025-01-09 18:13:00,1225,2025-01-09 18:13:00
114,22,2025-01-09 18:15:00,1225,2025-01-09 18:15:00
113,23,2025-01-09 18:17:00,1225,2025-01-09 18:17:00
112,24,2025-01-09 18:19:00,1225,2025-01-09 18:19:00
111,25,2025-01-09 18:21:00,1225,2025-01-09 18:21:00
110,26,2025-01-09 18:23:00,1225,2025-01-09 18:23:00
109,27,2025-01-09 18:25:00,1225,2025-01-09 18:25:00
108,28,2025-01-09 18:27:00,1225,2025-01-09 18:27:00
107,29,2025-01-09 18:29:00,1225,2025-01-09 18:29:00
106,30,2025-01-09 18:32:00,1225,2025-01-09 18:32:00
105,31,2025-01-09 18:33:00,1225,2025-01-09 18:33:00
104,32,2025-01-09 18:35:00,1225,2025-01-09 18:35:00
103,33,2025-01-09 18:39:00,1225,2025-01-09 18:39:00
102,34,2025-01-09 18:42:00,1225,2025-01-09 18:42:00
101,35,2025-01-09 18:45:00,1225,2025-01-09 18:45:00
100,36,2025-01-09 18:49:00,1225,2025-01-09 18:49:00
136,0,2025-01-09 17:38:00,1226,2025-01-09 17:38:00
135,1,2025-01-09 17:40:00,1226,2025-01-09 17:40:00
134,2,2025-01-09 17:42:00,1226,2025-01-09 17:42:00
133,3,2025-01-09 17:44:00,1226,2025-01-09 17:44:00
132,4,2025-01-09 17:47:00,1226,2025-01-09 17:47:00
131,5,2025-01-09 17:48:00,1226,2025-01-09 17:48:00
130,6,2025-01-09 17:50:00,1226,2025-01-09 17:50:00
129,7,2025-01-09 17:52:00,1226,2025-01-09 17:52:00
128,8,2025-01-09 17:54:00,1226,2025-01-09 17:54:00
127,9,2025-01-09 17:56:00,1226,2025-01-09 17:56:00
126,10,2025-01-09 17:59:00,1226,2025-01-09 17:59:00
125,11,2025-01-09 18:02:00,1226,2025-01-09 18:02:00
124,12,2025-01-09 18:04:00,1226,2025-01-09 18:04:00
123,13,2025-01-09 18:07:00,1226,2025-01-09 18:07:00
122,14,2025-01-09 18:09:00,1226,2025-01-09 18:09:00
121,15,2025-01-09 18:11:00,1226,2025-01-09 18:11:00
120,16,2025-01-09 18:14:00,1226,2025-01-09 18:14:00
119,17,2025-01-09 18:16:00,1226,2025-01-09 18:16:00
118,18,2025-01-09 18:18:00,1226,2025-01-09 18:18:00
117,19,2025-01-09 18:20:00,1226,2025-01-09 18:20:00
116,20,2025-01-09 18:21:00,1226,2025-01-09 18:21:00
115,21,2025-01-09 18:23:00,1226,2025-01-09 18:23:00
114,22,2025-01-09 18:25:00,1226,2025-01-09 18:25:00
113,23,2025-01-09 18:27:00,1226,2025-01-09 18:27:00
112,24,2025-01-09 18:29:00,1226,2025-01-09 18:29:00
111,25,2025-01-09 18:31:00,1226,2025-01-09 18:31:00
110,26,2025-01-09 18:33:00,1226,2025-01-09 18:33:00
109,27,2025-01-09 18:35:00,1226,2025-01-09 18:35:00
108,28,2025-01-09 18:37:00,1226,2025-01-09 18:37:00
107,29,2025-01-09 18:39:00,1226,2025-01-09 18:39:00
106,30,2025-01-09 18:42:00,1226,2025-01-09 18:42:00
105,31,2025-01-09 18:43:00,1226,2025-01-09 18:43:00
104,32,2025-01-09 18:45:00,1226,2025-01-09 18:45:00
103,33,2025-01-09 18:49:00,1226,2025-01-09 18:49:00
102,34,2025-01-09 18:52:00,1226,2025-01-09 18:52:00
101,35,2025-01-09 18:55:00,1226,2025-01-09 18:55:00
100,36,2025-01-09 18:59:00,1226,2025-01-09 18:59:00
136,0,2025-01-09 17:45:00,1227,2025-01-09 17:45:00
135,1,2025-01-09 17:47:00,1227,2025-01-09 17:47:00
134,2,2025-01-09 17:49:00,1227,2025-01-09 17:49:00
133,3,2025-01-09 17:51:00,1227,2025-01-09 17:51:00
132,4,2025-01-09 17:54:00,1227,2025-01-09 17:54:00
131,5,2025-01-09 17:55:00,1227,2025-01-09 17:55:00
130,6,2025-01-09 17:57:00,1227,2025-01-09 17:57:00
129,7,2025-01-09 17:59:00,1227,2025-01-09 17:59:00
128,8,2025-01-09 18:01:00,1227,2025-01-09 18:01:00
127,9,2025-01-09 18:03:00,1227,2025-01-09 18:03:00
126,10,2025-01-09 18:06:00,1227,2025-01-09 18:06:00
125,11,2025-01-09 18:09:00,1227,2025-01-09 18:09:00
124,12,2025-01-09 18:11:00,1227,2025-01-09 18:11:00
123,13,2025-01-09 18:14:00,1227,2025-01-09 18:14:00
122,14,2025-01-09 18:16:00,1227,2025-01-09 18:16:00
121,15,2025-01-09 18:18:00,1227,2025-01-09 18:18:00
120,16,2025-01-09 18:21:00,1227,2025-01-09 18:21:00
119,17,2025-01-09 18:23:00,1227,2025-01-09 18:23:00
118,18,2025-01-09 18:25:00,1227,2025-01-09 18:25:00
117,19,2025-01-09 18:27:00,1227,2025-01-09 18:27:00
116,20,2025-01-09 18:28:00,1227,2025-01-09 18:28:00
115,21,2025-01-09 18:30:00,1227,2025-01-09 18:30:00
114,22,2025-01-09 18:32:00,1227,2025-01-09 18:32:00
113,23,2025-01-09 18:34:00,1227,2025-01-09 18:34:00
112,24,2025-01-09 18:36:00,1227,2025-01-09 18:36:00
111,25,2025-01-09 18:38:00,1227,2025-01-09 18:38:00
110,26,2025-01-09 18:40:00,1227,2025-01-09 18:40:00
109,27,2025-01-09 18:42:00,1227,2025-01-09 18:42:00
108,28,2025-01-09 18:44:00,1227,2025-01-09 18:44:00
107,29,2025-01-09 18:46:00,1227,2025-01-09 18:46:00
106,30,2025-01-09 18:49:00,1227,2025-01-09 18:49:00
105,31,2025-01-09 18:50:00,1227,2025-01-09 18:50:00
104,32,2025-01-09 18:52:00,1227,2025-01-09 18:52:00
103,33,2025-01-09 18:56:00,1227,2025-01-09 18:56:00
102,34,2025-01-09 18:59:00,1227,2025-01-09 18:59:00
101,35,2025-01-09 19:02:00,1227,2025-01-09 19:02:00
100,36,2025-01-09 19:06:00,1227,2025-01-09 19:06:00
136,0,2025-01-09 17:54:00,1228,2025-01-09 17:54:00
135,1,2025-01-09 17:56:00,1228,2025-01-09 17:56:00
134,2,2025-01-09 17:58:00,1228,2025-01-09 17:58:00
133,3,2025-01-09 18:00:00,1228,2025-01-09 18:00:00
132,4,2025-01-09 18:03:00,1228,2025-01-09 18:03:00
131,5,2025-01-09 18:04:00,1228,2025-01-09 18:04:00
130,6,2025-01-09 18:06:00,1228,2025-01-09 18:06:00
129,7,2025-01-09 18:08:00,1228,2025-01-09 18:08:00
128,8,2025-01-09 18:10:00,1228,2025-01-09 18:10:00
127,9,2025-01-09 18:12:00,1228,2025-01-09 18:12:00
126,10,2025-01-09 18:15:00,1228,2025-01-09 18:15:00
125,11,2025-01-09 18:18:00,1228,2025-01-09 18:18:00
124,12,2025-01-09 18:20:00,1228,2025-01-09 18:20:00
123,13,2025-01-09 18:23:00,1228,2025-01-09 18:23:00
122,14,2025-01-09 18:25:00,1228,2025-01-09 18:25:00
121,15,2025-01-09 18:27:00,1228,2025-01-09 18:27:00
120,16,2025-01-09 18:30:00,1228,2025-01-09 18:30:00
119,17,2025-01-09 18:32:00,1228,2025-01-09 18:32:00
118,18,2025-01-09 18:34:00,1228,2025-01-09 18:34:00
117,19,2025-01-09 18:36:00,1228,2025-01-09 18:36:00
116,20,2025-01-09 18:37:00,1228,2025-01-09 18:37:00
115,21,2025-01-09 18:39:00,1228,2025-01-09 18:39:00
114,22,2025-01-09 18:41:00,1228,2025-01-09 18:41:00
113,23,2025-01-09 18:43:00,1228,2025-01-09 18:43:00
112,24,2025-01-09 18:45:00,1228,2025-01-09 18:45:00
111,25,2025-01-09 18:47:00,1228,2025-01-09 18:47:00
110,26,2025-01-09 18:49:00,1228,2025-01-09 18:49:00
109,27,2025-01-09 18:51:00,1228,2025-01-09 18:51:00
108,28,2025-01-09 18:53:00,1228,2025-01-09 18:53:00
107,29,2025-01-09 18:55:00,1228,2025-01-09 18:55:00
106,30,2025-01-09 18:58:00,1228,2025-01-09 18:58:00
105,31,2025-01-09 18:59:00,1228,2025-01-09 18:59:00
104,32,2025-01-09 19:01:00,1228,2025-01-09 19:01:00
103,33,2025-01-09 19:05:00,1228,2025-01-09 19:05:00
102,34,2025-01-09 19:08:00,1228,2025-01-09 19:08:00
101,35,2025-01-09 19:11:00,1228,2025-01-09 19:11:00
100,36,2025-01-09 19:15:00,1228,2025-01-09 19:15:00
136,0,2025-01-09 18:03:00,1229,2025-01-09 18:03:00
135,1,2025-01-09 18:05:00,1229,2025-01-09 18:05:00
134,2,2025-01-09 18:07:00,1229,2025-01-09 18:07:00
133,3,2025-01-09 18:09:00,1229,2025-01-09 18:09:00
132,4,2025-01-09 18:12:00,1229,2025-01-09 18:12:00
131,5,2025-01-09 18:13:00,1229,2025-01-09 18:13:00
130,6,2025-01-09 18:15:00,1229,2025-01-09 18:15:00
129,7,2025-01-09 18:17:00,1229,2025-01-09 18:17:00
128,8,2025-01-09 18:19:00,1229,2025-01-09 18:19:00
127,9,2025-01-09 18:21:00,1229,2025-01-09 18:21:00
126,10,2025-01-09 18:24:00,1229,2025-01-09 18:24:00
125,11,2025-01-09 18:27:00,1229,2025-01-09 18:27:00
124,12,2025-01-09 18:29:00,1229,2025-01-09 18:29:00
123,13,2025-01-09 18:32:00,1229,2025-01-09 18:32:00
122,14,2025-01-09 18:34:00,1229,2025-01-09 18:34:00
121,15,2025-01-09 18:36:00,1229,2025-01-09 18:36:00
120,16,2025-01-09 18:39:00,1229,2025-01-09 18:39:00
119,17,2025-01-09 18:41:00,1229,2025-01-09 18:41:00
118,18,2025-01-09 18:43:00,1229,2025-01-09 18:43:00
117,19,2025-01-09 18:45:00,1229,2025-01-09 18:45:00
116,20,2025-01-09 18:46:00,1229,2025-01-09 18:46:00
115,21,2025-01-09 18:48:00,1229,2025-01-09 18:48:00
114,22,2025-01-09 18:50:00,1229,2025-01-09 18:50:00
113,23,2025-01-09 18:52:00,1229,2025-01-09 18:52:00
112,24,2025-01-09 18:54:00,1229,2025-01-09 18:54:00
111,25,2025-01-09 18:56:00,1229,2025-01-09 18:56:00
110,26,2025-01-09 18:58:00,1229,2025-01-09 18:58:00
109,27,2025-01-09 19:00:00,1229,2025-01-09 19:00:00
108,28,2025-01-09 19:02:00,1229,2025-01-09 19:02:00
107,29,2025-01-09 19:04:00,1229,2025-01-09 19:04:00
106,30,2025-01-09 19:07:00,1229,2025-01-09 19:07:00
105,31,2025-01-09 19:08:00,1229,2025-01-09 19:08:00
104,32,2025-01-09 19:10:00,1229,2025-01-09 19:10:00
103,33,2025-01-09 19:14:00,1229,2025-01-09 19:14:00
102,34,2025-01-09 19:17:00,1229,2025-01-09 19:17:00
101,35,2025-01-09 19:20:00,1229,2025-01-09 19:20:00
100,36,2025-01-09 19:24:00,1229,2025-01-09 19:24:00
136,0,2025-01-09 18:12:00,1230,2025-01-09 18:12:00
135,1,2025-01-09 18:14:00,1230,2025-01-09 18:14:00
134,2,2025-01-09 18:16:00,1230,2025-01-09 18:16:00
133,3,2025-01-09 18:18:00,1230,2025-01-09 18:18:00
132,4,2025-01-09 18:21:00,1230,2025-01-09 18:21:00
131,5,2025-01-09 18:22:00,1230,2025-01-09 18:22:00
130,6,2025-01-09 18:24:00,1230,2025-01-09 18:24:00
129,7,2025-01-09 18:26:00,1230,2025-01-09 18:26:00
128,8,2025-01-09 18:28:00,1230,2025-01-09 18:28:00
127,9,2025-01-09 18:30:00,1230,2025-01-09 18:30:00
126,10,2025-01-09 18:33:00,1230,2025-01-09 18:33:00
125,11,2025-01-09 18:36:00,1230,2025-01-09 18:36:00
124,12,2025-01-09 18:38:00,1230,2025-01-09 18:38:00
123,13,2025-01-09 18:41:00,1230,2025-01-09 18:41:00
122,14,2025-01-09 18:43:00,1230,2025-01-09 18:43:00
121,15,2025-01-09 18:45:00,1230,2025-01-09 18:45:00
120,16,2025-01-09 18:48:00,1230,2025-01-09 18:48:00
119,17,2025-01-09 18:50:00,1230,2025-01-09 18:50:00
118,18,2025-01-09 18:52:00,1230,2025-01-09 18:52:00
117,19,2025-01-09 18:54:00,1230,2025-01-09 18:54:00
116,20,2025-01-09 18:55:00,1230,2025-01-09 18:55:00
115,21,2025-01-09 18:57:00,1230,2025-01-09 18:57:00
114,22,2025-01-09 18:59:00,1230,2025-01-09 18:59:00
113,23,2025-01-09 19:01:00,1230,2025-01-09 19:01:00
112,24,2025-01-09 19:03:00,1230,2025-01-09 19:03:00
111,25,2025-01-09 19:05:00,1230,2025-01-09 19:05:00
110,26,2025-01-09 19:07:00,1230,2025-01-09 19:07:00
109,27,2025-01-09 19:09:00,1230,2025-01-09 19:09:00
108,28,2025-01-09 19:11:00,1230,2025-01-09 19:11:00
107,29,2025-01-09 19:13:00,1230,2025-01-09 19:13:00
106,30,2025-01-09 19:16:00,1230,2025-01-09 19:16:00
105,31,2025-01-09 19:17:00,1230,2025-01-09 19:17:00
104,32,2025-01-09 19:19:00,1230,2025-01-09 19:19:00
103,33,2025-01-09 19:23:00,1230,2025-01-09 19:23:00
102,34,2025-01-09 19:26:00,1230,2025-01-09 19:26:00
101,35,2025-01-09 19:29:00,1230,2025-01-09 19:29:00
100,36,2025-01-09 19:33:00,1230,2025-01-09 19:33:00
136,0,2025-01-09 18:21:00,1231,2025-01-09 18:21:00
135,1,2025-01-09 18:23:00,1231,2025-01-09 18:23:00
134,2,2025-01-09 18:25:00,1231,2025-01-09 18:25:00
133,3,2025-01-09 18:27:00,1231,2025-01-09 18:27:00
132,4,2025-01-09 18:30:00,1231,2025-01-09 18:30:00
131,5,2025-01-09 18:31:00,1231,2025-01-09 18:31:00
130,6,2025-01-09 18:33:00,1231,2025-01-09 18:33:00
129,7,2025-01-09 18:35:00,1231,2025-01-09 18:35:00
128,8,2025-01-09 18:37:00,1231,2025-01-09 18:37:00
127,9,2025-01-09 18:39:00,1231,2025-01-09 18:39:00
126,10,2025-01-09 18:42:00,1231,2025-01-09 18:42:00
125,11,2025-01-09 18:45:00,1231,2025-01-09 18:45:00
124,12,2025-01-09 18:47:00,1231,2025-01-09 18:47:00
123,13,2025-01-09 18:50:00,1231,2025-01-09 18:50:00
122,14,2025-01-09 18:52:00,1231,2025-01-09 18:52:00
121,15,2025-01-09 18:54:00,1231,2025-01-09 18:54:00
120,16,2025-01-09 18:57:00,1231,2025-01-09 18:57:00
119,17,2025-01-09 18:59:00,1231,2025-01-09 18:59:00
118,18,2025-01-09 19:01:00,1231,2025-01-09 19:01:00
117,19,2025-01-09 19:03:00,1231,2025-01-09 19:03:00
116,20,2025-01-09 19:04:00,1231,2025-01-09 19:04:00
115,21,2025-01-09 19:06:00,1231,2025-01-09 19:06:00
114,22,2025-01-09 19:08:00,1231,2025-01-09 19:08:00
113,23,2025-01-09 19:10:00,1231,2025-01-09 19:10:00
112,24,2025-01-09 19:12:00,1231,2025-01-09 19:12:00
111,25,2025-01-09 19:14:00,1231,2025-01-09 19:14:00
110,26,2025-01-09 19:16:00,1231,2025-01-09 19:16:00
109,27,2025-01-09 19:18:00,1231,2025-01-09 19:18:00
108,28,2025-01-09 19:20:00,1231,2025-01-09 19:20:00
107,29,2025-01-09 19:22:00,1231,2025-01-09 19:22:00
106,30,2025-01-09 19:25:00,1231,2025-01-09 19:25:00
105,31,2025-01-09 19:26:00,1231,2025-01-09 19:26:00
104,32,2025-01-09 19:28:00,1231,2025-01-09 19:28:00
103,33,2025-01-09 19:32:00,1231,2025-01-09 19:32:00
102,34,2025-01-09 19:35:00,1231,2025-01-09 19:35:00
101,35,2025-01-09 19:38:00,1231,2025-01-09 19:38:00
100,36,2025-01-09 19:42:00,1231,2025-01-09 19:42:00
136,0,2025-01-09 18:30:00,1232,2025-01-09 18:30:00
135,1,2025-01-09 18:32:00,1232,2025-01-09 18:32:00
134,2,2025-01-09 18:34:00,1232,2025-01-09 18:34:00
133,3,2025-01-09 18:36:00,1232,2025-01-09 18:36:00
132,4,2025-01-09 18:39:00,1232,2025-01-09 18:39:00
131,5,2025-01-09 18:40:00,1232,2025-01-09 18:40:00
130,6,2025-01-09 18:42:00,1232,2025-01-09 18:42:00
129,7,2025-01-09 18:44:00,1232,2025-01-09 18:44:00
128,8,2025-01-09 18:46:00,1232,2025-01-09 18:46:00
127,9,2025-01-09 18:48:00,1232,2025-01-09 18:48:00
126,10,2025-01-09 18:51:00,1232,2025-01-09 18:51:00
125,11,2025-01-09 18:54:00,1232,2025-01-09 18:54:00
124,12,2025-01-09 18:56:00,1232,2025-01-09 18:56:00
123,13,2025-01-09 18:59:00,1232,2025-01-09 18:59:00
122,14,2025-01-09 19:01:00,1232,2025-01-09 19:01:00
121,15,2025-01-09 19:03:00,1232,2025-01-09 19:03:00
120,16,2025-01-09 19:06:00,1232,2025-01-09 19:06:00
119,17,2025-01-09 19:08:00,1232,2025-01-09 19:08:00
118,18,2025-01-09 19:10:00,1232,2025-01-09 19:10:00
117,19,2025-01-09 19:12:00,1232,2025-01-09 19:12:00
116,20,2025-01-09 19:13:00,1232,2025-01-09 19:13:00
115,21,2025-01-09 19:15:00,1232,2025-01-09 19:15:00
114,22,2025-01-09 19:17:00,1232,2025-01-09 19:17:00
113,23,2025-01-09 19:19:00,1232,2025-01-09 19:19:00
112,24,2025-01-09 19:21:00,1232,2025-01-09 19:21:00
111,25,2025-01-09 19:23:00,1232,2025-01-09 19:23:00
110,26,2025-01-09 19:25:00,1232,2025-01-09 19:25:00
109,27,2025-01-09 19:27:00,1232,2025-01-09 19:27:00
108,28,2025-01-09 19:29:00,1232,2025-01-09 19:29:00
107,29,2025-01-09 19:31:00,1232,2025-01-09 19:31:00
106,30,2025-01-09 19:34:00,1232,2025-01-09 19:34:00
105,31,2025-01-09 19:35:00,1232,2025-01-09 19:35:00
104,32,2025-01-09 19:37:00,1232,2025-01-09 19:37:00
103,33,2025-01-09 19:41:00,1232,2025-01-09 19:41:00
102,34,2025-01-09 19:44:00,1232,2025-01-09 19:44:00
101,35,2025-01-09 19:47:00,1232,2025-01-09 19:47:00
100,36,2025-01-09 19:51:00,1232,2025-01-09 19:51:00
136,0,2025-01-09 18:39:00,1233,2025-01-09 18:39:00
135,1,2025-01-09 18:41:00,1233,2025-01-09 18:41:00
134,2,2025-01-09 18:43:00,1233,2025-01-09 18:43:00
133,3,2025-01-09 18:45:00,1233,2025-01-09 18:45:00
132,4,2025-01-09 18:48:00,1233,2025-01-09 18:48:00
131,5,2025-01-09 18:49:00,1233,2025-01-09 18:49:00
130,6,2025-01-09 18:51:00,1233,2025-01-09 18:51:00
129,7,2025-01-09 18:53:00,1233,2025-01-09 18:53:00
128,8,2025-01-09 18:55:00,1233,2025-01-09 18:55:00
127,9,2025-01-09 18:57:00,1233,2025-01-09 18:57:00
126,10,2025-01-09 19:00:00,1233,2025-01-09 19:00:00
125,11,2025-01-09 19:03:00,1233,2025-01-09 19:03:00
124,12,2025-01-09 19:05:00,1233,2025-01-09 19:05:00
123,13,2025-01-09 19:08:00,1233,2025-01-09 19:08:00
122,14,2025-01-09 19:10:00,1233,2025-01-09 19:10:00
121,15,2025-01-09 19:12:00,1233,2025-01-09 19:12:00
120,16,2025-01-09 19:15:00,1233,2025-01-09 19:15:00
119,17,2025-01-09 19:17:00,1233,2025-01-09 19:17:00
118,18,2025-01-09 19:19:00,1233,2025-01-09 19:19:00
117,19,2025-01-09 19:21:00,1233,2025-01-09 19:21:00
116,20,2025-01-09 19:22:00,1233,2025-01-09 19:22:00
115,21,2025-01-09 19:24:00,1233,2025-01-09 19:24:00
114,22,2025-01-09 19:26:00,1233,2025-01-09 19:26:00
113,23,2025-01-09 19:28:00,1233,2025-01-09 19:28:00
112,24,2025-01-09 19:30:00,1233,2025-01-09 19:30:00
111,25,2025-01-09 19:32:00,1233,2025-01-09 19:32:00
110,26,2025-01-09 19:34:00,1233,2025-01-09 19:34:00
109,27,2025-01-09 19:36:00,1233,2025-01-09 19:36:00
108,28,2025-01-09 19:38:00,1233,2025-01-09 19:38:00
107,29,2025-01-09 19:40:00,1233,2025-01-09 19:40:00
106,30,2025-01-09 19:43:00,1233,2025-01-09 19:43:00
105,31,2025-01-09 19:44:00,1233,2025-01-09 19:44:00
104,32,2025-01-09 19:46:00,1233,2025-01-09 19:46:00
103,33,2025-01-09 19:50:00,1233,2025-01-09 19:50:00
102,34,2025-01-09 19:53:00,1233,2025-01-09 19:53:00
101,35,2025-01-09 19:56:00,1233,2025-01-09 19:56:00
100,36,2025-01-09 20:00:00,1233,2025-01-09 20:00:00
136,0,2025-01-09 18:48:00,1234,2025-01-09 18:48:00
135,1,2025-01-09 18:50:00,1234,2025-01-09 18:50:00
134,2,2025-01-09 18:52:00,1234,2025-01-09 18:52:00
133,3,2025-01-09 18:54:00,1234,2025-01-09 18:54:00
132,4,2025-01-09 18:57:00,1234,2025-01-09 18:57:00
131,5,2025-01-09 18:58:00,1234,2025-01-09 18:58:00
130,6,2025-01-09 19:00:00,1234,2025-01-09 19:00:00
129,7,2025-01-09 19:02:00,1234,2025-01-09 19:02:00
128,8,2025-01-09 19:04:00,1234,2025-01-09 19:04:00
127,9,2025-01-09 19:06:00,1234,2025-01-09 19:06:00
126,10,2025-01-09 19:09:00,1234,2025-01-09 19:09:00
125,11,2025-01-09 19:12:00,1234,2025-01-09 19:12:00
124,12,2025-01-09 19:14:00,1234,2025-01-09 19:14:00
123,13,2025-01-09 19:17:00,1234,2025-01-09 19:17:00
122,14,2025-01-09 19:19:00,1234,2025-01-09 19:19:00
121,15,2025-01-09 19:21:00,1234,2025-01-09 19:21:00
120,16,2025-01-09 19:24:00,1234,2025-01-09 19:24:00
119,17,2025-01-09 19:26:00,1234,2025-01-09 19:26:00
118,18,2025-01-09 19:28:00,1234,2025-01-09 19:28:00
117,19,2025-01-09 19:30:00,1234,2025-01-09 19:30:00
116,20,2025-01-09 19:31:00,1234,2025-01-09 19:31:00
115,21,2025-01-09 19:33:00,1234,2025-01-09 19:33:00
114,22,2025-01-09 19:35:00,1234,2025-01-09 19:35:00
113,23,2025-01-09 19:37:00,1234,2025-01-09 19:37:00
112,24,2025-01-09 19:39:00,1234,2025-01-09 19:39:00
111,25,2025-01-09 19:41:00,1234,2025-01-09 19:41:00
110,26,2025-01-09 19:43:00,1234,2025-01-09 19:43:00
109,27,2025-01-09 19:45:00,1234,2025-01-09 19:45:00
108,28,2025-01-09 19:47:00,1234,2025-01-09 19:47:00
107,29,2025-01-09 19:49:00,1234,2025-01-09 19:49:00
106,30,2025-01-09 19:52:00,1234,2025-01-09 19:52:00
105,31,2025-01-09 19:53:00,1234,2025-01-09 19:53:00
104,32,2025-01-09 19:55:00,1234,2025-01-09 19:55:00
103,33,2025-01-09 19:59:00,1234,2025-01-09 19:59:00
102,34,2025-01-09 20:02:00,1234,2025-01-09 20:02:00
101,35,2025-01-09 20:05:00,1234,2025-01-09 20:05:00
100,36,2025-01-09 20:09:00,1234,2025-01-09 20:09:00
136,0,2025-01-09 18:58:00,1235,2025-01-09 18:58:00
135,1,2025-01-09 19:00:00,1235,2025-01-09 19:00:00
134,2,2025-01-09 19:02:00,1235,2025-01-09 19:02:00
133,3,2025-01-09 19:04:00,1235,2025-01-09 19:04:00
132,4,2025-01-09 19:07:00,1235,2025-01-09 19:07:00
131,5,2025-01-09 19:08:00,1235,2025-01-09 19:08:00
130,6,2025-01-09 19:10:00,1235,2025-01-09 19:10:00
129,7,2025-01-09 19:12:00,1235,2025-01-09 19:12:00
128,8,2025-01-09 19:14:00,1235,2025-01-09 19:14:00
127,9,2025-01-09 19:16:00,1235,2025-01-09 19:16:00
126,10,2025-01-09 19:19:00,1235,2025-01-09 19:19:00
125,11,2025-01-09 19:22:00,1235,2025-01-09 19:22:00
124,12,2025-01-09 19:24:00,1235,2025-01-09 19:24:00
123,13,2025-01-09 19:27:00,1235,2025-01-09 19:27:00
122,14,2025-01-09 19:29:00,1235,2025-01-09 19:29:00
121,15,2025-01-09 19:31:00,1235,2025-01-09 19:31:00
120,16,2025-01-09 19:34:00,1235,2025-01-09 19:34:00
119,17,2025-01-09 19:36:00,1235,2025-01-09 19:36:00
118,18,2025-01-09 19:38:00,1235,2025-01-09 19:38:00
117,19,2025-01-09 19:40:00,1235,2025-01-09 19:40:00
116,20,2025-01-09 19:41:00,1235,2025-01-09 19:41:00
115,21,2025-01-09 19:43:00,1235,2025-01-09 19:43:00
114,22,2025-01-09 19:45:00,1235,2025-01-09 19:45:00
113,23,2025-01-09 19:47:00,1235,2025-01-09 19:47:00
112,24,2025-01-09 19:49:00,1235,2025-01-09 19:49:00
111,25,2025-01-09 19:51:00,1235,2025-01-09 19:51:00
110,26,2025-01-09 19:53:00,1235,2025-01-09 19:53:00
109,27,2025-01-09 19:55:00,1235,2025-01-09 19:55:00
108,28,2025-01-09 19:57:00,1235,2025-01-09 19:57:00
107,29,2025-01-09 19:59:00,1235,2025-01-09 19:59:00
106,30,2025-01-09 20:02:00,1235,2025-01-09 20:02:00
105,31,2025-01-09 20:03:00,1235,2025-01-09 20:03:00
104,32,2025-01-09 20:05:00,1235,2025-01-09 20:05:00
103,33,2025-01-09 20:09:00,1235,2025-01-09 20:09:00
102,34,2025-01-09 20:12:00,1235,2025-01-09 20:12:00
101,35,2025-01-09 20:15:00,1235,2025-01-09 20:15:00
100,36,2025-01-09 20:19:00,1235,2025-01-09 20:19:00
136,0,2025-01-09 19:08:00,1236,2025-01-09 19:08:00
135,1,2025-01-09 19:10:00,1236,2025-01-09 19:10:00
134,2,2025-01-09 19:12:00,1236,2025-01-09 19:12:00
133,3,2025-01-09 19:14:00,1236,2025-01-09 19:14:00
132,4,2025-01-09 19:17:00,1236,2025-01-09 19:17:00
131,5,2025-01-09 19:18:00,1236,2025-01-09 19:18:00
130,6,2025-01-09 19:20:00,1236,2025-01-09 19:20:00
129,7,2025-01-09 19:22:00,1236,2025-01-09 19:22:00
128,8,2025-01-09 19:24:00,1236,2025-01-09 19:24:00
127,9,2025-01-09 19:26:00,1236,2025-01-09 19:26:00
126,10,2025-01-09 19:29:00,1236,2025-01-09 19:29:00
125,11,2025-01-09 19:32:00,1236,2025-01-09 19:32:00
124,12,2025-01-09 19:34:00,1236,2025-01-09 19:34:00
123,13,2025-01-09 19:37:00,1236,2025-01-09 19:37:00
122,14,2025-01-09 19:39:00,1236,2025-01-09 19:39:00
121,15,2025-01-09 19:41:00,1236,2025-01-09 19:41:00
120,16,2025-01-09 19:44:00,1236,2025-01-09 19:44:00
119,17,2025-01-09 19:46:00,1236,2025-01-09 19:46:00
118,18,2025-01-09 19:48:00,1236,2025-01-09 19:48:00
117,19,2025-01-09 19:50:00,1236,2025-01-09 19:50:00
116,20,2025-01-09 19:51:00,1236,2025-01-09 19:51:00
115,21,2025-01-09 19:53:00,1236,2025-01-09 19:53:00
114,22,2025-01-09 19:55:00,1236,2025-01-09 19:55:00
113,23,2025-01-09 19:57:00,1236,2025-01-09 19:57:00
112,24,2025-01-09 19:59:00,1236,2025-01-09 19:59:00
111,25,2025-01-09 20:01:00,1236,2025-01-09 20:01:00
110,26,2025-01-09 20:03:00,1236,2025-01-09 20:03:00
109,27,2025-01-09 20:05:00,1236,2025-01-09 20:05:00
108,28,2025-01-09 20:07:00,1236,2025-01-09 20:07:00
107,29,2025-01-09 20:09:00,1236,2025-01-09 20:09:00
106,30,2025-01-09 20:12:00,1236,2025-01-09 20:12:00
105,31,2025-01-09 20:13:00,1236,2025-01-09 20:13:00
104,32,2025-01-09 20:15:00,1236,2025-01-09 20:15:00
103,33,2025-01-09 20:19:00,1236,2025-01-09 20:19:00
102,34,2025-01-09 20:22:00,1236,2025-01-09 20:22:00
101,35,2025-01-09 20:25:00,1236,2025-01-09 20:25:00
100,36,2025-01-09 20:29:00,1236,2025-01-09 20:29:00
136,0,2025-01-09 19:18:00,1237,2025-01-09 19:18:00
135,1,2025-01-09 19:20:00,1237,2025-01-09 19:20:00
134,2,2025-01-09 19:22:00,1237,2025-01-09 19:22:00
133,3,2025-01-09 19:24:00,1237,2025-01-09 19:24:00
132,4,2025-01-09 19:27:00,1237,2025-01-09 19:27:00
131,5,2025-01-09 19:28:00,1237,2025-01-09 19:28:00
130,6,2025-01-09 19:30:00,1237,2025-01-09 19:30:00
129,7,2025-01-09 19:32:00,1237,2025-01-09 19:32:00
128,8,2025-01-09 19:34:00,1237,2025-01-09 19:34:00
127,9,2025-01-09 19:36:00,1237,2025-01-09 19:36:00
126,10,2025-01-09 19:39:00,1237,2025-01-09 19:39:00
125,11,2025-01-09 19:42:00,1237,2025-01-09 19:42:00
124,12,2025-01-09 19:44:00,1237,2025-01-09 19:44:00
123,13,2025-01-09 19:47:00,1237,2025-01-09 19:47:00
122,14,2025-01-09 19:49:00,1237,2025-01-09 19:49:00
121,15,2025-01-09 19:51:00,1237,2025-01-09 19:51:00
120,16,2025-01-09 19:54:00,1237,2025-01-09 19:54:00
119,17,2025-01-09 19:56:00,1237,2025-01-09 19:56:00
118,18,2025-01-09 19:58:00,1237,2025-01-09 19:58:00
117,19,2025-01-09 20:00:00,1237,2025-01-09 20:00:00
116,20,2025-01-09 20:01:00,1237,2025-01-09 20:01:00
115,21,2025-01-09 20:03:00,1237,2025-01-09 20:03:00
114,22,2025-01-09 20:05:00,1237,2025-01-09 20:05:00
113,23,2025-01-09 20:07:00,1237,2025-01-09 20:07:00
112,24,2025-01-09 20:09:00,1237,2025-01-09 20:09:00
111,25,2025-01-09 20:11:00,1237,2025-01-09 20:11:00
110,26,2025-01-09 20:13:00,1237,2025-01-09 20:13:00
109,27,2025-01-09 20:15:00,1237,2025-01-09 20:15:00
108,28,2025-01-09 20:17:00,1237,2025-01-09 20:17:00
107,29,2025-01-09 20:19:00,1237,2025-01-09 20:19:00
106,30,2025-01-09 20:22:00,1237,2025-01-09 20:22:00
105,31,2025-01-09 20:23:00,1237,2025-01-09 20:23:00
104,32,2025-01-09 20:25:00,1237,2025-01-09 20:25:00
103,33,2025-01-09 20:29:00,1237,2025-01-09 20:29:00
102,34,2025-01-09 20:32:00,1237,2025-01-09 20:32:00
101,35,2025-01-09 20:35:00,1237,2025-01-09 20:35:00
100,36,2025-01-09 20:39:00,1237,2025-01-09 20:39:00
136,0,2025-01-09 19:28:00,1238,2025-01-09 19:28:00
135,1,2025-01-09 19:30:00,1238,2025-01-09 19:30:00
134,2,2025-01-09 19:32:00,1238,2025-01-09 19:32:00
133,3,2025-01-09 19:34:00,1238,2025-01-09 19:34:00
132,4,2025-01-09 19:37:00,1238,2025-01-09 19:37:00
131,5,2025-01-09 19:38:00,1238,2025-01-09 19:38:00
130,6,2025-01-09 19:40:00,1238,2025-01-09 19:40:00
129,7,2025-01-09 19:42:00,1238,2025-01-09 19:42:00
128,8,2025-01-09 19:44:00,1238,2025-01-09 19:44:00
127,9,2025-01-09 19:46:00,1238,2025-01-09 19:46:00
126,10,2025-01-09 19:49:00,1238,2025-01-09 19:49:00
125,11,2025-01-09 19:52:00,1238,2025-01-09 19:52:00
124,12,2025-01-09 19:54:00,1238,2025-01-09 19:54:00
123,13,2025-01-09 19:57:00,1238,2025-01-09 19:57:00
122,14,2025-01-09 19:59:00,1238,2025-01-09 19:59:00
121,15,2025-01-09 20:01:00,1238,2025-01-09 20:01:00
120,16,2025-01-09 20:04:00,1238,2025-01-09 20:04:00
119,17,2025-01-09 20:06:00,1238,2025-01-09 20:06:00
118,18,2025-01-09 20:08:00,1238,2025-01-09 20:08:00
117,19,2025-01-09 20:10:00,1238,2025-01-09 20:10:00
116,20,2025-01-09 20:11:00,1238,2025-01-09 20:11:00
115,21,2025-01-09 20:13:00,1238,2025-01-09 20:13:00
114,22,2025-01-09 20:15:00,1238,2025-01-09 20:15:00
113,23,2025-01-09 20:17:00,1238,2025-01-09 20:17:00
112,24,2025-01-09 20:19:00,1238,2025-01-09 20:19:00
111,25,2025-01-09 20:21:00,1238,2025-01-09 20:21:00
110,26,2025-01-09 20:23:00,1238,2025-01-09 20:23:00
109,27,2025-01-09 20:25:00,1238,2025-01-09 20:25:00
108,28,2025-01-09 20:27:00,1238,2025-01-09 20:27:00
107,29,2025-01-09 20:29:00,1238,2025-01-09 20:29:00
106,30,2025-01-09 20:32:00,1238,2025-01-09 20:32:00
105,31,2025-01-09 20:33:00,1238,2025-01-09 20:33:00
104,32,2025-01-09 20:35:00,1238,2025-01-09 20:35:00
103,33,2025-01-09 20:39:00,1238,2025-01-09 20:39:00
102,34,2025-01-09 20:42:00,1238,2025-01-09 20:42:00
101,35,2025-01-09 20:45:00,1238,2025-01-09 20:45:00
100,36,2025-01-09 20:49:00,1238,2025-01-09 20:49:00
136,0,2025-01-09 19:38:00,1239,2025-01-09 19:38:00
135,1,2025-01-09 19:40:00,1239,2025-01-09 19:40:00
134,2,2025-01-09 19:42:00,1239,2025-01-09 19:42:00
133,3,2025-01-09 19:44:00,1239,2025-01-09 19:44:00
132,4,2025-01-09 19:47:00,1239,2025-01-09 19:47:00
131,5,2025-01-09 19:48:00,1239,2025-01-09 19:48:00
130,6,2025-01-09 19:50:00,1239,2025-01-09 19:50:00
129,7,2025-01-09 19:52:00,1239,2025-01-09 19:52:00
128,8,2025-01-09 19:54:00,1239,2025-01-09 19:54:00
127,9,2025-01-09 19:56:00,1239,2025-01-09 19:56:00
126,10,2025-01-09 19:59:00,1239,2025-01-09 19:59:00
125,11,2025-01-09 20:02:00,1239,2025-01-09 20:02:00
124,12,2025-01-09 20:04:00,1239,2025-01-09 20:04:00
123,13,2025-01-09 20:07:00,1239,2025-01-09 20:07:00
122,14,2025-01-09 20:09:00,1239,2025-01-09 20:09:00
121,15,2025-01-09 20:11:00,1239,2025-01-09 20:11:00
120,16,2025-01-09 20:14:00,1239,2025-01-09 20:14:00
119,17,2025-01-09 20:16:00,1239,2025-01-09 20:16:00
118,18,2025-01-09 20:18:00,1239,2025-01-09 20:18:00
117,19,2025-01-09 20:20:00,1239,2025-01-09 20:20:00
116,20,2025-01-09 20:21:00,1239,2025-01-09 20:21:00
115,21,2025-01-09 20:23:00,1239,2025-01-09 20:23:00
114,22,2025-01-09 20:25:00,1239,2025-01-09 20:25:00
113,23,2025-01-09 20:27:00,1239,2025-01-09 20:27:00
112,24,2025-01-09 20:29:00,1239,2025-01-09 20:29:00
111,25,2025-01-09 20:31:00,1239,2025-01-09 20:31:00
110,26,2025-01-09 20:33:00,1239,2025-01-09 20:33:00
109,27,2025-01-09 20:35:00,1239,2025-01-09 20:35:00
108,28,2025-01-09 20:37:00,1239,2025-01-09 20:37:00
107,29,2025-01-09 20:39:00,1239,2025-01-09 20:39:00
106,30,2025-01-09 20:42:00,1239,2025-01-09 20:42:00
105,31,2025-01-09 20:43:00,1239,2025-01-09 20:43:00
104,32,2025-01-09 20:45:00,1239,2025-01-09 20:45:00
103,33,2025-01-09 20:49:00,1239,2025-01-09 20:49:00
102,34,2025-01-09 20:52:00,1239,2025-01-09 20:52:00
101,35,2025-01-09 20:55:00,1239,2025-01-09 20:55:00
100,36,2025-01-09 20:59:00,1239,2025-01-09 20:59:00
136,0,2025-01-09 19:48:00,1240,2025-01-09 19:48:00
135,1,2025-01-09 19:50:00,1240,2025-01-09 19:50:00
134,2,2025-01-09 19:52:00,1240,2025-01-09 19:52:00
133,3,2025-01-09 19:54:00,1240,2025-01-09 19:54:00
132,4,2025-01-09 19:57:00,1240,2025-01-09 19:57:00
131,5,2025-01-09 19:58:00,1240,2025-01-09 19:58:00
130,6,2025-01-09 20:00:00,1240,2025-01-09 20:00:00
129,7,2025-01-09 20:02:00,1240,2025-01-09 20:02:00
128,8,2025-01-09 20:04:00,1240,2025-01-09 20:04:00
127,9,2025-01-09 20:06:00,1240,2025-01-09 20:06:00
126,10,2025-01-09 20:09:00,1240,2025-01-09 20:09:00
125,11,2025-01-09 20:12:00,1240,2025-01-09 20:12:00
124,12,2025-01-09 20:14:00,1240,2025-01-09 20:14:00
123,13,2025-01-09 20:17:00,1240,2025-01-09 20:17:00
122,14,2025-01-09 20:19:00,1240,2025-01-09 20:19:00
121,15,2025-01-09 20:21:00,1240,2025-01-09 20:21:00
120,16,2025-01-09 20:24:00,1240,2025-01-09 20:24:00
119,17,2025-01-09 20:26:00,1240,2025-01-09 20:26:00
118,18,2025-01-09 20:28:00,1240,2025-01-09 20:28:00
117,19,2025-01-09 20:30:00,1240,2025-01-09 20:30:00
116,20,2025-01-09 20:31:00,1240,2025-01-09 20:31:00
115,21,2025-01-09 20:33:00,1240,2025-01-09 20:33:00
114,22,2025-01-09 20:35:00,1240,2025-01-09 20:35:00
113,23,2025-01-09 20:37:00,1240,2025-01-09 20:37:00
112,24,2025-01-09 20:39:00,1240,2025-01-09 20:39:00
111,25,2025-01-09 20:41:00,1240,2025-01-09 20:41:00
110,26,2025-01-09 20:43:00,1240,2025-01-09 20:43:00
109,27,2025-01-09 20:45:00,1240,2025-01-09 20:45:00
108,28,2025-01-09 20:47:00,1240,2025-01-09 20:47:00
107,29,2025-01-09 20:49:00,1240,2025-01-09 20:49:00
106,30,2025-01-09 20:52:00,1240,2025-01-09 20:52:00
105,31,2025-01-09 20:53:00,1240,2025-01-09 20:53:00
104,32,2025-01-09 20:55:00,1240,2025-01-09 20:55:00
103,33,2025-01-09 20:59:00,1240,2025-01-09 20:59:00
102,34,2025-01-09 21:02:00,1240,2025-01-09 21:02:00
101,35,2025-01-09 21:05:00,1240,2025-01-09 21:05:00
100,36,2025-01-09 21:09:00,1240,2025-01-09 21:09:00
136,0,2025-01-09 19:58:00,1241,2025-01-09 19:58:00
135,1,2025-01-09 20:00:00,1241,2025-01-09 20:00:00
134,2,2025-01-09 20:02:00,1241,2025-01-09 20:02:00
133,3,2025-01-09 20:04:00,1241,2025-01-09 20:04:00
132,4,2025-01-09 20:07:00,1241,2025-01-09 20:07:00
131,5,2025-01-09 20:08:00,1241,2025-01-09 20:08:00
130,6,2025-01-09 20:10:00,1241,2025-01-09 20:10:00
129,7,2025-01-09 20:12:00,1241,2025-01-09 20:12:00
128,8,2025-01-09 20:14:00,1241,2025-01-09 20:14:00
127,9,2025-01-09 20:16:00,1241,2025-01-09 20:16:00
126,10,2025-01-09 20:19:00,1241,2025-01-09 20:19:00
125,11,2025-01-09 20:22:00,1241,2025-01-09 20:22:00
124,12,2025-01-09 20:24:00,1241,2025-01-09 20:24:00
123,13,2025-01-09 20:27:00,1241,2025-01-09 20:27:00
122,14,2025-01-09 20:29:00,1241,2025-01-09 20:29:00
121,15,2025-01-09 20:31:00,1241,2025-01-09 20:31:00
120,16,2025-01-09 20:34:00,1241,2025-01-09 20:34:00
119,17,2025-01-09 20:36:00,1241,2025-01-09 20:36:00
118,18,2025-01-09 20:38:00,1241,2025-01-09 20:38:00
117,19,2025-01-09 20:40:00,1241,2025-01-09 20:40:00
116,20,2025-01-09 20:41:00,1241,2025-01-09 20:41:00
115,21,2025-01-09 20:43:00,1241,2025-01-09 20:43:00
114,22,2025-01-09 20:45:00,1241,2025-01-09 20:45:00
113,23,2025-01-09 20:47:00,1241,2025-01-09 20:47:00
112,24,2025-01-09 20:49:00,1241,2025-01-09 20:49:00
111,25,2025-01-09 20:51:00,1241,2025-01-09 20:51:00
110,26,2025-01-09 20:53:00,1241,2025-01-09 20:53:00
109,27,2025-01-09 20:55:00,1241,2025-01-09 20:55:00
108,28,2025-01-09 20:57:00,1241,2025-01-09 20:57:00
107,29,2025-01-09 20:59:00,1241,2025-01-09 20:59:00
106,30,2025-01-09 21:02:00,1241,2025-01-09 21:02:00
105,31,2025-01-09 21:03:00,1241,2025-01-09 21:03:00
104,32,2025-01-09 21:05:00,1241,2025-01-09 21:05:00
103,33,2025-01-09 21:09:00,1241,2025-01-09 21:09:00
102,34,2025-01-09 21:12:00,1241,2025-01-09 21:12:00
101,35,2025-01-09 21:15:00,1241,2025-01-09 21:15:00
100,36,2025-01-09 21:19:00,1241,2025-01-09 21:19:00
136,0,2025-01-09 20:04:00,1242,2025-01-09 20:04:00
135,1,2025-01-09 20:06:00,1242,2025-01-09 20:06:00
134,2,2025-01-09 20:08:00,1242,2025-01-09 20:08:00
133,3,2025-01-09 20:10:00,1242,2025-01-09 20:10:00
132,4,2025-01-09 20:13:00,1242,2025-01-09 20:13:00
131,5,2025-01-09 20:14:00,1242,2025-01-09 20:14:00
130,6,2025-01-09 20:16:00,1242,2025-01-09 20:16:00
129,7,2025-01-09 20:18:00,1242,2025-01-09 20:18:00
128,8,2025-01-09 20:20:00,1242,2025-01-09 20:20:00
127,9,2025-01-09 20:22:00,1242,2025-01-09 20:22:00
126,10,2025-01-09 20:25:00,1242,2025-01-09 20:25:00
125,11,2025-01-09 20:28:00,1242,2025-01-09 20:28:00
124,12,2025-01-09 20:30:00,1242,2025-01-09 20:30:00
123,13,2025-01-09 20:33:00,1242,2025-01-09 20:33:00
122,14,2025-01-09 20:35:00,1242,2025-01-09 20:35:00
121,15,2025-01-09 20:37:00,1242,2025-01-09 20:37:00
120,16,2025-01-09 20:40:00,1242,2025-01-09 20:40:00
119,17,2025-01-09 20:42:00,1242,2025-01-09 20:42:00
118,18,2025-01-09 20:44:00,1242,2025-01-09 20:44:00
117,19,2025-01-09 20:46:00,1242,2025-01-09 20:46:00
116,20,2025-01-09 20:47:00,1242,2025-01-09 20:47:00
115,21,2025-01-09 20:49:00,1242,2025-01-09 20:49:00
114,22,2025-01-09 20:51:00,1242,2025-01-09 20:51:00
113,23,2025-01-09 20:53:00,1242,2025-01-09 20:53:00
112,24,2025-01-09 20:55:00,1242,2025-01-09 20:55:00
111,25,2025-01-09 20:57:00,1242,2025-01-09 20:57:00
110,26,2025-01-09 20:59:00,1242,2025-01-09 20:59:00
109,27,2025-01-09 21:01:00,1242,2025-01-09 21:01:00
108,28,2025-01-09 21:03:00,1242,2025-01-09 21:03:00
107,29,2025-01-09 21:05:00,1242,2025-01-09 21:05:00
106,30,2025-01-09 21:08:00,1242,2025-01-09 21:08:00
105,31,2025-01-09 21:09:00,1242,2025-01-09 21:09:00
104,32,2025-01-09 21:11:00,1242,2025-01-09 21:11:00
103,33,2025-01-09 21:15:00,1242,2025-01-09 21:15:00
102,34,2025-01-09 21:18:00,1242,2025-01-09 21:18:00
101,35,2025-01-09 21:21:00,1242,2025-01-09 21:21:00
100,36,2025-01-09 21:25:00,1242,2025-01-09 21:25:00
136,0,2025-01-09 20:10:00,1243,2025-01-09 20:10:00
135,1,2025-01-09 20:12:00,1243,2025-01-09 20:12:00
134,2,2025-01-09 20:14:00,1243,2025-01-09 20:14:00
133,3,2025-01-09 20:16:00,1243,2025-01-09 20:16:00
132,4,2025-01-09 20:19:00,1243,2025-01-09 20:19:00
131,5,2025-01-09 20:20:00,1243,2025-01-09 20:20:00
130,6,2025-01-09 20:22:00,1243,2025-01-09 20:22:00
129,7,2025-01-09 20:24:00,1243,2025-01-09 20:24:00
128,8,2025-01-09 20:26:00,1243,2025-01-09 20:26:00
127,9,2025-01-09 20:28:00,1243,2025-01-09 20:28:00
126,10,2025-01-09 20:31:00,1243,2025-01-09 20:31:00
125,11,2025-01-09 20:34:00,1243,2025-01-09 20:34:00
124,12,2025-01-09 20:36:00,1243,2025-01-09 20:36:00
123,13,2025-01-09 20:39:00,1243,2025-01-09 20:39:00
122,14,2025-01-09 20:41:00,1243,2025-01-09 20:41:00
121,15,2025-01-09 20:43:00,1243,2025-01-09 20:43:00
120,16,2025-01-09 20:46:00,1243,2025-01-09 20:46:00
119,17,2025-01-09 20:48:00,1243,2025-01-09 20:48:00
118,18,2025-01-09 20:50:00,1243,2025-01-09 20:50:00
117,19,2025-01-09 20:52:00,1243,2025-01-09 20:52:00
116,20,2025-01-09 20:53:00,1243,2025-01-09 20:53:00
115,21,2025-01-09 20:55:00,1243,2025-01-09 20:55:00
114,22,2025-01-09 20:57:00,1243,2025-01-09 20:57:00
113,23,2025-01-09 20:59:00,1243,2025-01-09 20:59:00
112,24,2025-01-09 21:01:00,1243,2025-01-09 21:01:00
111,25,2025-01-09 21:03:00,1243,2025-01-09 21:03:00
110,26,2025-01-09 21:05:00,1243,2025-01-09 21:05:00
109,27,2025-01-09 21:07:00,1243,2025-01-09 21:07:00
108,28,2025-01-09 21:09:00,1243,2025-01-09 21:09:00
107,29,2025-01-09 21:11:00,1243,2025-01-09 21:11:00
106,30,2025-01-09 21:14:00,1243,2025-01-09 21:14:00
105,31,2025-01-09 21:15:00,1243,2025-01-09 21:15:00
104,32,2025-01-09 21:17:00,1243,2025-01-09 21:17:00
103,33,2025-01-09 21:21:00,1243,2025-01-09 21:21:00
102,34,2025-01-09 21:24:00,1243,2025-01-09 21:24:00
101,35,2025-01-09 21:27:00,1243,2025-01-09 21:27:00
100,36,2025-01-09 21:31:00,1243,2025-01-09 21:31:00
136,0,2025-01-09 20:16:00,1244,2025-01-09 20:16:00
135,1,2025-01-09 20:18:00,1244,2025-01-09 20:18:00
134,2,2025-01-09 20:20:00,1244,2025-01-09 20:20:00
133,3,2025-01-09 20:22:00,1244,2025-01-09 20:22:00
132,4,2025-01-09 20:25:00,1244,2025-01-09 20:25:00
131,5,2025-01-09 20:26:00,1244,2025-01-09 20:26:00
130,6,2025-01-09 20:28:00,1244,2025-01-09 20:28:00
129,7,2025-01-09 20:30:00,1244,2025-01-09 20:30:00
128,8,2025-01-09 20:32:00,1244,2025-01-09 20:32:00
127,9,2025-01-09 20:34:00,1244,2025-01-09 20:34:00
126,10,2025-01-09 20:37:00,1244,2025-01-09 20:37:00
125,11,2025-01-09 20:40:00,1244,2025-01-09 20:40:00
124,12,2025-01-09 20:42:00,1244,2025-01-09 20:42:00
123,13,2025-01-09 20:45:00,1244,2025-01-09 20:45:00
122,14,2025-01-09 20:47:00,1244,2025-01-09 20:47:00
121,15,2025-01-09 20:49:00,1244,2025-01-09 20:49:00
120,16,2025-01-09 20:52:00,1244,2025-01-09 20:52:00
119,17,2025-01-09 20:54:00,1244,2025-01-09 20:54:00
118,18,2025-01-09 20:56:00,1244,2025-01-09 20:56:00
117,19,2025-01-09 20:58:00,1244,2025-01-09 20:58:00
116,20,2025-01-09 20:59:00,1244,2025-01-09 20:59:00
115,21,2025-01-09 21:01:00,1244,2025-01-09 21:01:00
114,22,2025-01-09 21:03:00,1244,2025-01-09 21:03:00
113,23,2025-01-09 21:05:00,1244,2025-01-09 21:05:00
112,24,2025-01-09 21:07:00,1244,2025-01-09 21:07:00
111,25,2025-01-09 21:09:00,1244,2025-01-09 21:09:00
110,26,2025-01-09 21:11:00,1244,2025-01-09 21:11:00
109,27,2025-01-09 21:13:00,1244,2025-01-09 21:13:00
108,28,2025-01-09 21:15:00,1244,2025-01-09 21:15:00
107,29,2025-01-09 21:17:00,1244,2025-01-09 21:17:00
106,30,2025-01-09 21:20:00,1244,2025-01-09 21:20:00
105,31,2025-01-09 21:21:00,1244,2025-01-09 21:21:00
104,32,2025-01-09 21:23:00,1244,2025-01-09 21:23:00
103,33,2025-01-09 21:27:00,1244,2025-01-09 21:27:00
102,34,2025-01-09 21:30:00,1244,2025-01-09 21:30:00
101,35,2025-01-09 21:33:00,1244,2025-01-09 21:33:00
100,36,2025-01-09 21:37:00,1244,2025-01-09 21:37:00
136,0,2025-01-09 20:22:00,1245,2025-01-09 20:22:00
135,1,2025-01-09 20:24:00,1245,2025-01-09 20:24:00
134,2,2025-01-09 20:26:00,1245,2025-01-09 20:26:00
133,3,2025-01-09 20:28:00,1245,2025-01-09 20:28:00
132,4,2025-01-09 20:31:00,1245,2025-01-09 20:31:00
131,5,2025-01-09 20:32:00,1245,2025-01-09 20:32:00
130,6,2025-01-09 20:34:00,1245,2025-01-09 20:34:00
129,7,2025-01-09 20:36:00,1245,2025-01-09 20:36:00
128,8,2025-01-09 20:38:00,1245,2025-01-09 20:38:00
127,9,2025-01-09 20:40:00,1245,2025-01-09 20:40:00
126,10,2025-01-09 20:43:00,1245,2025-01-09 20:43:00
125,11,2025-01-09 20:46:00,1245,2025-01-09 20:46:00
124,12,2025-01-09 20:48:00,1245,2025-01-09 20:48:00
123,13,2025-01-09 20:51:00,1245,2025-01-09 20:51:00
122,14,2025-01-09 20:53:00,1245,2025-01-09 20:53:00
121,15,2025-01-09 20:55:00,1245,2025-01-09 20:55:00
120,16,2025-01-09 20:58:00,1245,2025-01-09 20:58:00
119,17,2025-01-09 21:00:00,1245,2025-01-09 21:00:00
118,18,2025-01-09 21:02:00,1245,2025-01-09 21:02:00
117,19,2025-01-09 21:04:00,1245,2025-01-09 21:04:00
116,20,2025-01-09 21:05:00,1245,2025-01-09 21:05:00
115,21,2025-01-09 21:07:00,1245,2025-01-09 21:07:00
114,22,2025-01-09 21:09:00,1245,2025-01-09 21:09:00
113,23,2025-01-09 21:11:00,1245,2025-01-09 21:11:00
112,24,2025-01-09 21:13:00,1245,2025-01-09 21:13:00
111,25,2025-01-09 21:15:00,1245,2025-01-09 21:15:00
110,26,2025-01-09 21:17:00,1245,2025-01-09 21:17:00
109,27,2025-01-09 21:19:00,1245,2025-01-09 21:19:00
108,28,2025-01-09 21:21:00,1245,2025-01-09 21:21:00
107,29,2025-01-09 21:23:00,1245,2025-01-09 21:23:00
106,30,2025-01-09 21:26:00,1245,2025-01-09 21:26:00
105,31,2025-01-09 21:27:00,1245,2025-01-09 21:27:00
104,32,2025-01-09 21:29:00,1245,2025-01-09 21:29:00
103,33,2025-01-09 21:33:00,1245,2025-01-09 21:33:00
102,34,2025-01-09 21:36:00,1245,2025-01-09 21:36:00
101,35,2025-01-09 21:39:00,1245,2025-01-09 21:39:00
100,36,2025-01-09 21:43:00,1245,2025-01-09 21:43:00
136,0,2025-01-09 20:28:00,1246,2025-01-09 20:28:00
135,1,2025-01-09 20:30:00,1246,2025-01-09 20:30:00
134,2,2025-01-09 20:32:00,1246,2025-01-09 20:32:00
133,3,2025-01-09 20:34:00,1246,2025-01-09 20:34:00
132,4,2025-01-09 20:37:00,1246,2025-01-09 20:37:00
131,5,2025-01-09 20:38:00,1246,2025-01-09 20:38:00
130,6,2025-01-09 20:40:00,1246,2025-01-09 20:40:00
129,7,2025-01-09 20:42:00,1246,2025-01-09 20:42:00
128,8,2025-01-09 20:44:00,1246,2025-01-09 20:44:00
127,9,2025-01-09 20:46:00,1246,2025-01-09 20:46:00
126,10,2025-01-09 20:49:00,1246,2025-01-09 20:49:00
125,11,2025-01-09 20:52:00,1246,2025-01-09 20:52:00
124,12,2025-01-09 20:54:00,1246,2025-01-09 20:54:00
123,13,2025-01-09 20:57:00,1246,2025-01-09 20:57:00
122,14,2025-01-09 20:59:00,1246,2025-01-09 20:59:00
121,15,2025-01-09 21:01:00,1246,2025-01-09 21:01:00
120,16,2025-01-09 21:04:00,1246,2025-01-09 21:04:00
119,17,2025-01-09 21:06:00,1246,2025-01-09 21:06:00
118,18,2025-01-09 21:08:00,1246,2025-01-09 21:08:00
117,19,2025-01-09 21:10:00,1246,2025-01-09 21:10:00
116,20,2025-01-09 21:11:00,1246,2025-01-09 21:11:00
115,21,2025-01-09 21:13:00,1246,2025-01-09 21:13:00
114,22,2025-01-09 21:15:00,1246,2025-01-09 21:15:00
113,23,2025-01-09 21:17:00,1246,2025-01-09 21:17:00
112,24,2025-01-09 21:19:00,1246,2025-01-09 21:19:00
111,25,2025-01-09 21:21:00,1246,2025-01-09 21:21:00
110,26,2025-01-09 21:23:00,1246,2025-01-09 21:23:00
109,27,2025-01-09 21:25:00,1246,2025-01-09 21:25:00
108,28,2025-01-09 21:27:00,1246,2025-01-09 21:27:00
107,29,2025-01-09 21:29:00,1246,2025-01-09 21:29:00
106,30,2025-01-09 21:32:00,1246,2025-01-09 21:32:00
105,31,2025-01-09 21:33:00,1246,2025-01-09 21:33:00
104,32,2025-01-09 21:35:00,1246,2025-01-09 21:35:00
103,33,2025-01-09 21:39:00,1246,2025-01-09 21:39:00
102,34,2025-01-09 21:42:00,1246,2025-01-09 21:42:00
101,35,2025-01-09 21:45:00,1246,2025-01-09 21:45:00
100,36,2025-01-09 21:49:00,1246,2025-01-09 21:49:00
136,0,2025-01-09 20:34:00,1247,2025-01-09 20:34:00
135,1,2025-01-09 20:36:00,1247,2025-01-09 20:36:00
134,2,2025-01-09 20:38:00,1247,2025-01-09 20:38:00
133,3,2025-01-09 20:40:00,1247,2025-01-09 20:40:00
132,4,2025-01-09 20:43:00,1247,2025-01-09 20:43:00
131,5,2025-01-09 20:44:00,1247,2025-01-09 20:44:00
130,6,2025-01-09 20:46:00,1247,2025-01-09 20:46:00
129,7,2025-01-09 20:48:00,1247,2025-01-09 20:48:00
128,8,2025-01-09 20:50:00,1247,2025-01-09 20:50:00
127,9,2025-01-09 20:52:00,1247,2025-01-09 20:52:00
126,10,2025-01-09 20:55:00,1247,2025-01-09 20:55:00
125,11,2025-01-09 20:58:00,1247,2025-01-09 20:58:00
124,12,2025-01-09 21:00:00,1247,2025-01-09 21:00:00
123,13,2025-01-09 21:03:00,1247,2025-01-09 21:03:00
122,14,2025-01-09 21:05:00,1247,2025-01-09 21:05:00
121,15,2025-01-09 21:07:00,1247,2025-01-09 21:07:00
120,16,2025-01-09 21:10:00,1247,2025-01-09 21:10:00
119,17,2025-01-09 21:12:00,1247,2025-01-09 21:12:00
118,18,2025-01-09 21:14:00,1247,2025-01-09 21:14:00
117,19,2025-01-09 21:16:00,1247,2025-01-09 21:16:00
116,20,2025-01-09 21:17:00,1247,2025-01-09 21:17:00
115,21,2025-01-09 21:19:00,1247,2025-01-09 21:19:00
114,22,2025-01-09 21:21:00,1247,2025-01-09 21:21:00
113,23,2025-01-09 21:23:00,1247,2025-01-09 21:23:00
112,24,2025-01-09 21:25:00,1247,2025-01-09 21:25:00
111,25,2025-01-09 21:27:00,1247,2025-01-09 21:27:00
110,26,2025-01-09 21:29:00,1247,2025-01-09 21:29:00
109,27,2025-01-09 21:31:00,1247,2025-01-09 21:31:00
108,28,2025-01-09 21:33:00,1247,2025-01-09 21:33:00
107,29,2025-01-09 21:35:00,1247,2025-01-09 21:35:00
106,30,2025-01-09 21:38:00,1247,2025-01-09 21:38:00
105,31,2025-01-09 21:39:00,1247,2025-01-09 21:39:00
104,32,2025-01-09 21:41:00,1247,2025-01-09 21:41:00
103,33,2025-01-09 21:45:00,1247,2025-01-09 21:45:00
102,34,2025-01-09 21:48:00,1247,2025-01-09 21:48:00
101,35,2025-01-09 21:51:00,1247,2025-01-09 21:51:00
100,36,2025-01-09 21:55:00,1247,2025-01-09 21:55:00
136,0,2025-01-09 20:40:00,1248,2025-01-09 20:40:00
135,1,2025-01-09 20:42:00,1248,2025-01-09 20:42:00
134,2,2025-01-09 20:44:00,1248,2025-01-09 20:44:00
133,3,2025-01-09 20:46:00,1248,2025-01-09 20:46:00
132,4,2025-01-09 20:49:00,1248,2025-01-09 20:49:00
131,5,2025-01-09 20:50:00,1248,2025-01-09 20:50:00
130,6,2025-01-09 20:52:00,1248,2025-01-09 20:52:00
129,7,2025-01-09 20:54:00,1248,2025-01-09 20:54:00
128,8,2025-01-09 20:56:00,1248,2025-01-09 20:56:00
127,9,2025-01-09 20:58:00,1248,2025-01-09 20:58:00
126,10,2025-01-09 21:01:00,1248,2025-01-09 21:01:00
125,11,2025-01-09 21:04:00,1248,2025-01-09 21:04:00
124,12,2025-01-09 21:06:00,1248,2025-01-09 21:06:00
123,13,2025-01-09 21:09:00,1248,2025-01-09 21:09:00
122,14,2025-01-09 21:11:00,1248,2025-01-09 21:11:00
121,15,2025-01-09 21:13:00,1248,2025-01-09 21:13:00
120,16,2025-01-09 21:16:00,1248,2025-01-09 21:16:00
119,17,2025-01-09 21:18:00,1248,2025-01-09 21:18:00
118,18,2025-01-09 21:20:00,1248,2025-01-09 21:20:00
117,19,2025-01-09 21:22:00,1248,2025-01-09 21:22:00
116,20,2025-01-09 21:23:00,1248,2025-01-09 21:23:00
115,21,2025-01-09 21:25:00,1248,2025-01-09 21:25:00
114,22,2025-01-09 21:27:00,1248,2025-01-09 21:27:00
113,23,2025-01-09 21:29:00,1248,2025-01-09 21:29:00
112,24,2025-01-09 21:31:00,1248,2025-01-09 21:31:00
111,25,2025-01-09 21:33:00,1248,2025-01-09 21:33:00
110,26,2025-01-09 21:35:00,1248,2025-01-09 21:35:00
109,27,2025-01-09 21:37:00,1248,2025-01-09 21:37:00
108,28,2025-01-09 21:39:00,1248,2025-01-09 21:39:00
107,29,2025-01-09 21:41:00,1248,2025-01-09 21:41:00
106,30,2025-01-09 21:44:00,1248,2025-01-09 21:44:00
105,31,2025-01-09 21:45:00,1248,2025-01-09 21:45:00
104,32,2025-01-09 21:47:00,1248,2025-01-09 21:47:00
103,33,2025-01-09 21:51:00,1248,2025-01-09 21:51:00
102,34,2025-01-09 21:54:00,1248,2025-01-09 21:54:00
101,35,2025-01-09 21:57:00,1248,2025-01-09 21:57:00
100,36,2025-01-09 22:01:00,1248,2025-01-09 22:01:00
136,0,2025-01-09 20:48:00,1249,2025-01-09 20:48:00
135,1,2025-01-09 20:50:00,1249,2025-01-09 20:50:00
134,2,2025-01-09 20:52:00,1249,2025-01-09 20:52:00
133,3,2025-01-09 20:54:00,1249,2025-01-09 20:54:00
132,4,2025-01-09 20:57:00,1249,2025-01-09 20:57:00
131,5,2025-01-09 20:58:00,1249,2025-01-09 20:58:00
130,6,2025-01-09 21:00:00,1249,2025-01-09 21:00:00
129,7,2025-01-09 21:02:00,1249,2025-01-09 21:02:00
128,8,2025-01-09 21:04:00,1249,2025-01-09 21:04:00
127,9,2025-01-09 21:06:00,1249,2025-01-09 21:06:00
126,10,2025-01-09 21:09:00,1249,2025-01-09 21:09:00
125,11,2025-01-09 21:12:00,1249,2025-01-09 21:12:00
124,12,2025-01-09 21:14:00,1249,2025-01-09 21:14:00
123,13,2025-01-09 21:17:00,1249,2025-01-09 21:17:00
122,14,2025-01-09 21:19:00,1249,2025-01-09 21:19:00
121,15,2025-01-09 21:21:00,1249,2025-01-09 21:21:00
120,16,2025-01-09 21:24:00,1249,2025-01-09 21:24:00
119,17,2025-01-09 21:26:00,1249,2025-01-09 21:26:00
118,18,2025-01-09 21:28:00,1249,2025-01-09 21:28:00
117,19,2025-01-09 21:30:00,1249,2025-01-09 21:30:00
116,20,2025-01-09 21:31:00,1249,2025-01-09 21:31:00
115,21,2025-01-09 21:33:00,1249,2025-01-09 21:33:00
114,22,2025-01-09 21:35:00,1249,2025-01-09 21:35:00
113,23,2025-01-09 21:37:00,1249,2025-01-09 21:37:00
112,24,2025-01-09 21:39:00,1249,2025-01-09 21:39:00
111,25,2025-01-09 21:41:00,1249,2025-01-09 21:41:00
110,26,2025-01-09 21:43:00,1249,2025-01-09 21:43:00
109,27,2025-01-09 21:45:00,1249,2025-01-09 21:45:00
108,28,2025-01-09 21:47:00,1249,2025-01-09 21:47:00
107,29,2025-01-09 21:49:00,1249,2025-01-09 21:49:00
106,30,2025-01-09 21:52:00,1249,2025-01-09 21:52:00
105,31,2025-01-09 21:53:00,1249,2025-01-09 21:53:00
104,32,2025-01-09 21:55:00,1249,2025-01-09 21:55:00
103,33,2025-01-09 21:59:00,1249,2025-01-09 21:59:00
102,34,2025-01-09 22:02:00,1249,2025-01-09 22:02:00
101,35,2025-01-09 22:05:00,1249,2025-01-09 22:05:00
100,36,2025-01-09 22:09:00,1249,2025-01-09 22:09:00
136,0,2025-01-09 20:56:00,1250,2025-01-09 20:56:00
135,1,2025-01-09 20:58:00,1250,2025-01-09 20:58:00
134,2,2025-01-09 21:00:00,1250,2025-01-09 21:00:00
133,3,2025-01-09 21:02:00,1250,2025-01-09 21:02:00
132,4,2025-01-09 21:05:00,1250,2025-01-09 21:05:00
131,5,2025-01-09 21:06:00,1250,2025-01-09 21:06:00
130,6,2025-01-09 21:08:00,1250,2025-01-09 21:08:00
129,7,2025-01-09 21:10:00,1250,2025-01-09 21:10:00
128,8,2025-01-09 21:12:00,1250,2025-01-09 21:12:00
127,9,2025-01-09 21:14:00,1250,2025-01-09 21:14:00
126,10,2025-01-09 21:17:00,1250,2025-01-09 21:17:00
125,11,2025-01-09 21:20:00,1250,2025-01-09 21:20:00
124,12,2025-01-09 21:22:00,1250,2025-01-09 21:22:00
123,13,2025-01-09 21:25:00,1250,2025-01-09 21:25:00
122,14,2025-01-09 21:27:00,1250,2025-01-09 21:27:00
121,15,2025-01-09 21:29:00,1250,2025-01-09 21:29:00
120,16,2025-01-09 21:32:00,1250,2025-01-09 21:32:00
119,17,2025-01-09 21:34:00,1250,2025-01-09 21:34:00
118,18,2025-01-09 21:36:00,1250,2025-01-09 21:36:00
117,19,2025-01-09 21:38:00,1250,2025-01-09 21:38:00
116,20,2025-01-09 21:39:00,1250,2025-01-09 21:39:00
115,21,2025-01-09 21:41:00,1250,2025-01-09 21:41:00
114,22,2025-01-09 21:43:00,1250,2025-01-09 21:43:00
113,23,2025-01-09 21:45:00,1250,2025-01-09 21:45:00
112,24,2025-01-09 21:47:00,1250,2025-01-09 21:47:00
111,25,2025-01-09 21:49:00,1250,2025-01-09 21:49:00
110,26,2025-01-09 21:51:00,1250,2025-01-09 21:51:00
109,27,2025-01-09 21:53:00,1250,2025-01-09 21:53:00
108,28,2025-01-09 21:55:00,1250,2025-01-09 21:55:00
107,29,2025-01-09 21:57:00,1250,2025-01-09 21:57:00
106,30,2025-01-09 22:00:00,1250,2025-01-09 22:00:00
105,31,2025-01-09 22:01:00,1250,2025-01-09 22:01:00
104,32,2025-01-09 22:03:00,1250,2025-01-09 22:03:00
103,33,2025-01-09 22:07:00,1250,2025-01-09 22:07:00
102,34,2025-01-09 22:10:00,1250,2025-01-09 22:10:00
101,35,2025-01-09 22:13:00,1250,2025-01-09 22:13:00
100,36,2025-01-09 22:17:00,1250,2025-01-09 22:17:00
136,0,2025-01-09 21:04:00,1251,2025-01-09 21:04:00
135,1,2025-01-09 21:06:00,1251,2025-01-09 21:06:00
134,2,2025-01-09 21:08:00,1251,2025-01-09 21:08:00
133,3,2025-01-09 21:10:00,1251,2025-01-09 21:10:00
132,4,2025-01-09 21:13:00,1251,2025-01-09 21:13:00
131,5,2025-01-09 21:14:00,1251,2025-01-09 21:14:00
130,6,2025-01-09 21:16:00,1251,2025-01-09 21:16:00
129,7,2025-01-09 21:18:00,1251,2025-01-09 21:18:00
128,8,2025-01-09 21:20:00,1251,2025-01-09 21:20:00
127,9,2025-01-09 21:22:00,1251,2025-01-09 21:22:00
126,10,2025-01-09 21:25:00,1251,2025-01-09 21:25:00
125,11,2025-01-09 21:28:00,1251,2025-01-09 21:28:00
124,12,2025-01-09 21:30:00,1251,2025-01-09 21:30:00
123,13,2025-01-09 21:33:00,1251,2025-01-09 21:33:00
122,14,2025-01-09 21:35:00,1251,2025-01-09 21:35:00
121,15,2025-01-09 21:37:00,1251,2025-01-09 21:37:00
120,16,2025-01-09 21:40:00,1251,2025-01-09 21:40:00
119,17,2025-01-09 21:42:00,1251,2025-01-09 21:42:00
118,18,2025-01-09 21:44:00,1251,2025-01-09 21:44:00
117,19,2025-01-09 21:46:00,1251,2025-01-09 21:46:00
116,20,2025-01-09 21:47:00,1251,2025-01-09 21:47:00
115,21,2025-01-09 21:49:00,1251,2025-01-09 21:49:00
114,22,2025-01-09 21:51:00,1251,2025-01-09 21:51:00
113,23,2025-01-09 21:53:00,1251,2025-01-09 21:53:00
112,24,2025-01-09 21:55:00,1251,2025-01-09 21:55:00
111,25,2025-01-09 21:57:00,1251,2025-01-09 21:57:00
110,26,2025-01-09 21:59:00,1251,2025-01-09 21:59:00
109,27,2025-01-09 22:01:00,1251,2025-01-09 22:01:00
108,28,2025-01-09 22:03:00,1251,2025-01-09 22:03:00
107,29,2025-01-09 22:05:00,1251,2025-01-09 22:05:00
106,30,2025-01-09 22:08:00,1251,2025-01-09 22:08:00
105,31,2025-01-09 22:09:00,1251,2025-01-09 22:09:00
104,32,2025-01-09 22:11:00,1251,2025-01-09 22:11:00
103,33,2025-01-09 22:15:00,1251,2025-01-09 22:15:00
102,34,2025-01-09 22:18:00,1251,2025-01-09 22:18:00
101,35,2025-01-09 22:21:00,1251,2025-01-09 22:21:00
100,36,2025-01-09 22:25:00,1251,2025-01-09 22:25:00
136,0,2025-01-09 21:12:00,1252,2025-01-09 21:12:00
135,1,2025-01-09 21:14:00,1252,2025-01-09 21:14:00
134,2,2025-01-09 21:16:00,1252,2025-01-09 21:16:00
133,3,2025-01-09 21:18:00,1252,2025-01-09 21:18:00
132,4,2025-01-09 21:21:00,1252,2025-01-09 21:21:00
131,5,2025-01-09 21:22:00,1252,2025-01-09 21:22:00
130,6,2025-01-09 21:24:00,1252,2025-01-09 21:24:00
129,7,2025-01-09 21:26:00,1252,2025-01-09 21:26:00
128,8,2025-01-09 21:28:00,1252,2025-01-09 21:28:00
127,9,2025-01-09 21:30:00,1252,2025-01-09 21:30:00
126,10,2025-01-09 21:33:00,1252,2025-01-09 21:33:00
125,11,2025-01-09 21:36:00,1252,2025-01-09 21:36:00
124,12,2025-01-09 21:38:00,1252,2025-01-09 21:38:00
123,13,2025-01-09 21:41:00,1252,2025-01-09 21:41:00
122,14,2025-01-09 21:43:00,1252,2025-01-09 21:43:00
121,15,2025-01-09 21:45:00,1252,2025-01-09 21:45:00
120,16,2025-01-09 21:48:00,1252,2025-01-09 21:48:00
119,17,2025-01-09 21:50:00,1252,2025-01-09 21:50:00
118,18,2025-01-09 21:52:00,1252,2025-01-09 21:52:00
117,19,2025-01-09 21:54:00,1252,2025-01-09 21:54:00
116,20,2025-01-09 21:55:00,1252,2025-01-09 21:55:00
115,21,2025-01-09 21:57:00,1252,2025-01-09 21:57:00
114,22,2025-01-09 21:59:00,1252,2025-01-09 21:59:00
113,23,2025-01-09 22:01:00,1252,2025-01-09 22:01:00
112,24,2025-01-09 22:03:00,1252,2025-01-09 22:03:00
111,25,2025-01-09 22:05:00,1252,2025-01-09 22:05:00
110,26,2025-01-09 22:07:00,1252,2025-01-09 22:07:00
109,27,2025-01-09 22:09:00,1252,2025-01-09 22:09:00
108,28,2025-01-09 22:11:00,1252,2025-01-09 22:11:00
107,29,2025-01-09 22:13:00,1252,2025-01-09 22:13:00
106,30,2025-01-09 22:16:00,1252,2025-01-09 22:16:00
105,31,2025-01-09 22:17:00,1252,2025-01-09 22:17:00
104,32,2025-01-09 22:19:00,1252,2025-01-09 22:19:00
103,33,2025-01-09 22:23:00,1252,2025-01-09 22:23:00
102,34,2025-01-09 22:26:00,1252,2025-01-09 22:26:00
101,35,2025-01-09 22:29:00,1252,2025-01-09 22:29:00
100,36,2025-01-09 22:33:00,1252,2025-01-09 22:33:00
136,0,2025-01-09 21:20:00,1253,2025-01-09 21:20:00
135,1,2025-01-09 21:22:00,1253,2025-01-09 21:22:00
134,2,2025-01-09 21:24:00,1253,2025-01-09 21:24:00
133,3,2025-01-09 21:26:00,1253,2025-01-09 21:26:00
132,4,2025-01-09 21:29:00,1253,2025-01-09 21:29:00
131,5,2025-01-09 21:30:00,1253,2025-01-09 21:30:00
130,6,2025-01-09 21:32:00,1253,2025-01-09 21:32:00
129,7,2025-01-09 21:34:00,1253,2025-01-09 21:34:00
128,8,2025-01-09 21:36:00,1253,2025-01-09 21:36:00
127,9,2025-01-09 21:38:00,1253,2025-01-09 21:38:00
126,10,2025-01-09 21:41:00,1253,2025-01-09 21:41:00
125,11,2025-01-09 21:44:00,1253,2025-01-09 21:44:00
124,12,2025-01-09 21:46:00,1253,2025-01-09 21:46:00
123,13,2025-01-09 21:49:00,1253,2025-01-09 21:49:00
122,14,2025-01-09 21:51:00,1253,2025-01-09 21:51:00
121,15,2025-01-09 21:53:00,1253,2025-01-09 21:53:00
120,16,2025-01-09 21:56:00,1253,2025-01-09 21:56:00
119,17,2025-01-09 21:58:00,1253,2025-01-09 21:58:00
118,18,2025-01-09 22:00:00,1253,2025-01-09 22:00:00
117,19,2025-01-09 22:02:00,1253,2025-01-09 22:02:00
116,20,2025-01-09 22:03:00,1253,2025-01-09 22:03:00
115,21,2025-01-09 22:05:00,1253,2025-01-09 22:05:00
114,22,2025-01-09 22:07:00,1253,2025-01-09 22:07:00
113,23,2025-01-09 22:09:00,1253,2025-01-09 22:09:00
112,24,2025-01-09 22:11:00,1253,2025-01-09 22:11:00
111,25,2025-01-09 22:13:00,1253,2025-01-09 22:13:00
110,26,2025-01-09 22:15:00,1253,2025-01-09 22:15:00
109,27,2025-01-09 22:17:00,1253,2025-01-09 22:17:00
108,28,2025-01-09 22:19:00,1253,2025-01-09 22:19:00
107,29,2025-01-09 22:21:00,1253,2025-01-09 22:21:00
106,30,2025-01-09 22:24:00,1253,2025-01-09 22:24:00
105,31,2025-01-09 22:25:00,1253,2025-01-09 22:25:00
104,32,2025-01-09 22:27:00,1253,2025-01-09 22:27:00
103,33,2025-01-09 22:31:00,1253,2025-01-09 22:31:00
102,34,2025-01-09 22:34:00,1253,2025-01-09 22:34:00
101,35,2025-01-09 22:37:00,1253,2025-01-09 22:37:00
100,36,2025-01-09 22:41:00,1253,2025-01-09 22:41:00
136,0,2025-01-09 21:28:00,1254,2025-01-09 21:28:00
135,1,2025-01-09 21:30:00,1254,2025-01-09 21:30:00
134,2,2025-01-09 21:32:00,1254,2025-01-09 21:32:00
133,3,2025-01-09 21:34:00,1254,2025-01-09 21:34:00
132,4,2025-01-09 21:37:00,1254,2025-01-09 21:37:00
131,5,2025-01-09 21:38:00,1254,2025-01-09 21:38:00
130,6,2025-01-09 21:40:00,1254,2025-01-09 21:40:00
129,7,2025-01-09 21:42:00,1254,2025-01-09 21:42:00
128,8,2025-01-09 21:44:00,1254,2025-01-09 21:44:00
127,9,2025-01-09 21:46:00,1254,2025-01-09 21:46:00
126,10,2025-01-09 21:49:00,1254,2025-01-09 21:49:00
125,11,2025-01-09 21:52:00,1254,2025-01-09 21:52:00
124,12,2025-01-09 21:54:00,1254,2025-01-09 21:54:00
123,13,2025-01-09 21:57:00,1254,2025-01-09 21:57:00
122,14,2025-01-09 21:59:00,1254,2025-01-09 21:59:00
121,15,2025-01-09 22:01:00,1254,2025-01-09 22:01:00
120,16,2025-01-09 22:04:00,1254,2025-01-09 22:04:00
119,17,2025-01-09 22:06:00,1254,2025-01-09 22:06:00
118,18,2025-01-09 22:08:00,1254,2025-01-09 22:08:00
117,19,2025-01-09 22:10:00,1254,2025-01-09 22:10:00
116,20,2025-01-09 22:11:00,1254,2025-01-09 22:11:00
115,21,2025-01-09 22:13:00,1254,2025-01-09 22:13:00
114,22,2025-01-09 22:15:00,1254,2025-01-09 22:15:00
113,23,2025-01-09 22:17:00,1254,2025-01-09 22:17:00
112,24,2025-01-09 22:19:00,1254,2025-01-09 22:19:00
111,25,2025-01-09 22:21:00,1254,2025-01-09 22:21:00
110,26,2025-01-09 22:23:00,1254,2025-01-09 22:23:00
109,27,2025-01-09 22:25:00,1254,2025-01-09 22:25:00
108,28,2025-01-09 22:27:00,1254,2025-01-09 22:27:00
107,29,2025-01-09 22:29:00,1254,2025-01-09 22:29:00
106,30,2025-01-09 22:32:00,1254,2025-01-09 22:32:00
105,31,2025-01-09 22:33:00,1254,2025-01-09 22:33:00
104,32,2025-01-09 22:35:00,1254,2025-01-09 22:35:00
103,33,2025-01-09 22:39:00,1254,2025-01-09 22:39:00
102,34,2025-01-09 22:42:00,1254,2025-01-09 22:42:00
101,35,2025-01-09 22:45:00,1254,2025-01-09 22:45:00
100,36,2025-01-09 22:49:00,1254,2025-01-09 22:49:00
136,0,2025-01-09 21:35:00,1255,2025-01-09 21:35:00
135,1,2025-01-09 21:37:00,1255,2025-01-09 21:37:00
134,2,2025-01-09 21:39:00,1255,2025-01-09 21:39:00
133,3,2025-01-09 21:41:00,1255,2025-01-09 21:41:00
132,4,2025-01-09 21:44:00,1255,2025-01-09 21:44:00
131,5,2025-01-09 21:45:00,1255,2025-01-09 21:45:00
130,6,2025-01-09 21:47:00,1255,2025-01-09 21:47:00
129,7,2025-01-09 21:49:00,1255,2025-01-09 21:49:00
128,8,2025-01-09 21:51:00,1255,2025-01-09 21:51:00
127,9,2025-01-09 21:53:00,1255,2025-01-09 21:53:00
126,10,2025-01-09 21:56:00,1255,2025-01-09 21:56:00
125,11,2025-01-09 21:59:00,1255,2025-01-09 21:59:00
124,12,2025-01-09 22:01:00,1255,2025-01-09 22:01:00
123,13,2025-01-09 22:04:00,1255,2025-01-09 22:04:00
122,14,2025-01-09 22:06:00,1255,2025-01-09 22:06:00
121,15,2025-01-09 22:08:00,1255,2025-01-09 22:08:00
120,16,2025-01-09 22:11:00,1255,2025-01-09 22:11:00
119,17,2025-01-09 22:13:00,1255,2025-01-09 22:13:00
118,18,2025-01-09 22:15:00,1255,2025-01-09 22:15:00
117,19,2025-01-09 22:17:00,1255,2025-01-09 22:17:00
116,20,2025-01-09 22:18:00,1255,2025-01-09 22:18:00
115,21,2025-01-09 22:20:00,1255,2025-01-09 22:20:00
114,22,2025-01-09 22:22:00,1255,2025-01-09 22:22:00
113,23,2025-01-09 22:24:00,1255,2025-01-09 22:24:00
112,24,2025-01-09 22:26:00,1255,2025-01-09 22:26:00
111,25,2025-01-09 22:28:00,1255,2025-01-09 22:28:00
110,26,2025-01-09 22:30:00,1255,2025-01-09 22:30:00
109,27,2025-01-09 22:32:00,1255,2025-01-09 22:32:00
108,28,2025-01-09 22:34:00,1255,2025-01-09 22:34:00
107,29,2025-01-09 22:36:00,1255,2025-01-09 22:36:00
106,30,2025-01-09 22:39:00,1255,2025-01-09 22:39:00
105,31,2025-01-09 22:40:00,1255,2025-01-09 22:40:00
104,32,2025-01-09 22:42:00,1255,2025-01-09 22:42:00
103,33,2025-01-09 22:46:00,1255,2025-01-09 22:46:00
102,34,2025-01-09 22:49:00,1255,2025-01-09 22:49:00
101,35,2025-01-09 22:52:00,1255,2025-01-09 22:52:00
100,36,2025-01-09 22:56:00,1255,2025-01-09 22:56:00
136,0,2025-01-09 21:45:00,1256,2025-01-09 21:45:00
135,1,2025-01-09 21:47:00,1256,2025-01-09 21:47:00
134,2,2025-01-09 21:49:00,1256,2025-01-09 21:49:00
133,3,2025-01-09 21:51:00,1256,2025-01-09 21:51:00
132,4,2025-01-09 21:54:00,1256,2025-01-09 21:54:00
131,5,2025-01-09 21:55:00,1256,2025-01-09 21:55:00
130,6,2025-01-09 21:57:00,1256,2025-01-09 21:57:00
129,7,2025-01-09 21:59:00,1256,2025-01-09 21:59:00
128,8,2025-01-09 22:01:00,1256,2025-01-09 22:01:00
127,9,2025-01-09 22:03:00,1256,2025-01-09 22:03:00
126,10,2025-01-09 22:06:00,1256,2025-01-09 22:06:00
125,11,2025-01-09 22:09:00,1256,2025-01-09 22:09:00
124,12,2025-01-09 22:11:00,1256,2025-01-09 22:11:00
123,13,2025-01-09 22:14:00,1256,2025-01-09 22:14:00
122,14,2025-01-09 22:16:00,1256,2025-01-09 22:16:00
121,15,2025-01-09 22:18:00,1256,2025-01-09 22:18:00
120,16,2025-01-09 22:21:00,1256,2025-01-09 22:21:00
119,17,2025-01-09 22:23:00,1256,2025-01-09 22:23:00
118,18,2025-01-09 22:25:00,1256,2025-01-09 22:25:00
117,19,2025-01-09 22:27:00,1256,2025-01-09 22:27:00
116,20,2025-01-09 22:28:00,1256,2025-01-09 22:28:00
115,21,2025-01-09 22:30:00,1256,2025-01-09 22:30:00
114,22,2025-01-09 22:32:00,1256,2025-01-09 22:32:00
113,23,2025-01-09 22:34:00,1256,2025-01-09 22:34:00
112,24,2025-01-09 22:36:00,1256,2025-01-09 22:36:00
111,25,2025-01-09 22:38:00,1256,2025-01-09 22:38:00
110,26,2025-01-09 22:40:00,1256,2025-01-09 22:40:00
109,27,2025-01-09 22:42:00,1256,2025-01-09 22:42:00
108,28,2025-01-09 22:44:00,1256,2025-01-09 22:44:00
107,29,2025-01-09 22:46:00,1256,2025-01-09 22:46:00
106,30,2025-01-09 22:49:00,1256,2025-01-09 22:49:00
105,31,2025-01-09 22:50:00,1256,2025-01-09 22:50:00
104,32,2025-01-09 22:52:00,1256,2025-01-09 22:52:00
103,33,2025-01-09 22:56:00,1256,2025-01-09 22:56:00
102,34,2025-01-09 22:59:00,1256,2025-01-09 22:59:00
101,35,2025-01-09 23:02:00,1256,2025-01-09 23:02:00
100,36,2025-01-09 23:06:00,1256,2025-01-09 23:06:00
136,0,2025-01-09 21:55:00,1257,2025-01-09 21:55:00
135,1,2025-01-09 21:57:00,1257,2025-01-09 21:57:00
134,2,2025-01-09 21:59:00,1257,2025-01-09 21:59:00
133,3,2025-01-09 22:01:00,1257,2025-01-09 22:01:00
132,4,2025-01-09 22:04:00,1257,2025-01-09 22:04:00
131,5,2025-01-09 22:05:00,1257,2025-01-09 22:05:00
130,6,2025-01-09 22:07:00,1257,2025-01-09 22:07:00
129,7,2025-01-09 22:09:00,1257,2025-01-09 22:09:00
128,8,2025-01-09 22:11:00,1257,2025-01-09 22:11:00
127,9,2025-01-09 22:13:00,1257,2025-01-09 22:13:00
126,10,2025-01-09 22:16:00,1257,2025-01-09 22:16:00
125,11,2025-01-09 22:19:00,1257,2025-01-09 22:19:00
124,12,2025-01-09 22:21:00,1257,2025-01-09 22:21:00
123,13,2025-01-09 22:24:00,1257,2025-01-09 22:24:00
122,14,2025-01-09 22:26:00,1257,2025-01-09 22:26:00
121,15,2025-01-09 22:28:00,1257,2025-01-09 22:28:00
120,16,2025-01-09 22:31:00,1257,2025-01-09 22:31:00
119,17,2025-01-09 22:33:00,1257,2025-01-09 22:33:00
118,18,2025-01-09 22:35:00,1257,2025-01-09 22:35:00
117,19,2025-01-09 22:37:00,1257,2025-01-09 22:37:00
116,20,2025-01-09 22:38:00,1257,2025-01-09 22:38:00
115,21,2025-01-09 22:40:00,1257,2025-01-09 22:40:00
114,22,2025-01-09 22:42:00,1257,2025-01-09 22:42:00
113,23,2025-01-09 22:44:00,1257,2025-01-09 22:44:00
112,24,2025-01-09 22:46:00,1257,2025-01-09 22:46:00
111,25,2025-01-09 22:48:00,1257,2025-01-09 22:48:00
110,26,2025-01-09 22:50:00,1257,2025-01-09 22:50:00
109,27,2025-01-09 22:52:00,1257,2025-01-09 22:52:00
108,28,2025-01-09 22:54:00,1257,2025-01-09 22:54:00
107,29,2025-01-09 22:56:00,1257,2025-01-09 22:56:00
106,30,2025-01-09 22:59:00,1257,2025-01-09 22:59:00
105,31,2025-01-09 23:00:00,1257,2025-01-09 23:00:00
104,32,2025-01-09 23:02:00,1257,2025-01-09 23:02:00
103,33,2025-01-09 23:06:00,1257,2025-01-09 23:06:00
102,34,2025-01-09 23:09:00,1257,2025-01-09 23:09:00
101,35,2025-01-09 23:12:00,1257,2025-01-09 23:12:00
100,36,2025-01-09 23:16:00,1257,2025-01-09 23:16:00
136,0,2025-01-09 22:05:00,1258,2025-01-09 22:05:00
135,1,2025-01-09 22:07:00,1258,2025-01-09 22:07:00
134,2,2025-01-09 22:09:00,1258,2025-01-09 22:09:00
133,3,2025-01-09 22:11:00,1258,2025-01-09 22:11:00
132,4,2025-01-09 22:14:00,1258,2025-01-09 22:14:00
131,5,2025-01-09 22:15:00,1258,2025-01-09 22:15:00
130,6,2025-01-09 22:17:00,1258,2025-01-09 22:17:00
129,7,2025-01-09 22:19:00,1258,2025-01-09 22:19:00
128,8,2025-01-09 22:21:00,1258,2025-01-09 22:21:00
127,9,2025-01-09 22:23:00,1258,2025-01-09 22:23:00
126,10,2025-01-09 22:26:00,1258,2025-01-09 22:26:00
125,11,2025-01-09 22:29:00,1258,2025-01-09 22:29:00
124,12,2025-01-09 22:31:00,1258,2025-01-09 22:31:00
123,13,2025-01-09 22:34:00,1258,2025-01-09 22:34:00
122,14,2025-01-09 22:36:00,1258,2025-01-09 22:36:00
121,15,2025-01-09 22:38:00,1258,2025-01-09 22:38:00
120,16,2025-01-09 22:41:00,1258,2025-01-09 22:41:00
119,17,2025-01-09 22:43:00,1258,2025-01-09 22:43:00
118,18,2025-01-09 22:45:00,1258,2025-01-09 22:45:00
117,19,2025-01-09 22:47:00,1258,2025-01-09 22:47:00
116,20,2025-01-09 22:48:00,1258,2025-01-09 22:48:00
115,21,2025-01-09 22:50:00,1258,2025-01-09 22:50:00
114,22,2025-01-09 22:52:00,1258,2025-01-09 22:52:00
113,23,2025-01-09 22:54:00,1258,2025-01-09 22:54:00
112,24,2025-01-09 22:56:00,1258,2025-01-09 22:56:00
111,25,2025-01-09 22:58:00,1258,2025-01-09 22:58:00
110,26,2025-01-09 23:00:00,1258,2025-01-09 23:00:00
109,27,2025-01-09 23:02:00,1258,2025-01-09 23:02:00
108,28,2025-01-09 23:04:00,1258,2025-01-09 23:04:00
107,29,2025-01-09 23:06:00,1258,2025-01-09 23:06:00
106,30,2025-01-09 23:09:00,1258,2025-01-09 23:09:00
105,31,2025-01-09 23:10:00,1258,2025-01-09 23:10:00
104,32,2025-01-09 23:12:00,1258,2025-01-09 23:12:00
103,33,2025-01-09 23:16:00,1258,2025-01-09 23:16:00
102,34,2025-01-09 23:19:00,1258,2025-01-09 23:19:00
101,35,2025-01-09 23:22:00,1258,2025-01-09 23:22:00
100,36,2025-01-09 23:26:00,1258,2025-01-09 23:26:00
136,0,2025-01-09 22:15:00,1259,2025-01-09 22:15:00
135,1,2025-01-09 22:17:00,1259,2025-01-09 22:17:00
134,2,2025-01-09 22:19:00,1259,2025-01-09 22:19:00
133,3,2025-01-09 22:21:00,1259,2025-01-09 22:21:00
132,4,2025-01-09 22:24:00,1259,2025-01-09 22:24:00
131,5,2025-01-09 22:25:00,1259,2025-01-09 22:25:00
130,6,2025-01-09 22:27:00,1259,2025-01-09 22:27:00
129,7,2025-01-09 22:29:00,1259,2025-01-09 22:29:00
128,8,2025-01-09 22:31:00,1259,2025-01-09 22:31:00
127,9,2025-01-09 22:33:00,1259,2025-01-09 22:33:00
126,10,2025-01-09 22:36:00,1259,2025-01-09 22:36:00
125,11,2025-01-09 22:39:00,1259,2025-01-09 22:39:00
124,12,2025-01-09 22:41:00,1259,2025-01-09 22:41:00
123,13,2025-01-09 22:44:00,1259,2025-01-09 22:44:00
122,14,2025-01-09 22:46:00,1259,2025-01-09 22:46:00
121,15,2025-01-09 22:48:00,1259,2025-01-09 22:48:00
120,16,2025-01-09 22:51:00,1259,2025-01-09 22:51:00
119,17,2025-01-09 22:53:00,1259,2025-01-09 22:53:00
118,18,2025-01-09 22:55:00,1259,2025-01-09 22:55:00
117,19,2025-01-09 22:57:00,1259,2025-01-09 22:57:00
116,20,2025-01-09 22:58:00,1259,2025-01-09 22:58:00
115,21,2025-01-09 23:00:00,1259,2025-01-09 23:00:00
114,22,2025-01-09 23:02:00,1259,2025-01-09 23:02:00
113,23,2025-01-09 23:04:00,1259,2025-01-09 23:04:00
112,24,2025-01-09 23:06:00,1259,2025-01-09 23:06:00
111,25,2025-01-09 23:08:00,1259,2025-01-09 23:08:00
110,26,2025-01-09 23:10:00,1259,2025-01-09 23:10:00
109,27,2025-01-09 23:12:00,1259,2025-01-09 23:12:00
108,28,2025-01-09 23:14:00,1259,2025-01-09 23:14:00
107,29,2025-01-09 23:16:00,1259,2025-01-09 23:16:00
106,30,2025-01-09 23:19:00,1259,2025-01-09 23:19:00
105,31,2025-01-09 23:20:00,1259,2025-01-09 23:20:00
104,32,2025-01-09 23:22:00,1259,2025-01-09 23:22:00
103,33,2025-01-09 23:26:00,1259,2025-01-09 23:26:00
102,34,2025-01-09 23:29:00,1259,2025-01-09 23:29:00
101,35,2025-01-09 23:32:00,1259,2025-01-09 23:32:00
100,36,2025-01-09 23:36:00,1259,2025-01-09 23:36:00
136,0,2025-01-09 22:30:00,1260,2025-01-09 22:30:00
135,1,2025-01-09 22:32:00,1260,2025-01-09 22:32:00
134,2,2025-01-09 22:34:00,1260,2025-01-09 22:34:00
133,3,2025-01-09 22:36:00,1260,2025-01-09 22:36:00
132,4,2025-01-09 22:39:00,1260,2025-01-09 22:39:00
131,5,2025-01-09 22:40:00,1260,2025-01-09 22:40:00
130,6,2025-01-09 22:42:00,1260,2025-01-09 22:42:00
129,7,2025-01-09 22:44:00,1260,2025-01-09 22:44:00
128,8,2025-01-09 22:46:00,1260,2025-01-09 22:46:00
127,9,2025-01-09 22:48:00,1260,2025-01-09 22:48:00
126,10,2025-01-09 22:51:00,1260,2025-01-09 22:51:00
125,11,2025-01-09 22:54:00,1260,2025-01-09 22:54:00
124,12,2025-01-09 22:56:00,1260,2025-01-09 22:56:00
123,13,2025-01-09 22:59:00,1260,2025-01-09 22:59:00
122,14,2025-01-09 23:01:00,1260,2025-01-09 23:01:00
121,15,2025-01-09 23:03:00,1260,2025-01-09 23:03:00
120,16,2025-01-09 23:06:00,1260,2025-01-09 23:06:00
119,17,2025-01-09 23:08:00,1260,2025-01-09 23:08:00
118,18,2025-01-09 23:10:00,1260,2025-01-09 23:10:00
117,19,2025-01-09 23:12:00,1260,2025-01-09 23:12:00
116,20,2025-01-09 23:13:00,1260,2025-01-09 23:13:00
115,21,2025-01-09 23:15:00,1260,2025-01-09 23:15:00
114,22,2025-01-09 23:17:00,1260,2025-01-09 23:17:00
113,23,2025-01-09 23:19:00,1260,2025-01-09 23:19:00
112,24,2025-01-09 23:21:00,1260,2025-01-09 23:21:00
111,25,2025-01-09 23:23:00,1260,2025-01-09 23:23:00
110,26,2025-01-09 23:25:00,1260,2025-01-09 23:25:00
109,27,2025-01-09 23:27:00,1260,2025-01-09 23:27:00
108,28,2025-01-09 23:29:00,1260,2025-01-09 23:29:00
107,29,2025-01-09 23:31:00,1260,2025-01-09 23:31:00
106,30,2025-01-09 23:34:00,1260,2025-01-09 23:34:00
105,31,2025-01-09 23:35:00,1260,2025-01-09 23:35:00
104,32,2025-01-09 23:37:00,1260,2025-01-09 23:37:00
103,33,2025-01-09 23:41:00,1260,2025-01-09 23:41:00
102,34,2025-01-09 23:44:00,1260,2025-01-09 23:44:00
101,35,2025-01-09 23:47:00,1260,2025-01-09 23:47:00
100,36,2025-01-09 23:51:00,1260,2025-01-09 23:51:00
136,0,2025-01-09 22:45:00,1261,2025-01-09 22:45:00
135,1,2025-01-09 22:47:00,1261,2025-01-09 22:47:00
134,2,2025-01-09 22:49:00,1261,2025-01-09 22:49:00
133,3,2025-01-09 22:51:00,1261,2025-01-09 22:51:00
132,4,2025-01-09 22:54:00,1261,2025-01-09 22:54:00
131,5,2025-01-09 22:55:00,1261,2025-01-09 22:55:00
130,6,2025-01-09 22:57:00,1261,2025-01-09 22:57:00
129,7,2025-01-09 22:59:00,1261,2025-01-09 22:59:00
128,8,2025-01-09 23:01:00,1261,2025-01-09 23:01:00
127,9,2025-01-09 23:03:00,1261,2025-01-09 23:03:00
126,10,2025-01-09 23:06:00,1261,2025-01-09 23:06:00
125,11,2025-01-09 23:09:00,1261,2025-01-09 23:09:00
124,12,2025-01-09 23:11:00,1261,2025-01-09 23:11:00
123,13,2025-01-09 23:14:00,1261,2025-01-09 23:14:00
122,14,2025-01-09 23:16:00,1261,2025-01-09 23:16:00
121,15,2025-01-09 23:18:00,1261,2025-01-09 23:18:00
120,16,2025-01-09 23:21:00,1261,2025-01-09 23:21:00
119,17,2025-01-09 23:23:00,1261,2025-01-09 23:23:00
118,18,2025-01-09 23:25:00,1261,2025-01-09 23:25:00
117,19,2025-01-09 23:27:00,1261,2025-01-09 23:27:00
116,20,2025-01-09 23:28:00,1261,2025-01-09 23:28:00
115,21,2025-01-09 23:30:00,1261,2025-01-09 23:30:00
114,22,2025-01-09 23:32:00,1261,2025-01-09 23:32:00
113,23,2025-01-09 23:34:00,1261,2025-01-09 23:34:00
112,24,2025-01-09 23:36:00,1261,2025-01-09 23:36:00
111,25,2025-01-09 23:38:00,1261,2025-01-09 23:38:00
110,26,2025-01-09 23:40:00,1261,2025-01-09 23:40:00
109,27,2025-01-09 23:42:00,1261,2025-01-09 23:42:00
108,28,2025-01-09 23:44:00,1261,2025-01-09 23:44:00
107,29,2025-01-09 23:46:00,1261,2025-01-09 23:46:00
106,30,2025-01-09 23:49:00,1261,2025-01-09 23:49:00
105,31,2025-01-09 23:50:00,1261,2025-01-09 23:50:00
104,32,2025-01-09 23:52:00,1261,2025-01-09 23:52:00
103,33,2025-01-09 23:56:00,1261,2025-01-09 23:56:00
102,34,2025-01-09 23:59:00,1261,2025-01-09 23:59:00
101,35,2025-01-10 00:02:00,1261,2025-01-10 00:02:00
100,36,2025-01-10 00:06:00,1261,2025-01-10 00:06:00
137,0,2025-01-09 04:59:50,1262,2025-01-09 04:59:50
138,1,2025-01-09 05:02:50,1262,2025-01-09 05:02:50
139,2,2025-01-09 05:04:50,1262,2025-01-09 05:04:50
140,3,2025-01-09 05:06:50,1262,2025-01-09 05:06:50
141,4,2025-01-09 05:07:50,1262,2025-01-09 05:07:50
142,5,2025-01-09 05:11:50,1262,2025-01-09 05:11:50
143,6,2025-01-09 05:14:50,1262,2025-01-09 05:14:50
144,7,2025-01-09 05:16:50,1262,2025-01-09 05:16:50
145,8,2025-01-09 05:18:50,1262,2025-01-09 05:18:50
146,9,2025-01-09 05:20:50,1262,2025-01-09 05:20:50
147,10,2025-01-09 05:22:50,1262,2025-01-09 05:22:50
148,11,2025-01-09 05:24:50,1262,2025-01-09 05:24:50
149,12,2025-01-09 05:26:50,1262,2025-01-09 05:26:50
150,13,2025-01-09 05:28:50,1262,2025-01-09 05:28:50
151,14,2025-01-09 05:29:50,1262,2025-01-09 05:29:50
152,15,2025-01-09 05:31:50,1262,2025-01-09 05:31:50
153,16,2025-01-09 05:34:50,1262,2025-01-09 05:34:50
154,17,2025-01-09 05:36:50,1262,2025-01-09 05:36:50
155,18,2025-01-09 05:38:50,1262,2025-01-09 05:38:50
156,19,2025-01-09 05:40:50,1262,2025-01-09 05:40:50
157,20,2025-01-09 05:42:50,1262,2025-01-09 05:42:50
158,21,2025-01-09 05:44:50,1262,2025-01-09 05:44:50
159,22,2025-01-09 05:46:50,1262,2025-01-09 05:46:50
160,23,2025-01-09 05:48:50,1262,2025-01-09 05:48:50
161,24,2025-01-09 05:50:50,1262,2025-01-09 05:50:50
162,25,2025-01-09 05:52:50,1262,2025-01-09 05:52:50
163,26,2025-01-09 05:54:50,1262,2025-01-09 05:54:50
164,27,2025-01-09 05:56:50,1262,2025-01-09 05:56:50
165,28,2025-01-09 05:59:50,1262,2025-01-09 05:59:50
166,29,2025-01-09 06:01:50,1262,2025-01-09 06:01:50
167,30,2025-01-09 06:03:50,1262,2025-01-09 06:03:50
168,31,2025-01-09 06:06:50,1262,2025-01-09 06:06:50
137,0,2025-01-09 05:14:50,1263,2025-01-09 05:14:50
138,1,2025-01-09 05:17:50,1263,2025-01-09 05:17:50
139,2,2025-01-09 05:19:50,1263,2025-01-09 05:19:50
140,3,2025-01-09 05:21:50,1263,2025-01-09 05:21:50
141,4,2025-01-09 05:22:50,1263,2025-01-09 05:22:50
142,5,2025-01-09 05:26:50,1263,2025-01-09 05:26:50
143,6,2025-01-09 05:29:50,1263,2025-01-09 05:29:50
144,7,2025-01-09 05:31:50,1263,2025-01-09 05:31:50
145,8,2025-01-09 05:33:50,1263,2025-01-09 05:33:50
146,9,2025-01-09 05:35:50,1263,2025-01-09 05:35:50
147,10,2025-01-09 05:37:50,1263,2025-01-09 05:37:50
148,11,2025-01-09 05:39:50,1263,2025-01-09 05:39:50
149,12,2025-01-09 05:41:50,1263,2025-01-09 05:41:50
150,13,2025-01-09 05:43:50,1263,2025-01-09 05:43:50
151,14,2025-01-09 05:44:50,1263,2025-01-09 05:44:50
152,15,2025-01-09 05:46:50,1263,2025-01-09 05:46:50
153,16,2025-01-09 05:49:50,1263,2025-01-09 05:49:50
154,17,2025-01-09 05:51:50,1263,2025-01-09 05:51:50
155,18,2025-01-09 05:53:50,1263,2025-01-09 05:53:50
156,19,2025-01-09 05:55:50,1263,2025-01-09 05:55:50
157,20,2025-01-09 05:57:50,1263,2025-01-09 05:57:50
158,21,2025-01-09 05:59:50,1263,2025-01-09 05:59:50
159,22,2025-01-09 06:01:50,1263,2025-01-09 06:01:50
160,23,2025-01-09 06:03:50,1263,2025-01-09 06:03:50
161,24,2025-01-09 06:05:50,1263,2025-01-09 06:05:50
162,25,2025-01-09 06:07:50,1263,2025-01-09 06:07:50
163,26,2025-01-09 06:09:50,1263,2025-01-09 06:09:50
164,27,2025-01-09 06:11:50,1263,2025-01-09 06:11:50
165,28,2025-01-09 06:14:50,1263,2025-01-09 06:14:50
166,29,2025-01-09 06:16:50,1263,2025-01-09 06:16:50
167,30,2025-01-09 06:18:50,1263,2025-01-09 06:18:50
168,31,2025-01-09 06:21:50,1263,2025-01-09 06:21:50
137,0,2025-01-09 05:29:50,1264,2025-01-09 05:29:50
138,1,2025-01-09 05:32:50,1264,2025-01-09 05:32:50
139,2,2025-01-09 05:34:50,1264,2025-01-09 05:34:50
140,3,2025-01-09 05:36:50,1264,2025-01-09 05:36:50
141,4,2025-01-09 05:37:50,1264,2025-01-09 05:37:50
142,5,2025-01-09 05:41:50,1264,2025-01-09 05:41:50
143,6,2025-01-09 05:44:50,1264,2025-01-09 05:44:50
144,7,2025-01-09 05:46:50,1264,2025-01-09 05:46:50
145,8,2025-01-09 05:48:50,1264,2025-01-09 05:48:50
146,9,2025-01-09 05:50:50,1264,2025-01-09 05:50:50
147,10,2025-01-09 05:52:50,1264,2025-01-09 05:52:50
148,11,2025-01-09 05:54:50,1264,2025-01-09 05:54:50
149,12,2025-01-09 05:56:50,1264,2025-01-09 05:56:50
150,13,2025-01-09 05:58:50,1264,2025-01-09 05:58:50
151,14,2025-01-09 05:59:50,1264,2025-01-09 05:59:50
152,15,2025-01-09 06:01:50,1264,2025-01-09 06:01:50
153,16,2025-01-09 06:04:50,1264,2025-01-09 06:04:50
154,17,2025-01-09 06:06:50,1264,2025-01-09 06:06:50
155,18,2025-01-09 06:08:50,1264,2025-01-09 06:08:50
156,19,2025-01-09 06:10:50,1264,2025-01-09 06:10:50
157,20,2025-01-09 06:12:50,1264,2025-01-09 06:12:50
158,21,2025-01-09 06:14:50,1264,2025-01-09 06:14:50
159,22,2025-01-09 06:16:50,1264,2025-01-09 06:16:50
160,23,2025-01-09 06:18:50,1264,2025-01-09 06:18:50
161,24,2025-01-09 06:20:50,1264,2025-01-09 06:20:50
162,25,2025-01-09 06:22:50,1264,2025-01-09 06:22:50
163,26,2025-01-09 06:24:50,1264,2025-01-09 06:24:50
164,27,2025-01-09 06:26:50,1264,2025-01-09 06:26:50
165,28,2025-01-09 06:29:50,1264,2025-01-09 06:29:50
166,29,2025-01-09 06:31:50,1264,2025-01-09 06:31:50
167,30,2025-01-09 06:33:50,1264,2025-01-09 06:33:50
168,31,2025-01-09 06:36:50,1264,2025-01-09 06:36:50
137,0,2025-01-09 05:44:50,1265,2025-01-09 05:44:50
138,1,2025-01-09 05:47:50,1265,2025-01-09 05:47:50
139,2,2025-01-09 05:49:50,1265,2025-01-09 05:49:50
140,3,2025-01-09 05:51:50,1265,2025-01-09 05:51:50
141,4,2025-01-09 05:52:50,1265,2025-01-09 05:52:50
142,5,2025-01-09 05:56:50,1265,2025-01-09 05:56:50
143,6,2025-01-09 05:59:50,1265,2025-01-09 05:59:50
144,7,2025-01-09 06:01:50,1265,2025-01-09 06:01:50
145,8,2025-01-09 06:03:50,1265,2025-01-09 06:03:50
146,9,2025-01-09 06:05:50,1265,2025-01-09 06:05:50
147,10,2025-01-09 06:07:50,1265,2025-01-09 06:07:50
148,11,2025-01-09 06:09:50,1265,2025-01-09 06:09:50
149,12,2025-01-09 06:11:50,1265,2025-01-09 06:11:50
150,13,2025-01-09 06:13:50,1265,2025-01-09 06:13:50
151,14,2025-01-09 06:14:50,1265,2025-01-09 06:14:50
152,15,2025-01-09 06:16:50,1265,2025-01-09 06:16:50
153,16,2025-01-09 06:19:50,1265,2025-01-09 06:19:50
154,17,2025-01-09 06:21:50,1265,2025-01-09 06:21:50
155,18,2025-01-09 06:23:50,1265,2025-01-09 06:23:50
156,19,2025-01-09 06:25:50,1265,2025-01-09 06:25:50
157,20,2025-01-09 06:27:50,1265,2025-01-09 06:27:50
158,21,2025-01-09 06:29:50,1265,2025-01-09 06:29:50
159,22,2025-01-09 06:31:50,1265,2025-01-09 06:31:50
160,23,2025-01-09 06:33:50,1265,2025-01-09 06:33:50
161,24,2025-01-09 06:35:50,1265,2025-01-09 06:35:50
162,25,2025-01-09 06:37:50,1265,2025-01-09 06:37:50
163,26,2025-01-09 06:39:50,1265,2025-01-09 06:39:50
164,27,2025-01-09 06:41:50,1265,2025-01-09 06:41:50
165,28,2025-01-09 06:44:50,1265,2025-01-09 06:44:50
166,29,2025-01-09 06:46:50,1265,2025-01-09 06:46:50
167,30,2025-01-09 06:48:50,1265,2025-01-09 06:48:50
168,31,2025-01-09 06:51:50,1265,2025-01-09 06:51:50
137,0,2025-01-09 05:59:50,1266,2025-01-09 05:59:50
138,1,2025-01-09 06:02:50,1266,2025-01-09 06:02:50
139,2,2025-01-09 06:04:50,1266,2025-01-09 06:04:50
140,3,2025-01-09 06:06:50,1266,2025-01-09 06:06:50
141,4,2025-01-09 06:07:50,1266,2025-01-09 06:07:50
142,5,2025-01-09 06:11:50,1266,2025-01-09 06:11:50
143,6,2025-01-09 06:14:50,1266,2025-01-09 06:14:50
144,7,2025-01-09 06:16:50,1266,2025-01-09 06:16:50
145,8,2025-01-09 06:18:50,1266,2025-01-09 06:18:50
146,9,2025-01-09 06:20:50,1266,2025-01-09 06:20:50
147,10,2025-01-09 06:22:50,1266,2025-01-09 06:22:50
148,11,2025-01-09 06:24:50,1266,2025-01-09 06:24:50
149,12,2025-01-09 06:26:50,1266,2025-01-09 06:26:50
150,13,2025-01-09 06:28:50,1266,2025-01-09 06:28:50
151,14,2025-01-09 06:29:50,1266,2025-01-09 06:29:50
152,15,2025-01-09 06:31:50,1266,2025-01-09 06:31:50
153,16,2025-01-09 06:34:50,1266,2025-01-09 06:34:50
154,17,2025-01-09 06:36:50,1266,2025-01-09 06:36:50
155,18,2025-01-09 06:38:50,1266,2025-01-09 06:38:50
156,19,2025-01-09 06:40:50,1266,2025-01-09 06:40:50
157,20,2025-01-09 06:42:50,1266,2025-01-09 06:42:50
158,21,2025-01-09 06:44:50,1266,2025-01-09 06:44:50
159,22,2025-01-09 06:46:50,1266,2025-01-09 06:46:50
160,23,2025-01-09 06:48:50,1266,2025-01-09 06:48:50
161,24,2025-01-09 06:50:50,1266,2025-01-09 06:50:50
162,25,2025-01-09 06:52:50,1266,2025-01-09 06:52:50
163,26,2025-01-09 06:54:50,1266,2025-01-09 06:54:50
164,27,2025-01-09 06:56:50,1266,2025-01-09 06:56:50
165,28,2025-01-09 06:59:50,1266,2025-01-09 06:59:50
166,29,2025-01-09 07:01:50,1266,2025-01-09 07:01:50
167,30,2025-01-09 07:03:50,1266,2025-01-09 07:03:50
168,31,2025-01-09 07:06:50,1266,2025-01-09 07:06:50
137,0,2025-01-09 06:09:50,1267,2025-01-09 06:09:50
138,1,2025-01-09 06:12:50,1267,2025-01-09 06:12:50
139,2,2025-01-09 06:14:50,1267,2025-01-09 06:14:50
140,3,2025-01-09 06:16:50,1267,2025-01-09 06:16:50
141,4,2025-01-09 06:17:50,1267,2025-01-09 06:17:50
142,5,2025-01-09 06:21:50,1267,2025-01-09 06:21:50
143,6,2025-01-09 06:24:50,1267,2025-01-09 06:24:50
144,7,2025-01-09 06:26:50,1267,2025-01-09 06:26:50
145,8,2025-01-09 06:28:50,1267,2025-01-09 06:28:50
146,9,2025-01-09 06:30:50,1267,2025-01-09 06:30:50
147,10,2025-01-09 06:32:50,1267,2025-01-09 06:32:50
148,11,2025-01-09 06:34:50,1267,2025-01-09 06:34:50
149,12,2025-01-09 06:36:50,1267,2025-01-09 06:36:50
150,13,2025-01-09 06:38:50,1267,2025-01-09 06:38:50
151,14,2025-01-09 06:39:50,1267,2025-01-09 06:39:50
152,15,2025-01-09 06:41:50,1267,2025-01-09 06:41:50
153,16,2025-01-09 06:44:50,1267,2025-01-09 06:44:50
154,17,2025-01-09 06:46:50,1267,2025-01-09 06:46:50
155,18,2025-01-09 06:48:50,1267,2025-01-09 06:48:50
156,19,2025-01-09 06:50:50,1267,2025-01-09 06:50:50
157,20,2025-01-09 06:52:50,1267,2025-01-09 06:52:50
158,21,2025-01-09 06:54:50,1267,2025-01-09 06:54:50
159,22,2025-01-09 06:56:50,1267,2025-01-09 06:56:50
160,23,2025-01-09 06:58:50,1267,2025-01-09 06:58:50
161,24,2025-01-09 07:00:50,1267,2025-01-09 07:00:50
162,25,2025-01-09 07:02:50,1267,2025-01-09 07:02:50
163,26,2025-01-09 07:04:50,1267,2025-01-09 07:04:50
164,27,2025-01-09 07:06:50,1267,2025-01-09 07:06:50
165,28,2025-01-09 07:09:50,1267,2025-01-09 07:09:50
166,29,2025-01-09 07:11:50,1267,2025-01-09 07:11:50
167,30,2025-01-09 07:13:50,1267,2025-01-09 07:13:50
168,31,2025-01-09 07:16:50,1267,2025-01-09 07:16:50
137,0,2025-01-09 06:19:50,1268,2025-01-09 06:19:50
138,1,2025-01-09 06:22:50,1268,2025-01-09 06:22:50
139,2,2025-01-09 06:24:50,1268,2025-01-09 06:24:50
140,3,2025-01-09 06:26:50,1268,2025-01-09 06:26:50
141,4,2025-01-09 06:27:50,1268,2025-01-09 06:27:50
142,5,2025-01-09 06:31:50,1268,2025-01-09 06:31:50
143,6,2025-01-09 06:34:50,1268,2025-01-09 06:34:50
144,7,2025-01-09 06:36:50,1268,2025-01-09 06:36:50
145,8,2025-01-09 06:38:50,1268,2025-01-09 06:38:50
146,9,2025-01-09 06:40:50,1268,2025-01-09 06:40:50
147,10,2025-01-09 06:42:50,1268,2025-01-09 06:42:50
148,11,2025-01-09 06:44:50,1268,2025-01-09 06:44:50
149,12,2025-01-09 06:46:50,1268,2025-01-09 06:46:50
150,13,2025-01-09 06:48:50,1268,2025-01-09 06:48:50
151,14,2025-01-09 06:49:50,1268,2025-01-09 06:49:50
152,15,2025-01-09 06:51:50,1268,2025-01-09 06:51:50
153,16,2025-01-09 06:54:50,1268,2025-01-09 06:54:50
154,17,2025-01-09 06:56:50,1268,2025-01-09 06:56:50
155,18,2025-01-09 06:58:50,1268,2025-01-09 06:58:50
156,19,2025-01-09 07:00:50,1268,2025-01-09 07:00:50
157,20,2025-01-09 07:02:50,1268,2025-01-09 07:02:50
158,21,2025-01-09 07:04:50,1268,2025-01-09 07:04:50
159,22,2025-01-09 07:06:50,1268,2025-01-09 07:06:50
160,23,2025-01-09 07:08:50,1268,2025-01-09 07:08:50
161,24,2025-01-09 07:10:50,1268,2025-01-09 07:10:50
162,25,2025-01-09 07:12:50,1268,2025-01-09 07:12:50
163,26,2025-01-09 07:14:50,1268,2025-01-09 07:14:50
164,27,2025-01-09 07:16:50,1268,2025-01-09 07:16:50
165,28,2025-01-09 07:19:50,1268,2025-01-09 07:19:50
166,29,2025-01-09 07:21:50,1268,2025-01-09 07:21:50
167,30,2025-01-09 07:23:50,1268,2025-01-09 07:23:50
168,31,2025-01-09 07:26:50,1268,2025-01-09 07:26:50
137,0,2025-01-09 06:29:50,1269,2025-01-09 06:29:50
138,1,2025-01-09 06:32:50,1269,2025-01-09 06:32:50
139,2,2025-01-09 06:34:50,1269,2025-01-09 06:34:50
140,3,2025-01-09 06:36:50,1269,2025-01-09 06:36:50
141,4,2025-01-09 06:37:50,1269,2025-01-09 06:37:50
142,5,2025-01-09 06:41:50,1269,2025-01-09 06:41:50
143,6,2025-01-09 06:44:50,1269,2025-01-09 06:44:50
144,7,2025-01-09 06:46:50,1269,2025-01-09 06:46:50
145,8,2025-01-09 06:48:50,1269,2025-01-09 06:48:50
146,9,2025-01-09 06:50:50,1269,2025-01-09 06:50:50
147,10,2025-01-09 06:52:50,1269,2025-01-09 06:52:50
148,11,2025-01-09 06:54:50,1269,2025-01-09 06:54:50
149,12,2025-01-09 06:56:50,1269,2025-01-09 06:56:50
150,13,2025-01-09 06:58:50,1269,2025-01-09 06:58:50
151,14,2025-01-09 06:59:50,1269,2025-01-09 06:59:50
152,15,2025-01-09 07:01:50,1269,2025-01-09 07:01:50
153,16,2025-01-09 07:04:50,1269,2025-01-09 07:04:50
154,17,2025-01-09 07:06:50,1269,2025-01-09 07:06:50
155,18,2025-01-09 07:08:50,1269,2025-01-09 07:08:50
156,19,2025-01-09 07:10:50,1269,2025-01-09 07:10:50
157,20,2025-01-09 07:12:50,1269,2025-01-09 07:12:50
158,21,2025-01-09 07:14:50,1269,2025-01-09 07:14:50
159,22,2025-01-09 07:16:50,1269,2025-01-09 07:16:50
160,23,2025-01-09 07:18:50,1269,2025-01-09 07:18:50
161,24,2025-01-09 07:20:50,1269,2025-01-09 07:20:50
162,25,2025-01-09 07:22:50,1269,2025-01-09 07:22:50
163,26,2025-01-09 07:24:50,1269,2025-01-09 07:24:50
164,27,2025-01-09 07:26:50,1269,2025-01-09 07:26:50
165,28,2025-01-09 07:29:50,1269,2025-01-09 07:29:50
166,29,2025-01-09 07:31:50,1269,2025-01-09 07:31:50
167,30,2025-01-09 07:33:50,1269,2025-01-09 07:33:50
168,31,2025-01-09 07:36:50,1269,2025-01-09 07:36:50
137,0,2025-01-09 06:39:50,1270,2025-01-09 06:39:50
138,1,2025-01-09 06:42:50,1270,2025-01-09 06:42:50
139,2,2025-01-09 06:44:50,1270,2025-01-09 06:44:50
140,3,2025-01-09 06:46:50,1270,2025-01-09 06:46:50
141,4,2025-01-09 06:47:50,1270,2025-01-09 06:47:50
142,5,2025-01-09 06:51:50,1270,2025-01-09 06:51:50
143,6,2025-01-09 06:54:50,1270,2025-01-09 06:54:50
144,7,2025-01-09 06:56:50,1270,2025-01-09 06:56:50
145,8,2025-01-09 06:58:50,1270,2025-01-09 06:58:50
146,9,2025-01-09 07:00:50,1270,2025-01-09 07:00:50
147,10,2025-01-09 07:02:50,1270,2025-01-09 07:02:50
148,11,2025-01-09 07:04:50,1270,2025-01-09 07:04:50
149,12,2025-01-09 07:06:50,1270,2025-01-09 07:06:50
150,13,2025-01-09 07:08:50,1270,2025-01-09 07:08:50
151,14,2025-01-09 07:09:50,1270,2025-01-09 07:09:50
152,15,2025-01-09 07:11:50,1270,2025-01-09 07:11:50
153,16,2025-01-09 07:14:50,1270,2025-01-09 07:14:50
154,17,2025-01-09 07:16:50,1270,2025-01-09 07:16:50
155,18,2025-01-09 07:18:50,1270,2025-01-09 07:18:50
156,19,2025-01-09 07:20:50,1270,2025-01-09 07:20:50
157,20,2025-01-09 07:22:50,1270,2025-01-09 07:22:50
158,21,2025-01-09 07:24:50,1270,2025-01-09 07:24:50
159,22,2025-01-09 07:26:50,1270,2025-01-09 07:26:50
160,23,2025-01-09 07:28:50,1270,2025-01-09 07:28:50
161,24,2025-01-09 07:30:50,1270,2025-01-09 07:30:50
162,25,2025-01-09 07:32:50,1270,2025-01-09 07:32:50
163,26,2025-01-09 07:34:50,1270,2025-01-09 07:34:50
164,27,2025-01-09 07:36:50,1270,2025-01-09 07:36:50
165,28,2025-01-09 07:39:50,1270,2025-01-09 07:39:50
166,29,2025-01-09 07:41:50,1270,2025-01-09 07:41:50
167,30,2025-01-09 07:43:50,1270,2025-01-09 07:43:50
168,31,2025-01-09 07:46:50,1270,2025-01-09 07:46:50
137,0,2025-01-09 06:49:50,1271,2025-01-09 06:49:50
138,1,2025-01-09 06:52:50,1271,2025-01-09 06:52:50
139,2,2025-01-09 06:54:50,1271,2025-01-09 06:54:50
140,3,2025-01-09 06:56:50,1271,2025-01-09 06:56:50
141,4,2025-01-09 06:57:50,1271,2025-01-09 06:57:50
142,5,2025-01-09 07:01:50,1271,2025-01-09 07:01:50
143,6,2025-01-09 07:04:50,1271,2025-01-09 07:04:50
144,7,2025-01-09 07:06:50,1271,2025-01-09 07:06:50
145,8,2025-01-09 07:08:50,1271,2025-01-09 07:08:50
146,9,2025-01-09 07:10:50,1271,2025-01-09 07:10:50
147,10,2025-01-09 07:12:50,1271,2025-01-09 07:12:50
148,11,2025-01-09 07:14:50,1271,2025-01-09 07:14:50
149,12,2025-01-09 07:16:50,1271,2025-01-09 07:16:50
150,13,2025-01-09 07:18:50,1271,2025-01-09 07:18:50
151,14,2025-01-09 07:19:50,1271,2025-01-09 07:19:50
152,15,2025-01-09 07:21:50,1271,2025-01-09 07:21:50
153,16,2025-01-09 07:24:50,1271,2025-01-09 07:24:50
154,17,2025-01-09 07:26:50,1271,2025-01-09 07:26:50
155,18,2025-01-09 07:28:50,1271,2025-01-09 07:28:50
156,19,2025-01-09 07:30:50,1271,2025-01-09 07:30:50
157,20,2025-01-09 07:32:50,1271,2025-01-09 07:32:50
158,21,2025-01-09 07:34:50,1271,2025-01-09 07:34:50
159,22,2025-01-09 07:36:50,1271,2025-01-09 07:36:50
160,23,2025-01-09 07:38:50,1271,2025-01-09 07:38:50
161,24,2025-01-09 07:40:50,1271,2025-01-09 07:40:50
162,25,2025-01-09 07:42:50,1271,2025-01-09 07:42:50
163,26,2025-01-09 07:44:50,1271,2025-01-09 07:44:50
164,27,2025-01-09 07:46:50,1271,2025-01-09 07:46:50
165,28,2025-01-09 07:49:50,1271,2025-01-09 07:49:50
166,29,2025-01-09 07:51:50,1271,2025-01-09 07:51:50
167,30,2025-01-09 07:53:50,1271,2025-01-09 07:53:50
168,31,2025-01-09 07:56:50,1271,2025-01-09 07:56:50
137,0,2025-01-09 06:59:50,1272,2025-01-09 06:59:50
138,1,2025-01-09 07:02:50,1272,2025-01-09 07:02:50
139,2,2025-01-09 07:04:50,1272,2025-01-09 07:04:50
140,3,2025-01-09 07:06:50,1272,2025-01-09 07:06:50
141,4,2025-01-09 07:07:50,1272,2025-01-09 07:07:50
142,5,2025-01-09 07:11:50,1272,2025-01-09 07:11:50
143,6,2025-01-09 07:14:50,1272,2025-01-09 07:14:50
144,7,2025-01-09 07:16:50,1272,2025-01-09 07:16:50
145,8,2025-01-09 07:18:50,1272,2025-01-09 07:18:50
146,9,2025-01-09 07:20:50,1272,2025-01-09 07:20:50
147,10,2025-01-09 07:22:50,1272,2025-01-09 07:22:50
148,11,2025-01-09 07:24:50,1272,2025-01-09 07:24:50
149,12,2025-01-09 07:26:50,1272,2025-01-09 07:26:50
150,13,2025-01-09 07:28:50,1272,2025-01-09 07:28:50
151,14,2025-01-09 07:29:50,1272,2025-01-09 07:29:50
152,15,2025-01-09 07:31:50,1272,2025-01-09 07:31:50
153,16,2025-01-09 07:34:50,1272,2025-01-09 07:34:50
154,17,2025-01-09 07:36:50,1272,2025-01-09 07:36:50
155,18,2025-01-09 07:38:50,1272,2025-01-09 07:38:50
156,19,2025-01-09 07:40:50,1272,2025-01-09 07:40:50
157,20,2025-01-09 07:42:50,1272,2025-01-09 07:42:50
158,21,2025-01-09 07:44:50,1272,2025-01-09 07:44:50
159,22,2025-01-09 07:46:50,1272,2025-01-09 07:46:50
160,23,2025-01-09 07:48:50,1272,2025-01-09 07:48:50
161,24,2025-01-09 07:50:50,1272,2025-01-09 07:50:50
162,25,2025-01-09 07:52:50,1272,2025-01-09 07:52:50
163,26,2025-01-09 07:54:50,1272,2025-01-09 07:54:50
164,27,2025-01-09 07:56:50,1272,2025-01-09 07:56:50
165,28,2025-01-09 07:59:50,1272,2025-01-09 07:59:50
166,29,2025-01-09 08:01:50,1272,2025-01-09 08:01:50
167,30,2025-01-09 08:03:50,1272,2025-01-09 08:03:50
168,31,2025-01-09 08:06:50,1272,2025-01-09 08:06:50
137,0,2025-01-09 07:04:50,1273,2025-01-09 07:04:50
138,1,2025-01-09 07:07:50,1273,2025-01-09 07:07:50
139,2,2025-01-09 07:09:50,1273,2025-01-09 07:09:50
140,3,2025-01-09 07:11:50,1273,2025-01-09 07:11:50
141,4,2025-01-09 07:12:50,1273,2025-01-09 07:12:50
142,5,2025-01-09 07:16:50,1273,2025-01-09 07:16:50
143,6,2025-01-09 07:19:50,1273,2025-01-09 07:19:50
144,7,2025-01-09 07:21:50,1273,2025-01-09 07:21:50
145,8,2025-01-09 07:23:50,1273,2025-01-09 07:23:50
146,9,2025-01-09 07:25:50,1273,2025-01-09 07:25:50
147,10,2025-01-09 07:27:50,1273,2025-01-09 07:27:50
148,11,2025-01-09 07:29:50,1273,2025-01-09 07:29:50
149,12,2025-01-09 07:31:50,1273,2025-01-09 07:31:50
150,13,2025-01-09 07:33:50,1273,2025-01-09 07:33:50
151,14,2025-01-09 07:34:50,1273,2025-01-09 07:34:50
152,15,2025-01-09 07:36:50,1273,2025-01-09 07:36:50
153,16,2025-01-09 07:39:50,1273,2025-01-09 07:39:50
154,17,2025-01-09 07:41:50,1273,2025-01-09 07:41:50
155,18,2025-01-09 07:43:50,1273,2025-01-09 07:43:50
156,19,2025-01-09 07:45:50,1273,2025-01-09 07:45:50
157,20,2025-01-09 07:47:50,1273,2025-01-09 07:47:50
158,21,2025-01-09 07:49:50,1273,2025-01-09 07:49:50
159,22,2025-01-09 07:51:50,1273,2025-01-09 07:51:50
160,23,2025-01-09 07:53:50,1273,2025-01-09 07:53:50
161,24,2025-01-09 07:55:50,1273,2025-01-09 07:55:50
162,25,2025-01-09 07:57:50,1273,2025-01-09 07:57:50
163,26,2025-01-09 07:59:50,1273,2025-01-09 07:59:50
164,27,2025-01-09 08:01:50,1273,2025-01-09 08:01:50
165,28,2025-01-09 08:04:50,1273,2025-01-09 08:04:50
166,29,2025-01-09 08:06:50,1273,2025-01-09 08:06:50
167,30,2025-01-09 08:08:50,1273,2025-01-09 08:08:50
168,31,2025-01-09 08:11:50,1273,2025-01-09 08:11:50
137,0,2025-01-09 07:09:50,1274,2025-01-09 07:09:50
138,1,2025-01-09 07:12:50,1274,2025-01-09 07:12:50
139,2,2025-01-09 07:14:50,1274,2025-01-09 07:14:50
140,3,2025-01-09 07:16:50,1274,2025-01-09 07:16:50
141,4,2025-01-09 07:17:50,1274,2025-01-09 07:17:50
142,5,2025-01-09 07:21:50,1274,2025-01-09 07:21:50
143,6,2025-01-09 07:24:50,1274,2025-01-09 07:24:50
144,7,2025-01-09 07:26:50,1274,2025-01-09 07:26:50
145,8,2025-01-09 07:28:50,1274,2025-01-09 07:28:50
146,9,2025-01-09 07:30:50,1274,2025-01-09 07:30:50
147,10,2025-01-09 07:32:50,1274,2025-01-09 07:32:50
148,11,2025-01-09 07:34:50,1274,2025-01-09 07:34:50
149,12,2025-01-09 07:36:50,1274,2025-01-09 07:36:50
150,13,2025-01-09 07:38:50,1274,2025-01-09 07:38:50
151,14,2025-01-09 07:39:50,1274,2025-01-09 07:39:50
152,15,2025-01-09 07:41:50,1274,2025-01-09 07:41:50
153,16,2025-01-09 07:44:50,1274,2025-01-09 07:44:50
154,17,2025-01-09 07:46:50,1274,2025-01-09 07:46:50
155,18,2025-01-09 07:48:50,1274,2025-01-09 07:48:50
156,19,2025-01-09 07:50:50,1274,2025-01-09 07:50:50
157,20,2025-01-09 07:52:50,1274,2025-01-09 07:52:50
158,21,2025-01-09 07:54:50,1274,2025-01-09 07:54:50
159,22,2025-01-09 07:56:50,1274,2025-01-09 07:56:50
160,23,2025-01-09 07:58:50,1274,2025-01-09 07:58:50
161,24,2025-01-09 08:00:50,1274,2025-01-09 08:00:50
162,25,2025-01-09 08:02:50,1274,2025-01-09 08:02:50
163,26,2025-01-09 08:04:50,1274,2025-01-09 08:04:50
164,27,2025-01-09 08:06:50,1274,2025-01-09 08:06:50
165,28,2025-01-09 08:09:50,1274,2025-01-09 08:09:50
166,29,2025-01-09 08:11:50,1274,2025-01-09 08:11:50
167,30,2025-01-09 08:13:50,1274,2025-01-09 08:13:50
168,31,2025-01-09 08:16:50,1274,2025-01-09 08:16:50
137,0,2025-01-09 07:14:50,1275,2025-01-09 07:14:50
138,1,2025-01-09 07:17:50,1275,2025-01-09 07:17:50
139,2,2025-01-09 07:19:50,1275,2025-01-09 07:19:50
140,3,2025-01-09 07:21:50,1275,2025-01-09 07:21:50
141,4,2025-01-09 07:22:50,1275,2025-01-09 07:22:50
142,5,2025-01-09 07:26:50,1275,2025-01-09 07:26:50
143,6,2025-01-09 07:29:50,1275,2025-01-09 07:29:50
144,7,2025-01-09 07:31:50,1275,2025-01-09 07:31:50
145,8,2025-01-09 07:33:50,1275,2025-01-09 07:33:50
146,9,2025-01-09 07:35:50,1275,2025-01-09 07:35:50
147,10,2025-01-09 07:37:50,1275,2025-01-09 07:37:50
148,11,2025-01-09 07:39:50,1275,2025-01-09 07:39:50
149,12,2025-01-09 07:41:50,1275,2025-01-09 07:41:50
150,13,2025-01-09 07:43:50,1275,2025-01-09 07:43:50
151,14,2025-01-09 07:44:50,1275,2025-01-09 07:44:50
152,15,2025-01-09 07:46:50,1275,2025-01-09 07:46:50
153,16,2025-01-09 07:49:50,1275,2025-01-09 07:49:50
154,17,2025-01-09 07:51:50,1275,2025-01-09 07:51:50
155,18,2025-01-09 07:53:50,1275,2025-01-09 07:53:50
156,19,2025-01-09 07:55:50,1275,2025-01-09 07:55:50
157,20,2025-01-09 07:57:50,1275,2025-01-09 07:57:50
158,21,2025-01-09 07:59:50,1275,2025-01-09 07:59:50
159,22,2025-01-09 08:01:50,1275,2025-01-09 08:01:50
160,23,2025-01-09 08:03:50,1275,2025-01-09 08:03:50
161,24,2025-01-09 08:05:50,1275,2025-01-09 08:05:50
162,25,2025-01-09 08:07:50,1275,2025-01-09 08:07:50
163,26,2025-01-09 08:09:50,1275,2025-01-09 08:09:50
164,27,2025-01-09 08:11:50,1275,2025-01-09 08:11:50
165,28,2025-01-09 08:14:50,1275,2025-01-09 08:14:50
166,29,2025-01-09 08:16:50,1275,2025-01-09 08:16:50
167,30,2025-01-09 08:18:50,1275,2025-01-09 08:18:50
168,31,2025-01-09 08:21:50,1275,2025-01-09 08:21:50
137,0,2025-01-09 07:19:50,1276,2025-01-09 07:19:50
138,1,2025-01-09 07:22:50,1276,2025-01-09 07:22:50
139,2,2025-01-09 07:24:50,1276,2025-01-09 07:24:50
140,3,2025-01-09 07:26:50,1276,2025-01-09 07:26:50
141,4,2025-01-09 07:27:50,1276,2025-01-09 07:27:50
142,5,2025-01-09 07:31:50,1276,2025-01-09 07:31:50
143,6,2025-01-09 07:34:50,1276,2025-01-09 07:34:50
144,7,2025-01-09 07:36:50,1276,2025-01-09 07:36:50
145,8,2025-01-09 07:38:50,1276,2025-01-09 07:38:50
146,9,2025-01-09 07:40:50,1276,2025-01-09 07:40:50
147,10,2025-01-09 07:42:50,1276,2025-01-09 07:42:50
148,11,2025-01-09 07:44:50,1276,2025-01-09 07:44:50
149,12,2025-01-09 07:46:50,1276,2025-01-09 07:46:50
150,13,2025-01-09 07:48:50,1276,2025-01-09 07:48:50
151,14,2025-01-09 07:49:50,1276,2025-01-09 07:49:50
152,15,2025-01-09 07:51:50,1276,2025-01-09 07:51:50
153,16,2025-01-09 07:54:50,1276,2025-01-09 07:54:50
154,17,2025-01-09 07:56:50,1276,2025-01-09 07:56:50
155,18,2025-01-09 07:58:50,1276,2025-01-09 07:58:50
156,19,2025-01-09 08:00:50,1276,2025-01-09 08:00:50
157,20,2025-01-09 08:02:50,1276,2025-01-09 08:02:50
158,21,2025-01-09 08:04:50,1276,2025-01-09 08:04:50
159,22,2025-01-09 08:06:50,1276,2025-01-09 08:06:50
160,23,2025-01-09 08:08:50,1276,2025-01-09 08:08:50
161,24,2025-01-09 08:10:50,1276,2025-01-09 08:10:50
162,25,2025-01-09 08:12:50,1276,2025-01-09 08:12:50
163,26,2025-01-09 08:14:50,1276,2025-01-09 08:14:50
164,27,2025-01-09 08:16:50,1276,2025-01-09 08:16:50
165,28,2025-01-09 08:19:50,1276,2025-01-09 08:19:50
166,29,2025-01-09 08:21:50,1276,2025-01-09 08:21:50
167,30,2025-01-09 08:23:50,1276,2025-01-09 08:23:50
168,31,2025-01-09 08:26:50,1276,2025-01-09 08:26:50
137,0,2025-01-09 07:24:50,1277,2025-01-09 07:24:50
138,1,2025-01-09 07:27:50,1277,2025-01-09 07:27:50
139,2,2025-01-09 07:29:50,1277,2025-01-09 07:29:50
140,3,2025-01-09 07:31:50,1277,2025-01-09 07:31:50
141,4,2025-01-09 07:32:50,1277,2025-01-09 07:32:50
142,5,2025-01-09 07:36:50,1277,2025-01-09 07:36:50
143,6,2025-01-09 07:39:50,1277,2025-01-09 07:39:50
144,7,2025-01-09 07:41:50,1277,2025-01-09 07:41:50
145,8,2025-01-09 07:43:50,1277,2025-01-09 07:43:50
146,9,2025-01-09 07:45:50,1277,2025-01-09 07:45:50
147,10,2025-01-09 07:47:50,1277,2025-01-09 07:47:50
148,11,2025-01-09 07:49:50,1277,2025-01-09 07:49:50
149,12,2025-01-09 07:51:50,1277,2025-01-09 07:51:50
150,13,2025-01-09 07:53:50,1277,2025-01-09 07:53:50
151,14,2025-01-09 07:54:50,1277,2025-01-09 07:54:50
152,15,2025-01-09 07:56:50,1277,2025-01-09 07:56:50
153,16,2025-01-09 07:59:50,1277,2025-01-09 07:59:50
154,17,2025-01-09 08:01:50,1277,2025-01-09 08:01:50
155,18,2025-01-09 08:03:50,1277,2025-01-09 08:03:50
156,19,2025-01-09 08:05:50,1277,2025-01-09 08:05:50
157,20,2025-01-09 08:07:50,1277,2025-01-09 08:07:50
158,21,2025-01-09 08:09:50,1277,2025-01-09 08:09:50
159,22,2025-01-09 08:11:50,1277,2025-01-09 08:11:50
160,23,2025-01-09 08:13:50,1277,2025-01-09 08:13:50
161,24,2025-01-09 08:15:50,1277,2025-01-09 08:15:50
162,25,2025-01-09 08:17:50,1277,2025-01-09 08:17:50
163,26,2025-01-09 08:19:50,1277,2025-01-09 08:19:50
164,27,2025-01-09 08:21:50,1277,2025-01-09 08:21:50
165,28,2025-01-09 08:24:50,1277,2025-01-09 08:24:50
166,29,2025-01-09 08:26:50,1277,2025-01-09 08:26:50
167,30,2025-01-09 08:28:50,1277,2025-01-09 08:28:50
168,31,2025-01-09 08:31:50,1277,2025-01-09 08:31:50
137,0,2025-01-09 07:29:50,1278,2025-01-09 07:29:50
138,1,2025-01-09 07:32:50,1278,2025-01-09 07:32:50
139,2,2025-01-09 07:34:50,1278,2025-01-09 07:34:50
140,3,2025-01-09 07:36:50,1278,2025-01-09 07:36:50
141,4,2025-01-09 07:37:50,1278,2025-01-09 07:37:50
142,5,2025-01-09 07:41:50,1278,2025-01-09 07:41:50
143,6,2025-01-09 07:44:50,1278,2025-01-09 07:44:50
144,7,2025-01-09 07:46:50,1278,2025-01-09 07:46:50
145,8,2025-01-09 07:48:50,1278,2025-01-09 07:48:50
146,9,2025-01-09 07:50:50,1278,2025-01-09 07:50:50
147,10,2025-01-09 07:52:50,1278,2025-01-09 07:52:50
148,11,2025-01-09 07:54:50,1278,2025-01-09 07:54:50
149,12,2025-01-09 07:56:50,1278,2025-01-09 07:56:50
150,13,2025-01-09 07:58:50,1278,2025-01-09 07:58:50
151,14,2025-01-09 07:59:50,1278,2025-01-09 07:59:50
152,15,2025-01-09 08:01:50,1278,2025-01-09 08:01:50
153,16,2025-01-09 08:04:50,1278,2025-01-09 08:04:50
154,17,2025-01-09 08:06:50,1278,2025-01-09 08:06:50
155,18,2025-01-09 08:08:50,1278,2025-01-09 08:08:50
156,19,2025-01-09 08:10:50,1278,2025-01-09 08:10:50
157,20,2025-01-09 08:12:50,1278,2025-01-09 08:12:50
158,21,2025-01-09 08:14:50,1278,2025-01-09 08:14:50
159,22,2025-01-09 08:16:50,1278,2025-01-09 08:16:50
160,23,2025-01-09 08:18:50,1278,2025-01-09 08:18:50
161,24,2025-01-09 08:20:50,1278,2025-01-09 08:20:50
162,25,2025-01-09 08:22:50,1278,2025-01-09 08:22:50
163,26,2025-01-09 08:24:50,1278,2025-01-09 08:24:50
164,27,2025-01-09 08:26:50,1278,2025-01-09 08:26:50
165,28,2025-01-09 08:29:50,1278,2025-01-09 08:29:50
166,29,2025-01-09 08:31:50,1278,2025-01-09 08:31:50
167,30,2025-01-09 08:33:50,1278,2025-01-09 08:33:50
168,31,2025-01-09 08:36:50,1278,2025-01-09 08:36:50
137,0,2025-01-09 07:34:50,1279,2025-01-09 07:34:50
138,1,2025-01-09 07:37:50,1279,2025-01-09 07:37:50
139,2,2025-01-09 07:39:50,1279,2025-01-09 07:39:50
140,3,2025-01-09 07:41:50,1279,2025-01-09 07:41:50
141,4,2025-01-09 07:42:50,1279,2025-01-09 07:42:50
142,5,2025-01-09 07:46:50,1279,2025-01-09 07:46:50
143,6,2025-01-09 07:49:50,1279,2025-01-09 07:49:50
144,7,2025-01-09 07:51:50,1279,2025-01-09 07:51:50
145,8,2025-01-09 07:53:50,1279,2025-01-09 07:53:50
146,9,2025-01-09 07:55:50,1279,2025-01-09 07:55:50
147,10,2025-01-09 07:57:50,1279,2025-01-09 07:57:50
148,11,2025-01-09 07:59:50,1279,2025-01-09 07:59:50
149,12,2025-01-09 08:01:50,1279,2025-01-09 08:01:50
150,13,2025-01-09 08:03:50,1279,2025-01-09 08:03:50
151,14,2025-01-09 08:04:50,1279,2025-01-09 08:04:50
152,15,2025-01-09 08:06:50,1279,2025-01-09 08:06:50
153,16,2025-01-09 08:09:50,1279,2025-01-09 08:09:50
154,17,2025-01-09 08:11:50,1279,2025-01-09 08:11:50
155,18,2025-01-09 08:13:50,1279,2025-01-09 08:13:50
156,19,2025-01-09 08:15:50,1279,2025-01-09 08:15:50
157,20,2025-01-09 08:17:50,1279,2025-01-09 08:17:50
158,21,2025-01-09 08:19:50,1279,2025-01-09 08:19:50
159,22,2025-01-09 08:21:50,1279,2025-01-09 08:21:50
160,23,2025-01-09 08:23:50,1279,2025-01-09 08:23:50
161,24,2025-01-09 08:25:50,1279,2025-01-09 08:25:50
162,25,2025-01-09 08:27:50,1279,2025-01-09 08:27:50
163,26,2025-01-09 08:29:50,1279,2025-01-09 08:29:50
164,27,2025-01-09 08:31:50,1279,2025-01-09 08:31:50
165,28,2025-01-09 08:34:50,1279,2025-01-09 08:34:50
166,29,2025-01-09 08:36:50,1279,2025-01-09 08:36:50
167,30,2025-01-09 08:38:50,1279,2025-01-09 08:38:50
168,31,2025-01-09 08:41:50,1279,2025-01-09 08:41:50
137,0,2025-01-09 07:39:50,1280,2025-01-09 07:39:50
138,1,2025-01-09 07:42:50,1280,2025-01-09 07:42:50
139,2,2025-01-09 07:44:50,1280,2025-01-09 07:44:50
140,3,2025-01-09 07:46:50,1280,2025-01-09 07:46:50
141,4,2025-01-09 07:47:50,1280,2025-01-09 07:47:50
142,5,2025-01-09 07:51:50,1280,2025-01-09 07:51:50
143,6,2025-01-09 07:54:50,1280,2025-01-09 07:54:50
144,7,2025-01-09 07:56:50,1280,2025-01-09 07:56:50
145,8,2025-01-09 07:58:50,1280,2025-01-09 07:58:50
146,9,2025-01-09 08:00:50,1280,2025-01-09 08:00:50
147,10,2025-01-09 08:02:50,1280,2025-01-09 08:02:50
148,11,2025-01-09 08:04:50,1280,2025-01-09 08:04:50
149,12,2025-01-09 08:06:50,1280,2025-01-09 08:06:50
150,13,2025-01-09 08:08:50,1280,2025-01-09 08:08:50
151,14,2025-01-09 08:09:50,1280,2025-01-09 08:09:50
152,15,2025-01-09 08:11:50,1280,2025-01-09 08:11:50
153,16,2025-01-09 08:14:50,1280,2025-01-09 08:14:50
154,17,2025-01-09 08:16:50,1280,2025-01-09 08:16:50
155,18,2025-01-09 08:18:50,1280,2025-01-09 08:18:50
156,19,2025-01-09 08:20:50,1280,2025-01-09 08:20:50
157,20,2025-01-09 08:22:50,1280,2025-01-09 08:22:50
158,21,2025-01-09 08:24:50,1280,2025-01-09 08:24:50
159,22,2025-01-09 08:26:50,1280,2025-01-09 08:26:50
160,23,2025-01-09 08:28:50,1280,2025-01-09 08:28:50
161,24,2025-01-09 08:30:50,1280,2025-01-09 08:30:50
162,25,2025-01-09 08:32:50,1280,2025-01-09 08:32:50
163,26,2025-01-09 08:34:50,1280,2025-01-09 08:34:50
164,27,2025-01-09 08:36:50,1280,2025-01-09 08:36:50
165,28,2025-01-09 08:39:50,1280,2025-01-09 08:39:50
166,29,2025-01-09 08:41:50,1280,2025-01-09 08:41:50
167,30,2025-01-09 08:43:50,1280,2025-01-09 08:43:50
168,31,2025-01-09 08:46:50,1280,2025-01-09 08:46:50
137,0,2025-01-09 07:44:50,1281,2025-01-09 07:44:50
138,1,2025-01-09 07:47:50,1281,2025-01-09 07:47:50
139,2,2025-01-09 07:49:50,1281,2025-01-09 07:49:50
140,3,2025-01-09 07:51:50,1281,2025-01-09 07:51:50
141,4,2025-01-09 07:52:50,1281,2025-01-09 07:52:50
142,5,2025-01-09 07:56:50,1281,2025-01-09 07:56:50
143,6,2025-01-09 07:59:50,1281,2025-01-09 07:59:50
144,7,2025-01-09 08:01:50,1281,2025-01-09 08:01:50
145,8,2025-01-09 08:03:50,1281,2025-01-09 08:03:50
146,9,2025-01-09 08:05:50,1281,2025-01-09 08:05:50
147,10,2025-01-09 08:07:50,1281,2025-01-09 08:07:50
148,11,2025-01-09 08:09:50,1281,2025-01-09 08:09:50
149,12,2025-01-09 08:11:50,1281,2025-01-09 08:11:50
150,13,2025-01-09 08:13:50,1281,2025-01-09 08:13:50
151,14,2025-01-09 08:14:50,1281,2025-01-09 08:14:50
152,15,2025-01-09 08:16:50,1281,2025-01-09 08:16:50
153,16,2025-01-09 08:19:50,1281,2025-01-09 08:19:50
154,17,2025-01-09 08:21:50,1281,2025-01-09 08:21:50
155,18,2025-01-09 08:23:50,1281,2025-01-09 08:23:50
156,19,2025-01-09 08:25:50,1281,2025-01-09 08:25:50
157,20,2025-01-09 08:27:50,1281,2025-01-09 08:27:50
158,21,2025-01-09 08:29:50,1281,2025-01-09 08:29:50
159,22,2025-01-09 08:31:50,1281,2025-01-09 08:31:50
160,23,2025-01-09 08:33:50,1281,2025-01-09 08:33:50
161,24,2025-01-09 08:35:50,1281,2025-01-09 08:35:50
162,25,2025-01-09 08:37:50,1281,2025-01-09 08:37:50
163,26,2025-01-09 08:39:50,1281,2025-01-09 08:39:50
164,27,2025-01-09 08:41:50,1281,2025-01-09 08:41:50
165,28,2025-01-09 08:44:50,1281,2025-01-09 08:44:50
166,29,2025-01-09 08:46:50,1281,2025-01-09 08:46:50
167,30,2025-01-09 08:48:50,1281,2025-01-09 08:48:50
168,31,2025-01-09 08:51:50,1281,2025-01-09 08:51:50
137,0,2025-01-09 07:49:50,1282,2025-01-09 07:49:50
138,1,2025-01-09 07:52:50,1282,2025-01-09 07:52:50
139,2,2025-01-09 07:54:50,1282,2025-01-09 07:54:50
140,3,2025-01-09 07:56:50,1282,2025-01-09 07:56:50
141,4,2025-01-09 07:57:50,1282,2025-01-09 07:57:50
142,5,2025-01-09 08:01:50,1282,2025-01-09 08:01:50
143,6,2025-01-09 08:04:50,1282,2025-01-09 08:04:50
144,7,2025-01-09 08:06:50,1282,2025-01-09 08:06:50
145,8,2025-01-09 08:08:50,1282,2025-01-09 08:08:50
146,9,2025-01-09 08:10:50,1282,2025-01-09 08:10:50
147,10,2025-01-09 08:12:50,1282,2025-01-09 08:12:50
148,11,2025-01-09 08:14:50,1282,2025-01-09 08:14:50
149,12,2025-01-09 08:16:50,1282,2025-01-09 08:16:50
150,13,2025-01-09 08:18:50,1282,2025-01-09 08:18:50
151,14,2025-01-09 08:19:50,1282,2025-01-09 08:19:50
152,15,2025-01-09 08:21:50,1282,2025-01-09 08:21:50
153,16,2025-01-09 08:24:50,1282,2025-01-09 08:24:50
154,17,2025-01-09 08:26:50,1282,2025-01-09 08:26:50
155,18,2025-01-09 08:28:50,1282,2025-01-09 08:28:50
156,19,2025-01-09 08:30:50,1282,2025-01-09 08:30:50
157,20,2025-01-09 08:32:50,1282,2025-01-09 08:32:50
158,21,2025-01-09 08:34:50,1282,2025-01-09 08:34:50
159,22,2025-01-09 08:36:50,1282,2025-01-09 08:36:50
160,23,2025-01-09 08:38:50,1282,2025-01-09 08:38:50
161,24,2025-01-09 08:40:50,1282,2025-01-09 08:40:50
162,25,2025-01-09 08:42:50,1282,2025-01-09 08:42:50
163,26,2025-01-09 08:44:50,1282,2025-01-09 08:44:50
164,27,2025-01-09 08:46:50,1282,2025-01-09 08:46:50
165,28,2025-01-09 08:49:50,1282,2025-01-09 08:49:50
166,29,2025-01-09 08:51:50,1282,2025-01-09 08:51:50
167,30,2025-01-09 08:53:50,1282,2025-01-09 08:53:50
168,31,2025-01-09 08:56:50,1282,2025-01-09 08:56:50
137,0,2025-01-09 07:54:50,1283,2025-01-09 07:54:50
138,1,2025-01-09 07:57:50,1283,2025-01-09 07:57:50
139,2,2025-01-09 07:59:50,1283,2025-01-09 07:59:50
140,3,2025-01-09 08:01:50,1283,2025-01-09 08:01:50
141,4,2025-01-09 08:02:50,1283,2025-01-09 08:02:50
142,5,2025-01-09 08:06:50,1283,2025-01-09 08:06:50
143,6,2025-01-09 08:09:50,1283,2025-01-09 08:09:50
144,7,2025-01-09 08:11:50,1283,2025-01-09 08:11:50
145,8,2025-01-09 08:13:50,1283,2025-01-09 08:13:50
146,9,2025-01-09 08:15:50,1283,2025-01-09 08:15:50
147,10,2025-01-09 08:17:50,1283,2025-01-09 08:17:50
148,11,2025-01-09 08:19:50,1283,2025-01-09 08:19:50
149,12,2025-01-09 08:21:50,1283,2025-01-09 08:21:50
150,13,2025-01-09 08:23:50,1283,2025-01-09 08:23:50
151,14,2025-01-09 08:24:50,1283,2025-01-09 08:24:50
152,15,2025-01-09 08:26:50,1283,2025-01-09 08:26:50
153,16,2025-01-09 08:29:50,1283,2025-01-09 08:29:50
154,17,2025-01-09 08:31:50,1283,2025-01-09 08:31:50
155,18,2025-01-09 08:33:50,1283,2025-01-09 08:33:50
156,19,2025-01-09 08:35:50,1283,2025-01-09 08:35:50
157,20,2025-01-09 08:37:50,1283,2025-01-09 08:37:50
158,21,2025-01-09 08:39:50,1283,2025-01-09 08:39:50
159,22,2025-01-09 08:41:50,1283,2025-01-09 08:41:50
160,23,2025-01-09 08:43:50,1283,2025-01-09 08:43:50
161,24,2025-01-09 08:45:50,1283,2025-01-09 08:45:50
162,25,2025-01-09 08:47:50,1283,2025-01-09 08:47:50
163,26,2025-01-09 08:49:50,1283,2025-01-09 08:49:50
164,27,2025-01-09 08:51:50,1283,2025-01-09 08:51:50
165,28,2025-01-09 08:54:50,1283,2025-01-09 08:54:50
166,29,2025-01-09 08:56:50,1283,2025-01-09 08:56:50
167,30,2025-01-09 08:58:50,1283,2025-01-09 08:58:50
168,31,2025-01-09 09:01:50,1283,2025-01-09 09:01:50
137,0,2025-01-09 07:59:50,1284,2025-01-09 07:59:50
138,1,2025-01-09 08:02:50,1284,2025-01-09 08:02:50
139,2,2025-01-09 08:04:50,1284,2025-01-09 08:04:50
140,3,2025-01-09 08:06:50,1284,2025-01-09 08:06:50
141,4,2025-01-09 08:07:50,1284,2025-01-09 08:07:50
142,5,2025-01-09 08:11:50,1284,2025-01-09 08:11:50
143,6,2025-01-09 08:14:50,1284,2025-01-09 08:14:50
144,7,2025-01-09 08:16:50,1284,2025-01-09 08:16:50
145,8,2025-01-09 08:18:50,1284,2025-01-09 08:18:50
146,9,2025-01-09 08:20:50,1284,2025-01-09 08:20:50
147,10,2025-01-09 08:22:50,1284,2025-01-09 08:22:50
148,11,2025-01-09 08:24:50,1284,2025-01-09 08:24:50
149,12,2025-01-09 08:26:50,1284,2025-01-09 08:26:50
150,13,2025-01-09 08:28:50,1284,2025-01-09 08:28:50
151,14,2025-01-09 08:29:50,1284,2025-01-09 08:29:50
152,15,2025-01-09 08:31:50,1284,2025-01-09 08:31:50
153,16,2025-01-09 08:34:50,1284,2025-01-09 08:34:50
154,17,2025-01-09 08:36:50,1284,2025-01-09 08:36:50
155,18,2025-01-09 08:38:50,1284,2025-01-09 08:38:50
156,19,2025-01-09 08:40:50,1284,2025-01-09 08:40:50
157,20,2025-01-09 08:42:50,1284,2025-01-09 08:42:50
158,21,2025-01-09 08:44:50,1284,2025-01-09 08:44:50
159,22,2025-01-09 08:46:50,1284,2025-01-09 08:46:50
160,23,2025-01-09 08:48:50,1284,2025-01-09 08:48:50
161,24,2025-01-09 08:50:50,1284,2025-01-09 08:50:50
162,25,2025-01-09 08:52:50,1284,2025-01-09 08:52:50
163,26,2025-01-09 08:54:50,1284,2025-01-09 08:54:50
164,27,2025-01-09 08:56:50,1284,2025-01-09 08:56:50
165,28,2025-01-09 08:59:50,1284,2025-01-09 08:59:50
166,29,2025-01-09 09:01:50,1284,2025-01-09 09:01:50
167,30,2025-01-09 09:03:50,1284,2025-01-09 09:03:50
168,31,2025-01-09 09:06:50,1284,2025-01-09 09:06:50
137,0,2025-01-09 08:04:50,1285,2025-01-09 08:04:50
138,1,2025-01-09 08:07:50,1285,2025-01-09 08:07:50
139,2,2025-01-09 08:09:50,1285,2025-01-09 08:09:50
140,3,2025-01-09 08:11:50,1285,2025-01-09 08:11:50
141,4,2025-01-09 08:12:50,1285,2025-01-09 08:12:50
142,5,2025-01-09 08:16:50,1285,2025-01-09 08:16:50
143,6,2025-01-09 08:19:50,1285,2025-01-09 08:19:50
144,7,2025-01-09 08:21:50,1285,2025-01-09 08:21:50
145,8,2025-01-09 08:23:50,1285,2025-01-09 08:23:50
146,9,2025-01-09 08:25:50,1285,2025-01-09 08:25:50
147,10,2025-01-09 08:27:50,1285,2025-01-09 08:27:50
148,11,2025-01-09 08:29:50,1285,2025-01-09 08:29:50
149,12,2025-01-09 08:31:50,1285,2025-01-09 08:31:50
150,13,2025-01-09 08:33:50,1285,2025-01-09 08:33:50
151,14,2025-01-09 08:34:50,1285,2025-01-09 08:34:50
152,15,2025-01-09 08:36:50,1285,2025-01-09 08:36:50
153,16,2025-01-09 08:39:50,1285,2025-01-09 08:39:50
154,17,2025-01-09 08:41:50,1285,2025-01-09 08:41:50
155,18,2025-01-09 08:43:50,1285,2025-01-09 08:43:50
156,19,2025-01-09 08:45:50,1285,2025-01-09 08:45:50
157,20,2025-01-09 08:47:50,1285,2025-01-09 08:47:50
158,21,2025-01-09 08:49:50,1285,2025-01-09 08:49:50
159,22,2025-01-09 08:51:50,1285,2025-01-09 08:51:50
160,23,2025-01-09 08:53:50,1285,2025-01-09 08:53:50
161,24,2025-01-09 08:55:50,1285,2025-01-09 08:55:50
162,25,2025-01-09 08:57:50,1285,2025-01-09 08:57:50
163,26,2025-01-09 08:59:50,1285,2025-01-09 08:59:50
164,27,2025-01-09 09:01:50,1285,2025-01-09 09:01:50
165,28,2025-01-09 09:04:50,1285,2025-01-09 09:04:50
166,29,2025-01-09 09:06:50,1285,2025-01-09 09:06:50
167,30,2025-01-09 09:08:50,1285,2025-01-09 09:08:50
168,31,2025-01-09 09:11:50,1285,2025-01-09 09:11:50
137,0,2025-01-09 08:09:50,1286,2025-01-09 08:09:50
138,1,2025-01-09 08:12:50,1286,2025-01-09 08:12:50
139,2,2025-01-09 08:14:50,1286,2025-01-09 08:14:50
140,3,2025-01-09 08:16:50,1286,2025-01-09 08:16:50
141,4,2025-01-09 08:17:50,1286,2025-01-09 08:17:50
142,5,2025-01-09 08:21:50,1286,2025-01-09 08:21:50
143,6,2025-01-09 08:24:50,1286,2025-01-09 08:24:50
144,7,2025-01-09 08:26:50,1286,2025-01-09 08:26:50
145,8,2025-01-09 08:28:50,1286,2025-01-09 08:28:50
146,9,2025-01-09 08:30:50,1286,2025-01-09 08:30:50
147,10,2025-01-09 08:32:50,1286,2025-01-09 08:32:50
148,11,2025-01-09 08:34:50,1286,2025-01-09 08:34:50
149,12,2025-01-09 08:36:50,1286,2025-01-09 08:36:50
150,13,2025-01-09 08:38:50,1286,2025-01-09 08:38:50
151,14,2025-01-09 08:39:50,1286,2025-01-09 08:39:50
152,15,2025-01-09 08:41:50,1286,2025-01-09 08:41:50
153,16,2025-01-09 08:44:50,1286,2025-01-09 08:44:50
154,17,2025-01-09 08:46:50,1286,2025-01-09 08:46:50
155,18,2025-01-09 08:48:50,1286,2025-01-09 08:48:50
156,19,2025-01-09 08:50:50,1286,2025-01-09 08:50:50
157,20,2025-01-09 08:52:50,1286,2025-01-09 08:52:50
158,21,2025-01-09 08:54:50,1286,2025-01-09 08:54:50
159,22,2025-01-09 08:56:50,1286,2025-01-09 08:56:50
160,23,2025-01-09 08:58:50,1286,2025-01-09 08:58:50
161,24,2025-01-09 09:00:50,1286,2025-01-09 09:00:50
162,25,2025-01-09 09:02:50,1286,2025-01-09 09:02:50
163,26,2025-01-09 09:04:50,1286,2025-01-09 09:04:50
164,27,2025-01-09 09:06:50,1286,2025-01-09 09:06:50
165,28,2025-01-09 09:09:50,1286,2025-01-09 09:09:50
166,29,2025-01-09 09:11:50,1286,2025-01-09 09:11:50
167,30,2025-01-09 09:13:50,1286,2025-01-09 09:13:50
168,31,2025-01-09 09:16:50,1286,2025-01-09 09:16:50
137,0,2025-01-09 08:14:50,1287,2025-01-09 08:14:50
138,1,2025-01-09 08:17:50,1287,2025-01-09 08:17:50
139,2,2025-01-09 08:19:50,1287,2025-01-09 08:19:50
140,3,2025-01-09 08:21:50,1287,2025-01-09 08:21:50
141,4,2025-01-09 08:22:50,1287,2025-01-09 08:22:50
142,5,2025-01-09 08:26:50,1287,2025-01-09 08:26:50
143,6,2025-01-09 08:29:50,1287,2025-01-09 08:29:50
144,7,2025-01-09 08:31:50,1287,2025-01-09 08:31:50
145,8,2025-01-09 08:33:50,1287,2025-01-09 08:33:50
146,9,2025-01-09 08:35:50,1287,2025-01-09 08:35:50
147,10,2025-01-09 08:37:50,1287,2025-01-09 08:37:50
148,11,2025-01-09 08:39:50,1287,2025-01-09 08:39:50
149,12,2025-01-09 08:41:50,1287,2025-01-09 08:41:50
150,13,2025-01-09 08:43:50,1287,2025-01-09 08:43:50
151,14,2025-01-09 08:44:50,1287,2025-01-09 08:44:50
152,15,2025-01-09 08:46:50,1287,2025-01-09 08:46:50
153,16,2025-01-09 08:49:50,1287,2025-01-09 08:49:50
154,17,2025-01-09 08:51:50,1287,2025-01-09 08:51:50
155,18,2025-01-09 08:53:50,1287,2025-01-09 08:53:50
156,19,2025-01-09 08:55:50,1287,2025-01-09 08:55:50
157,20,2025-01-09 08:57:50,1287,2025-01-09 08:57:50
158,21,2025-01-09 08:59:50,1287,2025-01-09 08:59:50
159,22,2025-01-09 09:01:50,1287,2025-01-09 09:01:50
160,23,2025-01-09 09:03:50,1287,2025-01-09 09:03:50
161,24,2025-01-09 09:05:50,1287,2025-01-09 09:05:50
162,25,2025-01-09 09:07:50,1287,2025-01-09 09:07:50
163,26,2025-01-09 09:09:50,1287,2025-01-09 09:09:50
164,27,2025-01-09 09:11:50,1287,2025-01-09 09:11:50
165,28,2025-01-09 09:14:50,1287,2025-01-09 09:14:50
166,29,2025-01-09 09:16:50,1287,2025-01-09 09:16:50
167,30,2025-01-09 09:18:50,1287,2025-01-09 09:18:50
168,31,2025-01-09 09:21:50,1287,2025-01-09 09:21:50
137,0,2025-01-09 08:19:50,1288,2025-01-09 08:19:50
138,1,2025-01-09 08:22:50,1288,2025-01-09 08:22:50
139,2,2025-01-09 08:24:50,1288,2025-01-09 08:24:50
140,3,2025-01-09 08:26:50,1288,2025-01-09 08:26:50
141,4,2025-01-09 08:27:50,1288,2025-01-09 08:27:50
142,5,2025-01-09 08:31:50,1288,2025-01-09 08:31:50
143,6,2025-01-09 08:34:50,1288,2025-01-09 08:34:50
144,7,2025-01-09 08:36:50,1288,2025-01-09 08:36:50
145,8,2025-01-09 08:38:50,1288,2025-01-09 08:38:50
146,9,2025-01-09 08:40:50,1288,2025-01-09 08:40:50
147,10,2025-01-09 08:42:50,1288,2025-01-09 08:42:50
148,11,2025-01-09 08:44:50,1288,2025-01-09 08:44:50
149,12,2025-01-09 08:46:50,1288,2025-01-09 08:46:50
150,13,2025-01-09 08:48:50,1288,2025-01-09 08:48:50
151,14,2025-01-09 08:49:50,1288,2025-01-09 08:49:50
152,15,2025-01-09 08:51:50,1288,2025-01-09 08:51:50
153,16,2025-01-09 08:54:50,1288,2025-01-09 08:54:50
154,17,2025-01-09 08:56:50,1288,2025-01-09 08:56:50
155,18,2025-01-09 08:58:50,1288,2025-01-09 08:58:50
156,19,2025-01-09 09:00:50,1288,2025-01-09 09:00:50
157,20,2025-01-09 09:02:50,1288,2025-01-09 09:02:50
158,21,2025-01-09 09:04:50,1288,2025-01-09 09:04:50
159,22,2025-01-09 09:06:50,1288,2025-01-09 09:06:50
160,23,2025-01-09 09:08:50,1288,2025-01-09 09:08:50
161,24,2025-01-09 09:10:50,1288,2025-01-09 09:10:50
162,25,2025-01-09 09:12:50,1288,2025-01-09 09:12:50
163,26,2025-01-09 09:14:50,1288,2025-01-09 09:14:50
164,27,2025-01-09 09:16:50,1288,2025-01-09 09:16:50
165,28,2025-01-09 09:19:50,1288,2025-01-09 09:19:50
166,29,2025-01-09 09:21:50,1288,2025-01-09 09:21:50
167,30,2025-01-09 09:23:50,1288,2025-01-09 09:23:50
168,31,2025-01-09 09:26:50,1288,2025-01-09 09:26:50
137,0,2025-01-09 08:24:50,1289,2025-01-09 08:24:50
138,1,2025-01-09 08:27:50,1289,2025-01-09 08:27:50
139,2,2025-01-09 08:29:50,1289,2025-01-09 08:29:50
140,3,2025-01-09 08:31:50,1289,2025-01-09 08:31:50
141,4,2025-01-09 08:32:50,1289,2025-01-09 08:32:50
142,5,2025-01-09 08:36:50,1289,2025-01-09 08:36:50
143,6,2025-01-09 08:39:50,1289,2025-01-09 08:39:50
144,7,2025-01-09 08:41:50,1289,2025-01-09 08:41:50
145,8,2025-01-09 08:43:50,1289,2025-01-09 08:43:50
146,9,2025-01-09 08:45:50,1289,2025-01-09 08:45:50
147,10,2025-01-09 08:47:50,1289,2025-01-09 08:47:50
148,11,2025-01-09 08:49:50,1289,2025-01-09 08:49:50
149,12,2025-01-09 08:51:50,1289,2025-01-09 08:51:50
150,13,2025-01-09 08:53:50,1289,2025-01-09 08:53:50
151,14,2025-01-09 08:54:50,1289,2025-01-09 08:54:50
152,15,2025-01-09 08:56:50,1289,2025-01-09 08:56:50
153,16,2025-01-09 08:59:50,1289,2025-01-09 08:59:50
154,17,2025-01-09 09:01:50,1289,2025-01-09 09:01:50
155,18,2025-01-09 09:03:50,1289,2025-01-09 09:03:50
156,19,2025-01-09 09:05:50,1289,2025-01-09 09:05:50
157,20,2025-01-09 09:07:50,1289,2025-01-09 09:07:50
158,21,2025-01-09 09:09:50,1289,2025-01-09 09:09:50
159,22,2025-01-09 09:11:50,1289,2025-01-09 09:11:50
160,23,2025-01-09 09:13:50,1289,2025-01-09 09:13:50
161,24,2025-01-09 09:15:50,1289,2025-01-09 09:15:50
162,25,2025-01-09 09:17:50,1289,2025-01-09 09:17:50
163,26,2025-01-09 09:19:50,1289,2025-01-09 09:19:50
164,27,2025-01-09 09:21:50,1289,2025-01-09 09:21:50
165,28,2025-01-09 09:24:50,1289,2025-01-09 09:24:50
166,29,2025-01-09 09:26:50,1289,2025-01-09 09:26:50
167,30,2025-01-09 09:28:50,1289,2025-01-09 09:28:50
168,31,2025-01-09 09:31:50,1289,2025-01-09 09:31:50
137,0,2025-01-09 08:29:50,1290,2025-01-09 08:29:50
138,1,2025-01-09 08:32:50,1290,2025-01-09 08:32:50
139,2,2025-01-09 08:34:50,1290,2025-01-09 08:34:50
140,3,2025-01-09 08:36:50,1290,2025-01-09 08:36:50
141,4,2025-01-09 08:37:50,1290,2025-01-09 08:37:50
142,5,2025-01-09 08:41:50,1290,2025-01-09 08:41:50
143,6,2025-01-09 08:44:50,1290,2025-01-09 08:44:50
144,7,2025-01-09 08:46:50,1290,2025-01-09 08:46:50
145,8,2025-01-09 08:48:50,1290,2025-01-09 08:48:50
146,9,2025-01-09 08:50:50,1290,2025-01-09 08:50:50
147,10,2025-01-09 08:52:50,1290,2025-01-09 08:52:50
148,11,2025-01-09 08:54:50,1290,2025-01-09 08:54:50
149,12,2025-01-09 08:56:50,1290,2025-01-09 08:56:50
150,13,2025-01-09 08:58:50,1290,2025-01-09 08:58:50
151,14,2025-01-09 08:59:50,1290,2025-01-09 08:59:50
152,15,2025-01-09 09:01:50,1290,2025-01-09 09:01:50
153,16,2025-01-09 09:04:50,1290,2025-01-09 09:04:50
154,17,2025-01-09 09:06:50,1290,2025-01-09 09:06:50
155,18,2025-01-09 09:08:50,1290,2025-01-09 09:08:50
156,19,2025-01-09 09:10:50,1290,2025-01-09 09:10:50
157,20,2025-01-09 09:12:50,1290,2025-01-09 09:12:50
158,21,2025-01-09 09:14:50,1290,2025-01-09 09:14:50
159,22,2025-01-09 09:16:50,1290,2025-01-09 09:16:50
160,23,2025-01-09 09:18:50,1290,2025-01-09 09:18:50
161,24,2025-01-09 09:20:50,1290,2025-01-09 09:20:50
162,25,2025-01-09 09:22:50,1290,2025-01-09 09:22:50
163,26,2025-01-09 09:24:50,1290,2025-01-09 09:24:50
164,27,2025-01-09 09:26:50,1290,2025-01-09 09:26:50
165,28,2025-01-09 09:29:50,1290,2025-01-09 09:29:50
166,29,2025-01-09 09:31:50,1290,2025-01-09 09:31:50
167,30,2025-01-09 09:33:50,1290,2025-01-09 09:33:50
168,31,2025-01-09 09:36:50,1290,2025-01-09 09:36:50
137,0,2025-01-09 08:34:50,1291,2025-01-09 08:34:50
138,1,2025-01-09 08:37:50,1291,2025-01-09 08:37:50
139,2,2025-01-09 08:39:50,1291,2025-01-09 08:39:50
140,3,2025-01-09 08:41:50,1291,2025-01-09 08:41:50
141,4,2025-01-09 08:42:50,1291,2025-01-09 08:42:50
142,5,2025-01-09 08:46:50,1291,2025-01-09 08:46:50
143,6,2025-01-09 08:49:50,1291,2025-01-09 08:49:50
144,7,2025-01-09 08:51:50,1291,2025-01-09 08:51:50
145,8,2025-01-09 08:53:50,1291,2025-01-09 08:53:50
146,9,2025-01-09 08:55:50,1291,2025-01-09 08:55:50
147,10,2025-01-09 08:57:50,1291,2025-01-09 08:57:50
148,11,2025-01-09 08:59:50,1291,2025-01-09 08:59:50
149,12,2025-01-09 09:01:50,1291,2025-01-09 09:01:50
150,13,2025-01-09 09:03:50,1291,2025-01-09 09:03:50
151,14,2025-01-09 09:04:50,1291,2025-01-09 09:04:50
152,15,2025-01-09 09:06:50,1291,2025-01-09 09:06:50
153,16,2025-01-09 09:09:50,1291,2025-01-09 09:09:50
154,17,2025-01-09 09:11:50,1291,2025-01-09 09:11:50
155,18,2025-01-09 09:13:50,1291,2025-01-09 09:13:50
156,19,2025-01-09 09:15:50,1291,2025-01-09 09:15:50
157,20,2025-01-09 09:17:50,1291,2025-01-09 09:17:50
158,21,2025-01-09 09:19:50,1291,2025-01-09 09:19:50
159,22,2025-01-09 09:21:50,1291,2025-01-09 09:21:50
160,23,2025-01-09 09:23:50,1291,2025-01-09 09:23:50
161,24,2025-01-09 09:25:50,1291,2025-01-09 09:25:50
162,25,2025-01-09 09:27:50,1291,2025-01-09 09:27:50
163,26,2025-01-09 09:29:50,1291,2025-01-09 09:29:50
164,27,2025-01-09 09:31:50,1291,2025-01-09 09:31:50
165,28,2025-01-09 09:34:50,1291,2025-01-09 09:34:50
166,29,2025-01-09 09:36:50,1291,2025-01-09 09:36:50
167,30,2025-01-09 09:38:50,1291,2025-01-09 09:38:50
168,31,2025-01-09 09:41:50,1291,2025-01-09 09:41:50
137,0,2025-01-09 08:39:50,1292,2025-01-09 08:39:50
138,1,2025-01-09 08:42:50,1292,2025-01-09 08:42:50
139,2,2025-01-09 08:44:50,1292,2025-01-09 08:44:50
140,3,2025-01-09 08:46:50,1292,2025-01-09 08:46:50
141,4,2025-01-09 08:47:50,1292,2025-01-09 08:47:50
142,5,2025-01-09 08:51:50,1292,2025-01-09 08:51:50
143,6,2025-01-09 08:54:50,1292,2025-01-09 08:54:50
144,7,2025-01-09 08:56:50,1292,2025-01-09 08:56:50
145,8,2025-01-09 08:58:50,1292,2025-01-09 08:58:50
146,9,2025-01-09 09:00:50,1292,2025-01-09 09:00:50
147,10,2025-01-09 09:02:50,1292,2025-01-09 09:02:50
148,11,2025-01-09 09:04:50,1292,2025-01-09 09:04:50
149,12,2025-01-09 09:06:50,1292,2025-01-09 09:06:50
150,13,2025-01-09 09:08:50,1292,2025-01-09 09:08:50
151,14,2025-01-09 09:09:50,1292,2025-01-09 09:09:50
152,15,2025-01-09 09:11:50,1292,2025-01-09 09:11:50
153,16,2025-01-09 09:14:50,1292,2025-01-09 09:14:50
154,17,2025-01-09 09:16:50,1292,2025-01-09 09:16:50
155,18,2025-01-09 09:18:50,1292,2025-01-09 09:18:50
156,19,2025-01-09 09:20:50,1292,2025-01-09 09:20:50
157,20,2025-01-09 09:22:50,1292,2025-01-09 09:22:50
158,21,2025-01-09 09:24:50,1292,2025-01-09 09:24:50
159,22,2025-01-09 09:26:50,1292,2025-01-09 09:26:50
160,23,2025-01-09 09:28:50,1292,2025-01-09 09:28:50
161,24,2025-01-09 09:30:50,1292,2025-01-09 09:30:50
162,25,2025-01-09 09:32:50,1292,2025-01-09 09:32:50
163,26,2025-01-09 09:34:50,1292,2025-01-09 09:34:50
164,27,2025-01-09 09:36:50,1292,2025-01-09 09:36:50
165,28,2025-01-09 09:39:50,1292,2025-01-09 09:39:50
166,29,2025-01-09 09:41:50,1292,2025-01-09 09:41:50
167,30,2025-01-09 09:43:50,1292,2025-01-09 09:43:50
168,31,2025-01-09 09:46:50,1292,2025-01-09 09:46:50
137,0,2025-01-09 08:42:50,1293,2025-01-09 08:42:50
138,1,2025-01-09 08:45:50,1293,2025-01-09 08:45:50
139,2,2025-01-09 08:47:50,1293,2025-01-09 08:47:50
140,3,2025-01-09 08:49:50,1293,2025-01-09 08:49:50
141,4,2025-01-09 08:50:50,1293,2025-01-09 08:50:50
142,5,2025-01-09 08:54:50,1293,2025-01-09 08:54:50
143,6,2025-01-09 08:57:50,1293,2025-01-09 08:57:50
144,7,2025-01-09 08:59:50,1293,2025-01-09 08:59:50
145,8,2025-01-09 09:01:50,1293,2025-01-09 09:01:50
146,9,2025-01-09 09:03:50,1293,2025-01-09 09:03:50
147,10,2025-01-09 09:05:50,1293,2025-01-09 09:05:50
148,11,2025-01-09 09:07:50,1293,2025-01-09 09:07:50
149,12,2025-01-09 09:09:50,1293,2025-01-09 09:09:50
150,13,2025-01-09 09:11:50,1293,2025-01-09 09:11:50
151,14,2025-01-09 09:12:50,1293,2025-01-09 09:12:50
152,15,2025-01-09 09:14:50,1293,2025-01-09 09:14:50
153,16,2025-01-09 09:17:50,1293,2025-01-09 09:17:50
154,17,2025-01-09 09:19:50,1293,2025-01-09 09:19:50
155,18,2025-01-09 09:21:50,1293,2025-01-09 09:21:50
156,19,2025-01-09 09:23:50,1293,2025-01-09 09:23:50
157,20,2025-01-09 09:25:50,1293,2025-01-09 09:25:50
158,21,2025-01-09 09:27:50,1293,2025-01-09 09:27:50
159,22,2025-01-09 09:29:50,1293,2025-01-09 09:29:50
160,23,2025-01-09 09:31:50,1293,2025-01-09 09:31:50
161,24,2025-01-09 09:33:50,1293,2025-01-09 09:33:50
162,25,2025-01-09 09:35:50,1293,2025-01-09 09:35:50
163,26,2025-01-09 09:37:50,1293,2025-01-09 09:37:50
164,27,2025-01-09 09:39:50,1293,2025-01-09 09:39:50
165,28,2025-01-09 09:42:50,1293,2025-01-09 09:42:50
166,29,2025-01-09 09:44:50,1293,2025-01-09 09:44:50
167,30,2025-01-09 09:46:50,1293,2025-01-09 09:46:50
168,31,2025-01-09 09:49:50,1293,2025-01-09 09:49:50
137,0,2025-01-09 08:47:20,1294,2025-01-09 08:47:20
138,1,2025-01-09 08:50:20,1294,2025-01-09 08:50:20
139,2,2025-01-09 08:52:20,1294,2025-01-09 08:52:20
140,3,2025-01-09 08:54:20,1294,2025-01-09 08:54:20
141,4,2025-01-09 08:55:20,1294,2025-01-09 08:55:20
142,5,2025-01-09 08:59:20,1294,2025-01-09 08:59:20
143,6,2025-01-09 09:02:20,1294,2025-01-09 09:02:20
144,7,2025-01-09 09:04:20,1294,2025-01-09 09:04:20
145,8,2025-01-09 09:06:20,1294,2025-01-09 09:06:20
146,9,2025-01-09 09:08:20,1294,2025-01-09 09:08:20
147,10,2025-01-09 09:10:20,1294,2025-01-09 09:10:20
148,11,2025-01-09 09:12:20,1294,2025-01-09 09:12:20
149,12,2025-01-09 09:14:20,1294,2025-01-09 09:14:20
150,13,2025-01-09 09:16:20,1294,2025-01-09 09:16:20
151,14,2025-01-09 09:17:20,1294,2025-01-09 09:17:20
152,15,2025-01-09 09:19:20,1294,2025-01-09 09:19:20
153,16,2025-01-09 09:22:20,1294,2025-01-09 09:22:20
154,17,2025-01-09 09:24:20,1294,2025-01-09 09:24:20
155,18,2025-01-09 09:26:20,1294,2025-01-09 09:26:20
156,19,2025-01-09 09:28:20,1294,2025-01-09 09:28:20
157,20,2025-01-09 09:30:20,1294,2025-01-09 09:30:20
158,21,2025-01-09 09:32:20,1294,2025-01-09 09:32:20
159,22,2025-01-09 09:34:20,1294,2025-01-09 09:34:20
160,23,2025-01-09 09:36:20,1294,2025-01-09 09:36:20
161,24,2025-01-09 09:38:20,1294,2025-01-09 09:38:20
162,25,2025-01-09 09:40:20,1294,2025-01-09 09:40:20
163,26,2025-01-09 09:42:20,1294,2025-01-09 09:42:20
164,27,2025-01-09 09:44:20,1294,2025-01-09 09:44:20
165,28,2025-01-09 09:47:20,1294,2025-01-09 09:47:20
166,29,2025-01-09 09:49:20,1294,2025-01-09 09:49:20
167,30,2025-01-09 09:51:20,1294,2025-01-09 09:51:20
168,31,2025-01-09 09:54:20,1294,2025-01-09 09:54:20
137,0,2025-01-09 08:51:50,1295,2025-01-09 08:51:50
138,1,2025-01-09 08:54:50,1295,2025-01-09 08:54:50
139,2,2025-01-09 08:56:50,1295,2025-01-09 08:56:50
140,3,2025-01-09 08:58:50,1295,2025-01-09 08:58:50
141,4,2025-01-09 08:59:50,1295,2025-01-09 08:59:50
142,5,2025-01-09 09:03:50,1295,2025-01-09 09:03:50
143,6,2025-01-09 09:06:50,1295,2025-01-09 09:06:50
144,7,2025-01-09 09:08:50,1295,2025-01-09 09:08:50
145,8,2025-01-09 09:10:50,1295,2025-01-09 09:10:50
146,9,2025-01-09 09:12:50,1295,2025-01-09 09:12:50
147,10,2025-01-09 09:14:50,1295,2025-01-09 09:14:50
148,11,2025-01-09 09:16:50,1295,2025-01-09 09:16:50
149,12,2025-01-09 09:18:50,1295,2025-01-09 09:18:50
150,13,2025-01-09 09:20:50,1295,2025-01-09 09:20:50
151,14,2025-01-09 09:21:50,1295,2025-01-09 09:21:50
152,15,2025-01-09 09:23:50,1295,2025-01-09 09:23:50
153,16,2025-01-09 09:26:50,1295,2025-01-09 09:26:50
154,17,2025-01-09 09:28:50,1295,2025-01-09 09:28:50
155,18,2025-01-09 09:30:50,1295,2025-01-09 09:30:50
156,19,2025-01-09 09:32:50,1295,2025-01-09 09:32:50
157,20,2025-01-09 09:34:50,1295,2025-01-09 09:34:50
158,21,2025-01-09 09:36:50,1295,2025-01-09 09:36:50
159,22,2025-01-09 09:38:50,1295,2025-01-09 09:38:50
160,23,2025-01-09 09:40:50,1295,2025-01-09 09:40:50
161,24,2025-01-09 09:42:50,1295,2025-01-09 09:42:50
162,25,2025-01-09 09:44:50,1295,2025-01-09 09:44:50
163,26,2025-01-09 09:46:50,1295,2025-01-09 09:46:50
164,27,2025-01-09 09:48:50,1295,2025-01-09 09:48:50
165,28,2025-01-09 09:51:50,1295,2025-01-09 09:51:50
166,29,2025-01-09 09:53:50,1295,2025-01-09 09:53:50
167,30,2025-01-09 09:55:50,1295,2025-01-09 09:55:50
168,31,2025-01-09 09:58:50,1295,2025-01-09 09:58:50
137,0,2025-01-09 08:56:20,1296,2025-01-09 08:56:20
138,1,2025-01-09 08:59:20,1296,2025-01-09 08:59:20
139,2,2025-01-09 09:01:20,1296,2025-01-09 09:01:20
140,3,2025-01-09 09:03:20,1296,2025-01-09 09:03:20
141,4,2025-01-09 09:04:20,1296,2025-01-09 09:04:20
142,5,2025-01-09 09:08:20,1296,2025-01-09 09:08:20
143,6,2025-01-09 09:11:20,1296,2025-01-09 09:11:20
144,7,2025-01-09 09:13:20,1296,2025-01-09 09:13:20
145,8,2025-01-09 09:15:20,1296,2025-01-09 09:15:20
146,9,2025-01-09 09:17:20,1296,2025-01-09 09:17:20
147,10,2025-01-09 09:19:20,1296,2025-01-09 09:19:20
148,11,2025-01-09 09:21:20,1296,2025-01-09 09:21:20
149,12,2025-01-09 09:23:20,1296,2025-01-09 09:23:20
150,13,2025-01-09 09:25:20,1296,2025-01-09 09:25:20
151,14,2025-01-09 09:26:20,1296,2025-01-09 09:26:20
152,15,2025-01-09 09:28:20,1296,2025-01-09 09:28:20
153,16,2025-01-09 09:31:20,1296,2025-01-09 09:31:20
154,17,2025-01-09 09:33:20,1296,2025-01-09 09:33:20
155,18,2025-01-09 09:35:20,1296,2025-01-09 09:35:20
156,19,2025-01-09 09:37:20,1296,2025-01-09 09:37:20
157,20,2025-01-09 09:39:20,1296,2025-01-09 09:39:20
158,21,2025-01-09 09:41:20,1296,2025-01-09 09:41:20
159,22,2025-01-09 09:43:20,1296,2025-01-09 09:43:20
160,23,2025-01-09 09:45:20,1296,2025-01-09 09:45:20
161,24,2025-01-09 09:47:20,1296,2025-01-09 09:47:20
162,25,2025-01-09 09:49:20,1296,2025-01-09 09:49:20
163,26,2025-01-09 09:51:20,1296,2025-01-09 09:51:20
164,27,2025-01-09 09:53:20,1296,2025-01-09 09:53:20
165,28,2025-01-09 09:56:20,1296,2025-01-09 09:56:20
166,29,2025-01-09 09:58:20,1296,2025-01-09 09:58:20
167,30,2025-01-09 10:00:20,1296,2025-01-09 10:00:20
168,31,2025-01-09 10:03:20,1296,2025-01-09 10:03:20
137,0,2025-01-09 09:00:50,1297,2025-01-09 09:00:50
138,1,2025-01-09 09:03:50,1297,2025-01-09 09:03:50
139,2,2025-01-09 09:05:50,1297,2025-01-09 09:05:50
140,3,2025-01-09 09:07:50,1297,2025-01-09 09:07:50
141,4,2025-01-09 09:08:50,1297,2025-01-09 09:08:50
142,5,2025-01-09 09:12:50,1297,2025-01-09 09:12:50
143,6,2025-01-09 09:15:50,1297,2025-01-09 09:15:50
144,7,2025-01-09 09:17:50,1297,2025-01-09 09:17:50
145,8,2025-01-09 09:19:50,1297,2025-01-09 09:19:50
146,9,2025-01-09 09:21:50,1297,2025-01-09 09:21:50
147,10,2025-01-09 09:23:50,1297,2025-01-09 09:23:50
148,11,2025-01-09 09:25:50,1297,2025-01-09 09:25:50
149,12,2025-01-09 09:27:50,1297,2025-01-09 09:27:50
150,13,2025-01-09 09:29:50,1297,2025-01-09 09:29:50
151,14,2025-01-09 09:30:50,1297,2025-01-09 09:30:50
152,15,2025-01-09 09:32:50,1297,2025-01-09 09:32:50
153,16,2025-01-09 09:35:50,1297,2025-01-09 09:35:50
154,17,2025-01-09 09:37:50,1297,2025-01-09 09:37:50
155,18,2025-01-09 09:39:50,1297,2025-01-09 09:39:50
156,19,2025-01-09 09:41:50,1297,2025-01-09 09:41:50
157,20,2025-01-09 09:43:50,1297,2025-01-09 09:43:50
158,21,2025-01-09 09:45:50,1297,2025-01-09 09:45:50
159,22,2025-01-09 09:47:50,1297,2025-01-09 09:47:50
160,23,2025-01-09 09:49:50,1297,2025-01-09 09:49:50
161,24,2025-01-09 09:51:50,1297,2025-01-09 09:51:50
162,25,2025-01-09 09:53:50,1297,2025-01-09 09:53:50
163,26,2025-01-09 09:55:50,1297,2025-01-09 09:55:50
164,27,2025-01-09 09:57:50,1297,2025-01-09 09:57:50
165,28,2025-01-09 10:00:50,1297,2025-01-09 10:00:50
166,29,2025-01-09 10:02:50,1297,2025-01-09 10:02:50
167,30,2025-01-09 10:04:50,1297,2025-01-09 10:04:50
168,31,2025-01-09 10:07:50,1297,2025-01-09 10:07:50
137,0,2025-01-09 09:05:20,1298,2025-01-09 09:05:20
138,1,2025-01-09 09:08:20,1298,2025-01-09 09:08:20
139,2,2025-01-09 09:10:20,1298,2025-01-09 09:10:20
140,3,2025-01-09 09:12:20,1298,2025-01-09 09:12:20
141,4,2025-01-09 09:13:20,1298,2025-01-09 09:13:20
142,5,2025-01-09 09:17:20,1298,2025-01-09 09:17:20
143,6,2025-01-09 09:20:20,1298,2025-01-09 09:20:20
144,7,2025-01-09 09:22:20,1298,2025-01-09 09:22:20
145,8,2025-01-09 09:24:20,1298,2025-01-09 09:24:20
146,9,2025-01-09 09:26:20,1298,2025-01-09 09:26:20
147,10,2025-01-09 09:28:20,1298,2025-01-09 09:28:20
148,11,2025-01-09 09:30:20,1298,2025-01-09 09:30:20
149,12,2025-01-09 09:32:20,1298,2025-01-09 09:32:20
150,13,2025-01-09 09:34:20,1298,2025-01-09 09:34:20
151,14,2025-01-09 09:35:20,1298,2025-01-09 09:35:20
152,15,2025-01-09 09:37:20,1298,2025-01-09 09:37:20
153,16,2025-01-09 09:40:20,1298,2025-01-09 09:40:20
154,17,2025-01-09 09:42:20,1298,2025-01-09 09:42:20
155,18,2025-01-09 09:44:20,1298,2025-01-09 09:44:20
156,19,2025-01-09 09:46:20,1298,2025-01-09 09:46:20
157,20,2025-01-09 09:48:20,1298,2025-01-09 09:48:20
158,21,2025-01-09 09:50:20,1298,2025-01-09 09:50:20
159,22,2025-01-09 09:52:20,1298,2025-01-09 09:52:20
160,23,2025-01-09 09:54:20,1298,2025-01-09 09:54:20
161,24,2025-01-09 09:56:20,1298,2025-01-09 09:56:20
162,25,2025-01-09 09:58:20,1298,2025-01-09 09:58:20
163,26,2025-01-09 10:00:20,1298,2025-01-09 10:00:20
164,27,2025-01-09 10:02:20,1298,2025-01-09 10:02:20
165,28,2025-01-09 10:05:20,1298,2025-01-09 10:05:20
166,29,2025-01-09 10:07:20,1298,2025-01-09 10:07:20
167,30,2025-01-09 10:09:20,1298,2025-01-09 10:09:20
168,31,2025-01-09 10:12:20,1298,2025-01-09 10:12:20
137,0,2025-01-09 09:09:50,1299,2025-01-09 09:09:50
138,1,2025-01-09 09:12:50,1299,2025-01-09 09:12:50
139,2,2025-01-09 09:14:50,1299,2025-01-09 09:14:50
140,3,2025-01-09 09:16:50,1299,2025-01-09 09:16:50
141,4,2025-01-09 09:17:50,1299,2025-01-09 09:17:50
142,5,2025-01-09 09:21:50,1299,2025-01-09 09:21:50
143,6,2025-01-09 09:24:50,1299,2025-01-09 09:24:50
144,7,2025-01-09 09:26:50,1299,2025-01-09 09:26:50
145,8,2025-01-09 09:28:50,1299,2025-01-09 09:28:50
146,9,2025-01-09 09:30:50,1299,2025-01-09 09:30:50
147,10,2025-01-09 09:32:50,1299,2025-01-09 09:32:50
148,11,2025-01-09 09:34:50,1299,2025-01-09 09:34:50
149,12,2025-01-09 09:36:50,1299,2025-01-09 09:36:50
150,13,2025-01-09 09:38:50,1299,2025-01-09 09:38:50
151,14,2025-01-09 09:39:50,1299,2025-01-09 09:39:50
152,15,2025-01-09 09:41:50,1299,2025-01-09 09:41:50
153,16,2025-01-09 09:44:50,1299,2025-01-09 09:44:50
154,17,2025-01-09 09:46:50,1299,2025-01-09 09:46:50
155,18,2025-01-09 09:48:50,1299,2025-01-09 09:48:50
156,19,2025-01-09 09:50:50,1299,2025-01-09 09:50:50
157,20,2025-01-09 09:52:50,1299,2025-01-09 09:52:50
158,21,2025-01-09 09:54:50,1299,2025-01-09 09:54:50
159,22,2025-01-09 09:56:50,1299,2025-01-09 09:56:50
160,23,2025-01-09 09:58:50,1299,2025-01-09 09:58:50
161,24,2025-01-09 10:00:50,1299,2025-01-09 10:00:50
162,25,2025-01-09 10:02:50,1299,2025-01-09 10:02:50
163,26,2025-01-09 10:04:50,1299,2025-01-09 10:04:50
164,27,2025-01-09 10:06:50,1299,2025-01-09 10:06:50
165,28,2025-01-09 10:09:50,1299,2025-01-09 10:09:50
166,29,2025-01-09 10:11:50,1299,2025-01-09 10:11:50
167,30,2025-01-09 10:13:50,1299,2025-01-09 10:13:50
168,31,2025-01-09 10:16:50,1299,2025-01-09 10:16:50
137,0,2025-01-09 09:14:20,1300,2025-01-09 09:14:20
138,1,2025-01-09 09:17:20,1300,2025-01-09 09:17:20
139,2,2025-01-09 09:19:20,1300,2025-01-09 09:19:20
140,3,2025-01-09 09:21:20,1300,2025-01-09 09:21:20
141,4,2025-01-09 09:22:20,1300,2025-01-09 09:22:20
142,5,2025-01-09 09:26:20,1300,2025-01-09 09:26:20
143,6,2025-01-09 09:29:20,1300,2025-01-09 09:29:20
144,7,2025-01-09 09:31:20,1300,2025-01-09 09:31:20
145,8,2025-01-09 09:33:20,1300,2025-01-09 09:33:20
146,9,2025-01-09 09:35:20,1300,2025-01-09 09:35:20
147,10,2025-01-09 09:37:20,1300,2025-01-09 09:37:20
148,11,2025-01-09 09:39:20,1300,2025-01-09 09:39:20
149,12,2025-01-09 09:41:20,1300,2025-01-09 09:41:20
150,13,2025-01-09 09:43:20,1300,2025-01-09 09:43:20
151,14,2025-01-09 09:44:20,1300,2025-01-09 09:44:20
152,15,2025-01-09 09:46:20,1300,2025-01-09 09:46:20
153,16,2025-01-09 09:49:20,1300,2025-01-09 09:49:20
154,17,2025-01-09 09:51:20,1300,2025-01-09 09:51:20
155,18,2025-01-09 09:53:20,1300,2025-01-09 09:53:20
156,19,2025-01-09 09:55:20,1300,2025-01-09 09:55:20
157,20,2025-01-09 09:57:20,1300,2025-01-09 09:57:20
158,21,2025-01-09 09:59:20,1300,2025-01-09 09:59:20
159,22,2025-01-09 10:01:20,1300,2025-01-09 10:01:20
160,23,2025-01-09 10:03:20,1300,2025-01-09 10:03:20
161,24,2025-01-09 10:05:20,1300,2025-01-09 10:05:20
162,25,2025-01-09 10:07:20,1300,2025-01-09 10:07:20
163,26,2025-01-09 10:09:20,1300,2025-01-09 10:09:20
164,27,2025-01-09 10:11:20,1300,2025-01-09 10:11:20
165,28,2025-01-09 10:14:20,1300,2025-01-09 10:14:20
166,29,2025-01-09 10:16:20,1300,2025-01-09 10:16:20
167,30,2025-01-09 10:18:20,1300,2025-01-09 10:18:20
168,31,2025-01-09 10:21:20,1300,2025-01-09 10:21:20
137,0,2025-01-09 09:18:50,1301,2025-01-09 09:18:50
138,1,2025-01-09 09:21:50,1301,2025-01-09 09:21:50
139,2,2025-01-09 09:23:50,1301,2025-01-09 09:23:50
140,3,2025-01-09 09:25:50,1301,2025-01-09 09:25:50
141,4,2025-01-09 09:26:50,1301,2025-01-09 09:26:50
142,5,2025-01-09 09:30:50,1301,2025-01-09 09:30:50
143,6,2025-01-09 09:33:50,1301,2025-01-09 09:33:50
144,7,2025-01-09 09:35:50,1301,2025-01-09 09:35:50
145,8,2025-01-09 09:37:50,1301,2025-01-09 09:37:50
146,9,2025-01-09 09:39:50,1301,2025-01-09 09:39:50
147,10,2025-01-09 09:41:50,1301,2025-01-09 09:41:50
148,11,2025-01-09 09:43:50,1301,2025-01-09 09:43:50
149,12,2025-01-09 09:45:50,1301,2025-01-09 09:45:50
150,13,2025-01-09 09:47:50,1301,2025-01-09 09:47:50
151,14,2025-01-09 09:48:50,1301,2025-01-09 09:48:50
152,15,2025-01-09 09:50:50,1301,2025-01-09 09:50:50
153,16,2025-01-09 09:53:50,1301,2025-01-09 09:53:50
154,17,2025-01-09 09:55:50,1301,2025-01-09 09:55:50
155,18,2025-01-09 09:57:50,1301,2025-01-09 09:57:50
156,19,2025-01-09 09:59:50,1301,2025-01-09 09:59:50
157,20,2025-01-09 10:01:50,1301,2025-01-09 10:01:50
158,21,2025-01-09 10:03:50,1301,2025-01-09 10:03:50
159,22,2025-01-09 10:05:50,1301,2025-01-09 10:05:50
160,23,2025-01-09 10:07:50,1301,2025-01-09 10:07:50
161,24,2025-01-09 10:09:50,1301,2025-01-09 10:09:50
162,25,2025-01-09 10:11:50,1301,2025-01-09 10:11:50
163,26,2025-01-09 10:13:50,1301,2025-01-09 10:13:50
164,27,2025-01-09 10:15:50,1301,2025-01-09 10:15:50
165,28,2025-01-09 10:18:50,1301,2025-01-09 10:18:50
166,29,2025-01-09 10:20:50,1301,2025-01-09 10:20:50
167,30,2025-01-09 10:22:50,1301,2025-01-09 10:22:50
168,31,2025-01-09 10:25:50,1301,2025-01-09 10:25:50
137,0,2025-01-09 09:23:20,1302,2025-01-09 09:23:20
138,1,2025-01-09 09:26:20,1302,2025-01-09 09:26:20
139,2,2025-01-09 09:28:20,1302,2025-01-09 09:28:20
140,3,2025-01-09 09:30:20,1302,2025-01-09 09:30:20
141,4,2025-01-09 09:31:20,1302,2025-01-09 09:31:20
142,5,2025-01-09 09:35:20,1302,2025-01-09 09:35:20
143,6,2025-01-09 09:38:20,1302,2025-01-09 09:38:20
144,7,2025-01-09 09:40:20,1302,2025-01-09 09:40:20
145,8,2025-01-09 09:42:20,1302,2025-01-09 09:42:20
146,9,2025-01-09 09:44:20,1302,2025-01-09 09:44:20
147,10,2025-01-09 09:46:20,1302,2025-01-09 09:46:20
148,11,2025-01-09 09:48:20,1302,2025-01-09 09:48:20
149,12,2025-01-09 09:50:20,1302,2025-01-09 09:50:20
150,13,2025-01-09 09:52:20,1302,2025-01-09 09:52:20
151,14,2025-01-09 09:53:20,1302,2025-01-09 09:53:20
152,15,2025-01-09 09:55:20,1302,2025-01-09 09:55:20
153,16,2025-01-09 09:58:20,1302,2025-01-09 09:58:20
154,17,2025-01-09 10:00:20,1302,2025-01-09 10:00:20
155,18,2025-01-09 10:02:20,1302,2025-01-09 10:02:20
156,19,2025-01-09 10:04:20,1302,2025-01-09 10:04:20
157,20,2025-01-09 10:06:20,1302,2025-01-09 10:06:20
158,21,2025-01-09 10:08:20,1302,2025-01-09 10:08:20
159,22,2025-01-09 10:10:20,1302,2025-01-09 10:10:20
160,23,2025-01-09 10:12:20,1302,2025-01-09 10:12:20
161,24,2025-01-09 10:14:20,1302,2025-01-09 10:14:20
162,25,2025-01-09 10:16:20,1302,2025-01-09 10:16:20
163,26,2025-01-09 10:18:20,1302,2025-01-09 10:18:20
164,27,2025-01-09 10:20:20,1302,2025-01-09 10:20:20
165,28,2025-01-09 10:23:20,1302,2025-01-09 10:23:20
166,29,2025-01-09 10:25:20,1302,2025-01-09 10:25:20
167,30,2025-01-09 10:27:20,1302,2025-01-09 10:27:20
168,31,2025-01-09 10:30:20,1302,2025-01-09 10:30:20
137,0,2025-01-09 09:27:50,1303,2025-01-09 09:27:50
138,1,2025-01-09 09:30:50,1303,2025-01-09 09:30:50
139,2,2025-01-09 09:32:50,1303,2025-01-09 09:32:50
140,3,2025-01-09 09:34:50,1303,2025-01-09 09:34:50
141,4,2025-01-09 09:35:50,1303,2025-01-09 09:35:50
142,5,2025-01-09 09:39:50,1303,2025-01-09 09:39:50
143,6,2025-01-09 09:42:50,1303,2025-01-09 09:42:50
144,7,2025-01-09 09:44:50,1303,2025-01-09 09:44:50
145,8,2025-01-09 09:46:50,1303,2025-01-09 09:46:50
146,9,2025-01-09 09:48:50,1303,2025-01-09 09:48:50
147,10,2025-01-09 09:50:50,1303,2025-01-09 09:50:50
148,11,2025-01-09 09:52:50,1303,2025-01-09 09:52:50
149,12,2025-01-09 09:54:50,1303,2025-01-09 09:54:50
150,13,2025-01-09 09:56:50,1303,2025-01-09 09:56:50
151,14,2025-01-09 09:57:50,1303,2025-01-09 09:57:50
152,15,2025-01-09 09:59:50,1303,2025-01-09 09:59:50
153,16,2025-01-09 10:02:50,1303,2025-01-09 10:02:50
154,17,2025-01-09 10:04:50,1303,2025-01-09 10:04:50
155,18,2025-01-09 10:06:50,1303,2025-01-09 10:06:50
156,19,2025-01-09 10:08:50,1303,2025-01-09 10:08:50
157,20,2025-01-09 10:10:50,1303,2025-01-09 10:10:50
158,21,2025-01-09 10:12:50,1303,2025-01-09 10:12:50
159,22,2025-01-09 10:14:50,1303,2025-01-09 10:14:50
160,23,2025-01-09 10:16:50,1303,2025-01-09 10:16:50
161,24,2025-01-09 10:18:50,1303,2025-01-09 10:18:50
162,25,2025-01-09 10:20:50,1303,2025-01-09 10:20:50
163,26,2025-01-09 10:22:50,1303,2025-01-09 10:22:50
164,27,2025-01-09 10:24:50,1303,2025-01-09 10:24:50
165,28,2025-01-09 10:27:50,1303,2025-01-09 10:27:50
166,29,2025-01-09 10:29:50,1303,2025-01-09 10:29:50
167,30,2025-01-09 10:31:50,1303,2025-01-09 10:31:50
168,31,2025-01-09 10:34:50,1303,2025-01-09 10:34:50
137,0,2025-01-09 09:31:50,1304,2025-01-09 09:31:50
138,1,2025-01-09 09:34:50,1304,2025-01-09 09:34:50
139,2,2025-01-09 09:36:50,1304,2025-01-09 09:36:50
140,3,2025-01-09 09:38:50,1304,2025-01-09 09:38:50
141,4,2025-01-09 09:39:50,1304,2025-01-09 09:39:50
142,5,2025-01-09 09:43:50,1304,2025-01-09 09:43:50
143,6,2025-01-09 09:46:50,1304,2025-01-09 09:46:50
144,7,2025-01-09 09:48:50,1304,2025-01-09 09:48:50
145,8,2025-01-09 09:50:50,1304,2025-01-09 09:50:50
146,9,2025-01-09 09:52:50,1304,2025-01-09 09:52:50
147,10,2025-01-09 09:54:50,1304,2025-01-09 09:54:50
148,11,2025-01-09 09:56:50,1304,2025-01-09 09:56:50
149,12,2025-01-09 09:58:50,1304,2025-01-09 09:58:50
150,13,2025-01-09 10:00:50,1304,2025-01-09 10:00:50
151,14,2025-01-09 10:01:50,1304,2025-01-09 10:01:50
152,15,2025-01-09 10:03:50,1304,2025-01-09 10:03:50
153,16,2025-01-09 10:06:50,1304,2025-01-09 10:06:50
154,17,2025-01-09 10:08:50,1304,2025-01-09 10:08:50
155,18,2025-01-09 10:10:50,1304,2025-01-09 10:10:50
156,19,2025-01-09 10:12:50,1304,2025-01-09 10:12:50
157,20,2025-01-09 10:14:50,1304,2025-01-09 10:14:50
158,21,2025-01-09 10:16:50,1304,2025-01-09 10:16:50
159,22,2025-01-09 10:18:50,1304,2025-01-09 10:18:50
160,23,2025-01-09 10:20:50,1304,2025-01-09 10:20:50
161,24,2025-01-09 10:22:50,1304,2025-01-09 10:22:50
162,25,2025-01-09 10:24:50,1304,2025-01-09 10:24:50
163,26,2025-01-09 10:26:50,1304,2025-01-09 10:26:50
164,27,2025-01-09 10:28:50,1304,2025-01-09 10:28:50
165,28,2025-01-09 10:31:50,1304,2025-01-09 10:31:50
166,29,2025-01-09 10:33:50,1304,2025-01-09 10:33:50
167,30,2025-01-09 10:35:50,1304,2025-01-09 10:35:50
168,31,2025-01-09 10:38:50,1304,2025-01-09 10:38:50
137,0,2025-01-09 09:36:50,1305,2025-01-09 09:36:50
138,1,2025-01-09 09:39:50,1305,2025-01-09 09:39:50
139,2,2025-01-09 09:41:50,1305,2025-01-09 09:41:50
140,3,2025-01-09 09:43:50,1305,2025-01-09 09:43:50
141,4,2025-01-09 09:44:50,1305,2025-01-09 09:44:50
142,5,2025-01-09 09:48:50,1305,2025-01-09 09:48:50
143,6,2025-01-09 09:51:50,1305,2025-01-09 09:51:50
144,7,2025-01-09 09:53:50,1305,2025-01-09 09:53:50
145,8,2025-01-09 09:55:50,1305,2025-01-09 09:55:50
146,9,2025-01-09 09:57:50,1305,2025-01-09 09:57:50
147,10,2025-01-09 09:59:50,1305,2025-01-09 09:59:50
148,11,2025-01-09 10:01:50,1305,2025-01-09 10:01:50
149,12,2025-01-09 10:03:50,1305,2025-01-09 10:03:50
150,13,2025-01-09 10:05:50,1305,2025-01-09 10:05:50
151,14,2025-01-09 10:06:50,1305,2025-01-09 10:06:50
152,15,2025-01-09 10:08:50,1305,2025-01-09 10:08:50
153,16,2025-01-09 10:11:50,1305,2025-01-09 10:11:50
154,17,2025-01-09 10:13:50,1305,2025-01-09 10:13:50
155,18,2025-01-09 10:15:50,1305,2025-01-09 10:15:50
156,19,2025-01-09 10:17:50,1305,2025-01-09 10:17:50
157,20,2025-01-09 10:19:50,1305,2025-01-09 10:19:50
158,21,2025-01-09 10:21:50,1305,2025-01-09 10:21:50
159,22,2025-01-09 10:23:50,1305,2025-01-09 10:23:50
160,23,2025-01-09 10:25:50,1305,2025-01-09 10:25:50
161,24,2025-01-09 10:27:50,1305,2025-01-09 10:27:50
162,25,2025-01-09 10:29:50,1305,2025-01-09 10:29:50
163,26,2025-01-09 10:31:50,1305,2025-01-09 10:31:50
164,27,2025-01-09 10:33:50,1305,2025-01-09 10:33:50
165,28,2025-01-09 10:36:50,1305,2025-01-09 10:36:50
166,29,2025-01-09 10:38:50,1305,2025-01-09 10:38:50
167,30,2025-01-09 10:40:50,1305,2025-01-09 10:40:50
168,31,2025-01-09 10:43:50,1305,2025-01-09 10:43:50
137,0,2025-01-09 09:41:50,1306,2025-01-09 09:41:50
138,1,2025-01-09 09:44:50,1306,2025-01-09 09:44:50
139,2,2025-01-09 09:46:50,1306,2025-01-09 09:46:50
140,3,2025-01-09 09:48:50,1306,2025-01-09 09:48:50
141,4,2025-01-09 09:49:50,1306,2025-01-09 09:49:50
142,5,2025-01-09 09:53:50,1306,2025-01-09 09:53:50
143,6,2025-01-09 09:56:50,1306,2025-01-09 09:56:50
144,7,2025-01-09 09:58:50,1306,2025-01-09 09:58:50
145,8,2025-01-09 10:00:50,1306,2025-01-09 10:00:50
146,9,2025-01-09 10:02:50,1306,2025-01-09 10:02:50
147,10,2025-01-09 10:04:50,1306,2025-01-09 10:04:50
148,11,2025-01-09 10:06:50,1306,2025-01-09 10:06:50
149,12,2025-01-09 10:08:50,1306,2025-01-09 10:08:50
150,13,2025-01-09 10:10:50,1306,2025-01-09 10:10:50
151,14,2025-01-09 10:11:50,1306,2025-01-09 10:11:50
152,15,2025-01-09 10:13:50,1306,2025-01-09 10:13:50
153,16,2025-01-09 10:16:50,1306,2025-01-09 10:16:50
154,17,2025-01-09 10:18:50,1306,2025-01-09 10:18:50
155,18,2025-01-09 10:20:50,1306,2025-01-09 10:20:50
156,19,2025-01-09 10:22:50,1306,2025-01-09 10:22:50
157,20,2025-01-09 10:24:50,1306,2025-01-09 10:24:50
158,21,2025-01-09 10:26:50,1306,2025-01-09 10:26:50
159,22,2025-01-09 10:28:50,1306,2025-01-09 10:28:50
160,23,2025-01-09 10:30:50,1306,2025-01-09 10:30:50
161,24,2025-01-09 10:32:50,1306,2025-01-09 10:32:50
162,25,2025-01-09 10:34:50,1306,2025-01-09 10:34:50
163,26,2025-01-09 10:36:50,1306,2025-01-09 10:36:50
164,27,2025-01-09 10:38:50,1306,2025-01-09 10:38:50
165,28,2025-01-09 10:41:50,1306,2025-01-09 10:41:50
166,29,2025-01-09 10:43:50,1306,2025-01-09 10:43:50
167,30,2025-01-09 10:45:50,1306,2025-01-09 10:45:50
168,31,2025-01-09 10:48:50,1306,2025-01-09 10:48:50
137,0,2025-01-09 09:46:50,1307,2025-01-09 09:46:50
138,1,2025-01-09 09:49:50,1307,2025-01-09 09:49:50
139,2,2025-01-09 09:51:50,1307,2025-01-09 09:51:50
140,3,2025-01-09 09:53:50,1307,2025-01-09 09:53:50
141,4,2025-01-09 09:54:50,1307,2025-01-09 09:54:50
142,5,2025-01-09 09:58:50,1307,2025-01-09 09:58:50
143,6,2025-01-09 10:01:50,1307,2025-01-09 10:01:50
144,7,2025-01-09 10:03:50,1307,2025-01-09 10:03:50
145,8,2025-01-09 10:05:50,1307,2025-01-09 10:05:50
146,9,2025-01-09 10:07:50,1307,2025-01-09 10:07:50
147,10,2025-01-09 10:09:50,1307,2025-01-09 10:09:50
148,11,2025-01-09 10:11:50,1307,2025-01-09 10:11:50
149,12,2025-01-09 10:13:50,1307,2025-01-09 10:13:50
150,13,2025-01-09 10:15:50,1307,2025-01-09 10:15:50
151,14,2025-01-09 10:16:50,1307,2025-01-09 10:16:50
152,15,2025-01-09 10:18:50,1307,2025-01-09 10:18:50
153,16,2025-01-09 10:21:50,1307,2025-01-09 10:21:50
154,17,2025-01-09 10:23:50,1307,2025-01-09 10:23:50
155,18,2025-01-09 10:25:50,1307,2025-01-09 10:25:50
156,19,2025-01-09 10:27:50,1307,2025-01-09 10:27:50
157,20,2025-01-09 10:29:50,1307,2025-01-09 10:29:50
158,21,2025-01-09 10:31:50,1307,2025-01-09 10:31:50
159,22,2025-01-09 10:33:50,1307,2025-01-09 10:33:50
160,23,2025-01-09 10:35:50,1307,2025-01-09 10:35:50
161,24,2025-01-09 10:37:50,1307,2025-01-09 10:37:50
162,25,2025-01-09 10:39:50,1307,2025-01-09 10:39:50
163,26,2025-01-09 10:41:50,1307,2025-01-09 10:41:50
164,27,2025-01-09 10:43:50,1307,2025-01-09 10:43:50
165,28,2025-01-09 10:46:50,1307,2025-01-09 10:46:50
166,29,2025-01-09 10:48:50,1307,2025-01-09 10:48:50
167,30,2025-01-09 10:50:50,1307,2025-01-09 10:50:50
168,31,2025-01-09 10:53:50,1307,2025-01-09 10:53:50
137,0,2025-01-09 09:51:50,1308,2025-01-09 09:51:50
138,1,2025-01-09 09:54:50,1308,2025-01-09 09:54:50
139,2,2025-01-09 09:56:50,1308,2025-01-09 09:56:50
140,3,2025-01-09 09:58:50,1308,2025-01-09 09:58:50
141,4,2025-01-09 09:59:50,1308,2025-01-09 09:59:50
142,5,2025-01-09 10:03:50,1308,2025-01-09 10:03:50
143,6,2025-01-09 10:06:50,1308,2025-01-09 10:06:50
144,7,2025-01-09 10:08:50,1308,2025-01-09 10:08:50
145,8,2025-01-09 10:10:50,1308,2025-01-09 10:10:50
146,9,2025-01-09 10:12:50,1308,2025-01-09 10:12:50
147,10,2025-01-09 10:14:50,1308,2025-01-09 10:14:50
148,11,2025-01-09 10:16:50,1308,2025-01-09 10:16:50
149,12,2025-01-09 10:18:50,1308,2025-01-09 10:18:50
150,13,2025-01-09 10:20:50,1308,2025-01-09 10:20:50
151,14,2025-01-09 10:21:50,1308,2025-01-09 10:21:50
152,15,2025-01-09 10:23:50,1308,2025-01-09 10:23:50
153,16,2025-01-09 10:26:50,1308,2025-01-09 10:26:50
154,17,2025-01-09 10:28:50,1308,2025-01-09 10:28:50
155,18,2025-01-09 10:30:50,1308,2025-01-09 10:30:50
156,19,2025-01-09 10:32:50,1308,2025-01-09 10:32:50
157,20,2025-01-09 10:34:50,1308,2025-01-09 10:34:50
158,21,2025-01-09 10:36:50,1308,2025-01-09 10:36:50
159,22,2025-01-09 10:38:50,1308,2025-01-09 10:38:50
160,23,2025-01-09 10:40:50,1308,2025-01-09 10:40:50
161,24,2025-01-09 10:42:50,1308,2025-01-09 10:42:50
162,25,2025-01-09 10:44:50,1308,2025-01-09 10:44:50
163,26,2025-01-09 10:46:50,1308,2025-01-09 10:46:50
164,27,2025-01-09 10:48:50,1308,2025-01-09 10:48:50
165,28,2025-01-09 10:51:50,1308,2025-01-09 10:51:50
166,29,2025-01-09 10:53:50,1308,2025-01-09 10:53:50
167,30,2025-01-09 10:55:50,1308,2025-01-09 10:55:50
168,31,2025-01-09 10:58:50,1308,2025-01-09 10:58:50
137,0,2025-01-09 09:56:50,1309,2025-01-09 09:56:50
138,1,2025-01-09 09:59:50,1309,2025-01-09 09:59:50
139,2,2025-01-09 10:01:50,1309,2025-01-09 10:01:50
140,3,2025-01-09 10:03:50,1309,2025-01-09 10:03:50
141,4,2025-01-09 10:04:50,1309,2025-01-09 10:04:50
142,5,2025-01-09 10:08:50,1309,2025-01-09 10:08:50
143,6,2025-01-09 10:11:50,1309,2025-01-09 10:11:50
144,7,2025-01-09 10:13:50,1309,2025-01-09 10:13:50
145,8,2025-01-09 10:15:50,1309,2025-01-09 10:15:50
146,9,2025-01-09 10:17:50,1309,2025-01-09 10:17:50
147,10,2025-01-09 10:19:50,1309,2025-01-09 10:19:50
148,11,2025-01-09 10:21:50,1309,2025-01-09 10:21:50
149,12,2025-01-09 10:23:50,1309,2025-01-09 10:23:50
150,13,2025-01-09 10:25:50,1309,2025-01-09 10:25:50
151,14,2025-01-09 10:26:50,1309,2025-01-09 10:26:50
152,15,2025-01-09 10:28:50,1309,2025-01-09 10:28:50
153,16,2025-01-09 10:31:50,1309,2025-01-09 10:31:50
154,17,2025-01-09 10:33:50,1309,2025-01-09 10:33:50
155,18,2025-01-09 10:35:50,1309,2025-01-09 10:35:50
156,19,2025-01-09 10:37:50,1309,2025-01-09 10:37:50
157,20,2025-01-09 10:39:50,1309,2025-01-09 10:39:50
158,21,2025-01-09 10:41:50,1309,2025-01-09 10:41:50
159,22,2025-01-09 10:43:50,1309,2025-01-09 10:43:50
160,23,2025-01-09 10:45:50,1309,2025-01-09 10:45:50
161,24,2025-01-09 10:47:50,1309,2025-01-09 10:47:50
162,25,2025-01-09 10:49:50,1309,2025-01-09 10:49:50
163,26,2025-01-09 10:51:50,1309,2025-01-09 10:51:50
164,27,2025-01-09 10:53:50,1309,2025-01-09 10:53:50
165,28,2025-01-09 10:56:50,1309,2025-01-09 10:56:50
166,29,2025-01-09 10:58:50,1309,2025-01-09 10:58:50
167,30,2025-01-09 11:00:50,1309,2025-01-09 11:00:50
168,31,2025-01-09 11:03:50,1309,2025-01-09 11:03:50
137,0,2025-01-09 10:01:50,1310,2025-01-09 10:01:50
138,1,2025-01-09 10:04:50,1310,2025-01-09 10:04:50
139,2,2025-01-09 10:06:50,1310,2025-01-09 10:06:50
140,3,2025-01-09 10:08:50,1310,2025-01-09 10:08:50
141,4,2025-01-09 10:09:50,1310,2025-01-09 10:09:50
142,5,2025-01-09 10:13:50,1310,2025-01-09 10:13:50
143,6,2025-01-09 10:16:50,1310,2025-01-09 10:16:50
144,7,2025-01-09 10:18:50,1310,2025-01-09 10:18:50
145,8,2025-01-09 10:20:50,1310,2025-01-09 10:20:50
146,9,2025-01-09 10:22:50,1310,2025-01-09 10:22:50
147,10,2025-01-09 10:24:50,1310,2025-01-09 10:24:50
148,11,2025-01-09 10:26:50,1310,2025-01-09 10:26:50
149,12,2025-01-09 10:28:50,1310,2025-01-09 10:28:50
150,13,2025-01-09 10:30:50,1310,2025-01-09 10:30:50
151,14,2025-01-09 10:31:50,1310,2025-01-09 10:31:50
152,15,2025-01-09 10:33:50,1310,2025-01-09 10:33:50
153,16,2025-01-09 10:36:50,1310,2025-01-09 10:36:50
154,17,2025-01-09 10:38:50,1310,2025-01-09 10:38:50
155,18,2025-01-09 10:40:50,1310,2025-01-09 10:40:50
156,19,2025-01-09 10:42:50,1310,2025-01-09 10:42:50
157,20,2025-01-09 10:44:50,1310,2025-01-09 10:44:50
158,21,2025-01-09 10:46:50,1310,2025-01-09 10:46:50
159,22,2025-01-09 10:48:50,1310,2025-01-09 10:48:50
160,23,2025-01-09 10:50:50,1310,2025-01-09 10:50:50
161,24,2025-01-09 10:52:50,1310,2025-01-09 10:52:50
162,25,2025-01-09 10:54:50,1310,2025-01-09 10:54:50
163,26,2025-01-09 10:56:50,1310,2025-01-09 10:56:50
164,27,2025-01-09 10:58:50,1310,2025-01-09 10:58:50
165,28,2025-01-09 11:01:50,1310,2025-01-09 11:01:50
166,29,2025-01-09 11:03:50,1310,2025-01-09 11:03:50
167,30,2025-01-09 11:05:50,1310,2025-01-09 11:05:50
168,31,2025-01-09 11:08:50,1310,2025-01-09 11:08:50
137,0,2025-01-09 10:06:50,1311,2025-01-09 10:06:50
138,1,2025-01-09 10:09:50,1311,2025-01-09 10:09:50
139,2,2025-01-09 10:11:50,1311,2025-01-09 10:11:50
140,3,2025-01-09 10:13:50,1311,2025-01-09 10:13:50
141,4,2025-01-09 10:14:50,1311,2025-01-09 10:14:50
142,5,2025-01-09 10:18:50,1311,2025-01-09 10:18:50
143,6,2025-01-09 10:21:50,1311,2025-01-09 10:21:50
144,7,2025-01-09 10:23:50,1311,2025-01-09 10:23:50
145,8,2025-01-09 10:25:50,1311,2025-01-09 10:25:50
146,9,2025-01-09 10:27:50,1311,2025-01-09 10:27:50
147,10,2025-01-09 10:29:50,1311,2025-01-09 10:29:50
148,11,2025-01-09 10:31:50,1311,2025-01-09 10:31:50
149,12,2025-01-09 10:33:50,1311,2025-01-09 10:33:50
150,13,2025-01-09 10:35:50,1311,2025-01-09 10:35:50
151,14,2025-01-09 10:36:50,1311,2025-01-09 10:36:50
152,15,2025-01-09 10:38:50,1311,2025-01-09 10:38:50
153,16,2025-01-09 10:41:50,1311,2025-01-09 10:41:50
154,17,2025-01-09 10:43:50,1311,2025-01-09 10:43:50
155,18,2025-01-09 10:45:50,1311,2025-01-09 10:45:50
156,19,2025-01-09 10:47:50,1311,2025-01-09 10:47:50
157,20,2025-01-09 10:49:50,1311,2025-01-09 10:49:50
158,21,2025-01-09 10:51:50,1311,2025-01-09 10:51:50
159,22,2025-01-09 10:53:50,1311,2025-01-09 10:53:50
160,23,2025-01-09 10:55:50,1311,2025-01-09 10:55:50
161,24,2025-01-09 10:57:50,1311,2025-01-09 10:57:50
162,25,2025-01-09 10:59:50,1311,2025-01-09 10:59:50
163,26,2025-01-09 11:01:50,1311,2025-01-09 11:01:50
164,27,2025-01-09 11:03:50,1311,2025-01-09 11:03:50
165,28,2025-01-09 11:06:50,1311,2025-01-09 11:06:50
166,29,2025-01-09 11:08:50,1311,2025-01-09 11:08:50
167,30,2025-01-09 11:10:50,1311,2025-01-09 11:10:50
168,31,2025-01-09 11:13:50,1311,2025-01-09 11:13:50
137,0,2025-01-09 10:07:50,1312,2025-01-09 10:07:50
138,1,2025-01-09 10:10:50,1312,2025-01-09 10:10:50
139,2,2025-01-09 10:12:50,1312,2025-01-09 10:12:50
140,3,2025-01-09 10:14:50,1312,2025-01-09 10:14:50
141,4,2025-01-09 10:15:50,1312,2025-01-09 10:15:50
142,5,2025-01-09 10:19:50,1312,2025-01-09 10:19:50
143,6,2025-01-09 10:22:50,1312,2025-01-09 10:22:50
144,7,2025-01-09 10:24:50,1312,2025-01-09 10:24:50
145,8,2025-01-09 10:26:50,1312,2025-01-09 10:26:50
146,9,2025-01-09 10:28:50,1312,2025-01-09 10:28:50
147,10,2025-01-09 10:30:50,1312,2025-01-09 10:30:50
148,11,2025-01-09 10:32:50,1312,2025-01-09 10:32:50
149,12,2025-01-09 10:34:50,1312,2025-01-09 10:34:50
150,13,2025-01-09 10:36:50,1312,2025-01-09 10:36:50
151,14,2025-01-09 10:37:50,1312,2025-01-09 10:37:50
152,15,2025-01-09 10:39:50,1312,2025-01-09 10:39:50
153,16,2025-01-09 10:42:50,1312,2025-01-09 10:42:50
154,17,2025-01-09 10:44:50,1312,2025-01-09 10:44:50
155,18,2025-01-09 10:46:50,1312,2025-01-09 10:46:50
156,19,2025-01-09 10:48:50,1312,2025-01-09 10:48:50
157,20,2025-01-09 10:50:50,1312,2025-01-09 10:50:50
158,21,2025-01-09 10:52:50,1312,2025-01-09 10:52:50
159,22,2025-01-09 10:54:50,1312,2025-01-09 10:54:50
160,23,2025-01-09 10:56:50,1312,2025-01-09 10:56:50
161,24,2025-01-09 10:58:50,1312,2025-01-09 10:58:50
162,25,2025-01-09 11:00:50,1312,2025-01-09 11:00:50
163,26,2025-01-09 11:02:50,1312,2025-01-09 11:02:50
164,27,2025-01-09 11:04:50,1312,2025-01-09 11:04:50
165,28,2025-01-09 11:07:50,1312,2025-01-09 11:07:50
166,29,2025-01-09 11:09:50,1312,2025-01-09 11:09:50
167,30,2025-01-09 11:11:50,1312,2025-01-09 11:11:50
168,31,2025-01-09 11:14:50,1312,2025-01-09 11:14:50
137,0,2025-01-09 10:13:50,1313,2025-01-09 10:13:50
138,1,2025-01-09 10:16:50,1313,2025-01-09 10:16:50
139,2,2025-01-09 10:18:50,1313,2025-01-09 10:18:50
140,3,2025-01-09 10:20:50,1313,2025-01-09 10:20:50
141,4,2025-01-09 10:21:50,1313,2025-01-09 10:21:50
142,5,2025-01-09 10:25:50,1313,2025-01-09 10:25:50
143,6,2025-01-09 10:28:50,1313,2025-01-09 10:28:50
144,7,2025-01-09 10:30:50,1313,2025-01-09 10:30:50
145,8,2025-01-09 10:32:50,1313,2025-01-09 10:32:50
146,9,2025-01-09 10:34:50,1313,2025-01-09 10:34:50
147,10,2025-01-09 10:36:50,1313,2025-01-09 10:36:50
148,11,2025-01-09 10:38:50,1313,2025-01-09 10:38:50
149,12,2025-01-09 10:40:50,1313,2025-01-09 10:40:50
150,13,2025-01-09 10:42:50,1313,2025-01-09 10:42:50
151,14,2025-01-09 10:43:50,1313,2025-01-09 10:43:50
152,15,2025-01-09 10:45:50,1313,2025-01-09 10:45:50
153,16,2025-01-09 10:48:50,1313,2025-01-09 10:48:50
154,17,2025-01-09 10:50:50,1313,2025-01-09 10:50:50
155,18,2025-01-09 10:52:50,1313,2025-01-09 10:52:50
156,19,2025-01-09 10:54:50,1313,2025-01-09 10:54:50
157,20,2025-01-09 10:56:50,1313,2025-01-09 10:56:50
158,21,2025-01-09 10:58:50,1313,2025-01-09 10:58:50
159,22,2025-01-09 11:00:50,1313,2025-01-09 11:00:50
160,23,2025-01-09 11:02:50,1313,2025-01-09 11:02:50
161,24,2025-01-09 11:04:50,1313,2025-01-09 11:04:50
162,25,2025-01-09 11:06:50,1313,2025-01-09 11:06:50
163,26,2025-01-09 11:08:50,1313,2025-01-09 11:08:50
164,27,2025-01-09 11:10:50,1313,2025-01-09 11:10:50
165,28,2025-01-09 11:13:50,1313,2025-01-09 11:13:50
166,29,2025-01-09 11:15:50,1313,2025-01-09 11:15:50
167,30,2025-01-09 11:17:50,1313,2025-01-09 11:17:50
168,31,2025-01-09 11:20:50,1313,2025-01-09 11:20:50
137,0,2025-01-09 10:19:50,1314,2025-01-09 10:19:50
138,1,2025-01-09 10:22:50,1314,2025-01-09 10:22:50
139,2,2025-01-09 10:24:50,1314,2025-01-09 10:24:50
140,3,2025-01-09 10:26:50,1314,2025-01-09 10:26:50
141,4,2025-01-09 10:27:50,1314,2025-01-09 10:27:50
142,5,2025-01-09 10:31:50,1314,2025-01-09 10:31:50
143,6,2025-01-09 10:34:50,1314,2025-01-09 10:34:50
144,7,2025-01-09 10:36:50,1314,2025-01-09 10:36:50
145,8,2025-01-09 10:38:50,1314,2025-01-09 10:38:50
146,9,2025-01-09 10:40:50,1314,2025-01-09 10:40:50
147,10,2025-01-09 10:42:50,1314,2025-01-09 10:42:50
148,11,2025-01-09 10:44:50,1314,2025-01-09 10:44:50
149,12,2025-01-09 10:46:50,1314,2025-01-09 10:46:50
150,13,2025-01-09 10:48:50,1314,2025-01-09 10:48:50
151,14,2025-01-09 10:49:50,1314,2025-01-09 10:49:50
152,15,2025-01-09 10:51:50,1314,2025-01-09 10:51:50
153,16,2025-01-09 10:54:50,1314,2025-01-09 10:54:50
154,17,2025-01-09 10:56:50,1314,2025-01-09 10:56:50
155,18,2025-01-09 10:58:50,1314,2025-01-09 10:58:50
156,19,2025-01-09 11:00:50,1314,2025-01-09 11:00:50
157,20,2025-01-09 11:02:50,1314,2025-01-09 11:02:50
158,21,2025-01-09 11:04:50,1314,2025-01-09 11:04:50
159,22,2025-01-09 11:06:50,1314,2025-01-09 11:06:50
160,23,2025-01-09 11:08:50,1314,2025-01-09 11:08:50
161,24,2025-01-09 11:10:50,1314,2025-01-09 11:10:50
162,25,2025-01-09 11:12:50,1314,2025-01-09 11:12:50
163,26,2025-01-09 11:14:50,1314,2025-01-09 11:14:50
164,27,2025-01-09 11:16:50,1314,2025-01-09 11:16:50
165,28,2025-01-09 11:19:50,1314,2025-01-09 11:19:50
166,29,2025-01-09 11:21:50,1314,2025-01-09 11:21:50
167,30,2025-01-09 11:23:50,1314,2025-01-09 11:23:50
168,31,2025-01-09 11:26:50,1314,2025-01-09 11:26:50
137,0,2025-01-09 10:25:50,1315,2025-01-09 10:25:50
138,1,2025-01-09 10:28:50,1315,2025-01-09 10:28:50
139,2,2025-01-09 10:30:50,1315,2025-01-09 10:30:50
140,3,2025-01-09 10:32:50,1315,2025-01-09 10:32:50
141,4,2025-01-09 10:33:50,1315,2025-01-09 10:33:50
142,5,2025-01-09 10:37:50,1315,2025-01-09 10:37:50
143,6,2025-01-09 10:40:50,1315,2025-01-09 10:40:50
144,7,2025-01-09 10:42:50,1315,2025-01-09 10:42:50
145,8,2025-01-09 10:44:50,1315,2025-01-09 10:44:50
146,9,2025-01-09 10:46:50,1315,2025-01-09 10:46:50
147,10,2025-01-09 10:48:50,1315,2025-01-09 10:48:50
148,11,2025-01-09 10:50:50,1315,2025-01-09 10:50:50
149,12,2025-01-09 10:52:50,1315,2025-01-09 10:52:50
150,13,2025-01-09 10:54:50,1315,2025-01-09 10:54:50
151,14,2025-01-09 10:55:50,1315,2025-01-09 10:55:50
152,15,2025-01-09 10:57:50,1315,2025-01-09 10:57:50
153,16,2025-01-09 11:00:50,1315,2025-01-09 11:00:50
154,17,2025-01-09 11:02:50,1315,2025-01-09 11:02:50
155,18,2025-01-09 11:04:50,1315,2025-01-09 11:04:50
156,19,2025-01-09 11:06:50,1315,2025-01-09 11:06:50
157,20,2025-01-09 11:08:50,1315,2025-01-09 11:08:50
158,21,2025-01-09 11:10:50,1315,2025-01-09 11:10:50
159,22,2025-01-09 11:12:50,1315,2025-01-09 11:12:50
160,23,2025-01-09 11:14:50,1315,2025-01-09 11:14:50
161,24,2025-01-09 11:16:50,1315,2025-01-09 11:16:50
162,25,2025-01-09 11:18:50,1315,2025-01-09 11:18:50
163,26,2025-01-09 11:20:50,1315,2025-01-09 11:20:50
164,27,2025-01-09 11:22:50,1315,2025-01-09 11:22:50
165,28,2025-01-09 11:25:50,1315,2025-01-09 11:25:50
166,29,2025-01-09 11:27:50,1315,2025-01-09 11:27:50
167,30,2025-01-09 11:29:50,1315,2025-01-09 11:29:50
168,31,2025-01-09 11:32:50,1315,2025-01-09 11:32:50
137,0,2025-01-09 10:31:50,1316,2025-01-09 10:31:50
138,1,2025-01-09 10:34:50,1316,2025-01-09 10:34:50
139,2,2025-01-09 10:36:50,1316,2025-01-09 10:36:50
140,3,2025-01-09 10:38:50,1316,2025-01-09 10:38:50
141,4,2025-01-09 10:39:50,1316,2025-01-09 10:39:50
142,5,2025-01-09 10:43:50,1316,2025-01-09 10:43:50
143,6,2025-01-09 10:46:50,1316,2025-01-09 10:46:50
144,7,2025-01-09 10:48:50,1316,2025-01-09 10:48:50
145,8,2025-01-09 10:50:50,1316,2025-01-09 10:50:50
146,9,2025-01-09 10:52:50,1316,2025-01-09 10:52:50
147,10,2025-01-09 10:54:50,1316,2025-01-09 10:54:50
148,11,2025-01-09 10:56:50,1316,2025-01-09 10:56:50
149,12,2025-01-09 10:58:50,1316,2025-01-09 10:58:50
150,13,2025-01-09 11:00:50,1316,2025-01-09 11:00:50
151,14,2025-01-09 11:01:50,1316,2025-01-09 11:01:50
152,15,2025-01-09 11:03:50,1316,2025-01-09 11:03:50
153,16,2025-01-09 11:06:50,1316,2025-01-09 11:06:50
154,17,2025-01-09 11:08:50,1316,2025-01-09 11:08:50
155,18,2025-01-09 11:10:50,1316,2025-01-09 11:10:50
156,19,2025-01-09 11:12:50,1316,2025-01-09 11:12:50
157,20,2025-01-09 11:14:50,1316,2025-01-09 11:14:50
158,21,2025-01-09 11:16:50,1316,2025-01-09 11:16:50
159,22,2025-01-09 11:18:50,1316,2025-01-09 11:18:50
160,23,2025-01-09 11:20:50,1316,2025-01-09 11:20:50
161,24,2025-01-09 11:22:50,1316,2025-01-09 11:22:50
162,25,2025-01-09 11:24:50,1316,2025-01-09 11:24:50
163,26,2025-01-09 11:26:50,1316,2025-01-09 11:26:50
164,27,2025-01-09 11:28:50,1316,2025-01-09 11:28:50
165,28,2025-01-09 11:31:50,1316,2025-01-09 11:31:50
166,29,2025-01-09 11:33:50,1316,2025-01-09 11:33:50
167,30,2025-01-09 11:35:50,1316,2025-01-09 11:35:50
168,31,2025-01-09 11:38:50,1316,2025-01-09 11:38:50
137,0,2025-01-09 10:37:50,1317,2025-01-09 10:37:50
138,1,2025-01-09 10:40:50,1317,2025-01-09 10:40:50
139,2,2025-01-09 10:42:50,1317,2025-01-09 10:42:50
140,3,2025-01-09 10:44:50,1317,2025-01-09 10:44:50
141,4,2025-01-09 10:45:50,1317,2025-01-09 10:45:50
142,5,2025-01-09 10:49:50,1317,2025-01-09 10:49:50
143,6,2025-01-09 10:52:50,1317,2025-01-09 10:52:50
144,7,2025-01-09 10:54:50,1317,2025-01-09 10:54:50
145,8,2025-01-09 10:56:50,1317,2025-01-09 10:56:50
146,9,2025-01-09 10:58:50,1317,2025-01-09 10:58:50
147,10,2025-01-09 11:00:50,1317,2025-01-09 11:00:50
148,11,2025-01-09 11:02:50,1317,2025-01-09 11:02:50
149,12,2025-01-09 11:04:50,1317,2025-01-09 11:04:50
150,13,2025-01-09 11:06:50,1317,2025-01-09 11:06:50
151,14,2025-01-09 11:07:50,1317,2025-01-09 11:07:50
152,15,2025-01-09 11:09:50,1317,2025-01-09 11:09:50
153,16,2025-01-09 11:12:50,1317,2025-01-09 11:12:50
154,17,2025-01-09 11:14:50,1317,2025-01-09 11:14:50
155,18,2025-01-09 11:16:50,1317,2025-01-09 11:16:50
156,19,2025-01-09 11:18:50,1317,2025-01-09 11:18:50
157,20,2025-01-09 11:20:50,1317,2025-01-09 11:20:50
158,21,2025-01-09 11:22:50,1317,2025-01-09 11:22:50
159,22,2025-01-09 11:24:50,1317,2025-01-09 11:24:50
160,23,2025-01-09 11:26:50,1317,2025-01-09 11:26:50
161,24,2025-01-09 11:28:50,1317,2025-01-09 11:28:50
162,25,2025-01-09 11:30:50,1317,2025-01-09 11:30:50
163,26,2025-01-09 11:32:50,1317,2025-01-09 11:32:50
164,27,2025-01-09 11:34:50,1317,2025-01-09 11:34:50
165,28,2025-01-09 11:37:50,1317,2025-01-09 11:37:50
166,29,2025-01-09 11:39:50,1317,2025-01-09 11:39:50
167,30,2025-01-09 11:41:50,1317,2025-01-09 11:41:50
168,31,2025-01-09 11:44:50,1317,2025-01-09 11:44:50
137,0,2025-01-09 10:43:50,1318,2025-01-09 10:43:50
138,1,2025-01-09 10:46:50,1318,2025-01-09 10:46:50
139,2,2025-01-09 10:48:50,1318,2025-01-09 10:48:50
140,3,2025-01-09 10:50:50,1318,2025-01-09 10:50:50
141,4,2025-01-09 10:51:50,1318,2025-01-09 10:51:50
142,5,2025-01-09 10:55:50,1318,2025-01-09 10:55:50
143,6,2025-01-09 10:58:50,1318,2025-01-09 10:58:50
144,7,2025-01-09 11:00:50,1318,2025-01-09 11:00:50
145,8,2025-01-09 11:02:50,1318,2025-01-09 11:02:50
146,9,2025-01-09 11:04:50,1318,2025-01-09 11:04:50
147,10,2025-01-09 11:06:50,1318,2025-01-09 11:06:50
148,11,2025-01-09 11:08:50,1318,2025-01-09 11:08:50
149,12,2025-01-09 11:10:50,1318,2025-01-09 11:10:50
150,13,2025-01-09 11:12:50,1318,2025-01-09 11:12:50
151,14,2025-01-09 11:13:50,1318,2025-01-09 11:13:50
152,15,2025-01-09 11:15:50,1318,2025-01-09 11:15:50
153,16,2025-01-09 11:18:50,1318,2025-01-09 11:18:50
154,17,2025-01-09 11:20:50,1318,2025-01-09 11:20:50
155,18,2025-01-09 11:22:50,1318,2025-01-09 11:22:50
156,19,2025-01-09 11:24:50,1318,2025-01-09 11:24:50
157,20,2025-01-09 11:26:50,1318,2025-01-09 11:26:50
158,21,2025-01-09 11:28:50,1318,2025-01-09 11:28:50
159,22,2025-01-09 11:30:50,1318,2025-01-09 11:30:50
160,23,2025-01-09 11:32:50,1318,2025-01-09 11:32:50
161,24,2025-01-09 11:34:50,1318,2025-01-09 11:34:50
162,25,2025-01-09 11:36:50,1318,2025-01-09 11:36:50
163,26,2025-01-09 11:38:50,1318,2025-01-09 11:38:50
164,27,2025-01-09 11:40:50,1318,2025-01-09 11:40:50
165,28,2025-01-09 11:43:50,1318,2025-01-09 11:43:50
166,29,2025-01-09 11:45:50,1318,2025-01-09 11:45:50
167,30,2025-01-09 11:47:50,1318,2025-01-09 11:47:50
168,31,2025-01-09 11:50:50,1318,2025-01-09 11:50:50
137,0,2025-01-09 10:49:50,1319,2025-01-09 10:49:50
138,1,2025-01-09 10:52:50,1319,2025-01-09 10:52:50
139,2,2025-01-09 10:54:50,1319,2025-01-09 10:54:50
140,3,2025-01-09 10:56:50,1319,2025-01-09 10:56:50
141,4,2025-01-09 10:57:50,1319,2025-01-09 10:57:50
142,5,2025-01-09 11:01:50,1319,2025-01-09 11:01:50
143,6,2025-01-09 11:04:50,1319,2025-01-09 11:04:50
144,7,2025-01-09 11:06:50,1319,2025-01-09 11:06:50
145,8,2025-01-09 11:08:50,1319,2025-01-09 11:08:50
146,9,2025-01-09 11:10:50,1319,2025-01-09 11:10:50
147,10,2025-01-09 11:12:50,1319,2025-01-09 11:12:50
148,11,2025-01-09 11:14:50,1319,2025-01-09 11:14:50
149,12,2025-01-09 11:16:50,1319,2025-01-09 11:16:50
150,13,2025-01-09 11:18:50,1319,2025-01-09 11:18:50
151,14,2025-01-09 11:19:50,1319,2025-01-09 11:19:50
152,15,2025-01-09 11:21:50,1319,2025-01-09 11:21:50
153,16,2025-01-09 11:24:50,1319,2025-01-09 11:24:50
154,17,2025-01-09 11:26:50,1319,2025-01-09 11:26:50
155,18,2025-01-09 11:28:50,1319,2025-01-09 11:28:50
156,19,2025-01-09 11:30:50,1319,2025-01-09 11:30:50
157,20,2025-01-09 11:32:50,1319,2025-01-09 11:32:50
158,21,2025-01-09 11:34:50,1319,2025-01-09 11:34:50
159,22,2025-01-09 11:36:50,1319,2025-01-09 11:36:50
160,23,2025-01-09 11:38:50,1319,2025-01-09 11:38:50
161,24,2025-01-09 11:40:50,1319,2025-01-09 11:40:50
162,25,2025-01-09 11:42:50,1319,2025-01-09 11:42:50
163,26,2025-01-09 11:44:50,1319,2025-01-09 11:44:50
164,27,2025-01-09 11:46:50,1319,2025-01-09 11:46:50
165,28,2025-01-09 11:49:50,1319,2025-01-09 11:49:50
166,29,2025-01-09 11:51:50,1319,2025-01-09 11:51:50
167,30,2025-01-09 11:53:50,1319,2025-01-09 11:53:50
168,31,2025-01-09 11:56:50,1319,2025-01-09 11:56:50
137,0,2025-01-09 10:53:50,1320,2025-01-09 10:53:50
138,1,2025-01-09 10:56:50,1320,2025-01-09 10:56:50
139,2,2025-01-09 10:58:50,1320,2025-01-09 10:58:50
140,3,2025-01-09 11:00:50,1320,2025-01-09 11:00:50
141,4,2025-01-09 11:01:50,1320,2025-01-09 11:01:50
142,5,2025-01-09 11:05:50,1320,2025-01-09 11:05:50
143,6,2025-01-09 11:08:50,1320,2025-01-09 11:08:50
144,7,2025-01-09 11:10:50,1320,2025-01-09 11:10:50
145,8,2025-01-09 11:12:50,1320,2025-01-09 11:12:50
146,9,2025-01-09 11:14:50,1320,2025-01-09 11:14:50
147,10,2025-01-09 11:16:50,1320,2025-01-09 11:16:50
148,11,2025-01-09 11:18:50,1320,2025-01-09 11:18:50
149,12,2025-01-09 11:20:50,1320,2025-01-09 11:20:50
150,13,2025-01-09 11:22:50,1320,2025-01-09 11:22:50
151,14,2025-01-09 11:23:50,1320,2025-01-09 11:23:50
152,15,2025-01-09 11:25:50,1320,2025-01-09 11:25:50
153,16,2025-01-09 11:28:50,1320,2025-01-09 11:28:50
154,17,2025-01-09 11:30:50,1320,2025-01-09 11:30:50
155,18,2025-01-09 11:32:50,1320,2025-01-09 11:32:50
156,19,2025-01-09 11:34:50,1320,2025-01-09 11:34:50
157,20,2025-01-09 11:36:50,1320,2025-01-09 11:36:50
158,21,2025-01-09 11:38:50,1320,2025-01-09 11:38:50
159,22,2025-01-09 11:40:50,1320,2025-01-09 11:40:50
160,23,2025-01-09 11:42:50,1320,2025-01-09 11:42:50
161,24,2025-01-09 11:44:50,1320,2025-01-09 11:44:50
162,25,2025-01-09 11:46:50,1320,2025-01-09 11:46:50
163,26,2025-01-09 11:48:50,1320,2025-01-09 11:48:50
164,27,2025-01-09 11:50:50,1320,2025-01-09 11:50:50
165,28,2025-01-09 11:53:50,1320,2025-01-09 11:53:50
166,29,2025-01-09 11:55:50,1320,2025-01-09 11:55:50
167,30,2025-01-09 11:57:50,1320,2025-01-09 11:57:50
168,31,2025-01-09 12:00:50,1320,2025-01-09 12:00:50
137,0,2025-01-09 11:03:50,1321,2025-01-09 11:03:50
138,1,2025-01-09 11:06:50,1321,2025-01-09 11:06:50
139,2,2025-01-09 11:08:50,1321,2025-01-09 11:08:50
140,3,2025-01-09 11:10:50,1321,2025-01-09 11:10:50
141,4,2025-01-09 11:11:50,1321,2025-01-09 11:11:50
142,5,2025-01-09 11:15:50,1321,2025-01-09 11:15:50
143,6,2025-01-09 11:18:50,1321,2025-01-09 11:18:50
144,7,2025-01-09 11:20:50,1321,2025-01-09 11:20:50
145,8,2025-01-09 11:22:50,1321,2025-01-09 11:22:50
146,9,2025-01-09 11:24:50,1321,2025-01-09 11:24:50
147,10,2025-01-09 11:26:50,1321,2025-01-09 11:26:50
148,11,2025-01-09 11:28:50,1321,2025-01-09 11:28:50
149,12,2025-01-09 11:30:50,1321,2025-01-09 11:30:50
150,13,2025-01-09 11:32:50,1321,2025-01-09 11:32:50
151,14,2025-01-09 11:33:50,1321,2025-01-09 11:33:50
152,15,2025-01-09 11:35:50,1321,2025-01-09 11:35:50
153,16,2025-01-09 11:38:50,1321,2025-01-09 11:38:50
154,17,2025-01-09 11:40:50,1321,2025-01-09 11:40:50
155,18,2025-01-09 11:42:50,1321,2025-01-09 11:42:50
156,19,2025-01-09 11:44:50,1321,2025-01-09 11:44:50
157,20,2025-01-09 11:46:50,1321,2025-01-09 11:46:50
158,21,2025-01-09 11:48:50,1321,2025-01-09 11:48:50
159,22,2025-01-09 11:50:50,1321,2025-01-09 11:50:50
160,23,2025-01-09 11:52:50,1321,2025-01-09 11:52:50
161,24,2025-01-09 11:54:50,1321,2025-01-09 11:54:50
162,25,2025-01-09 11:56:50,1321,2025-01-09 11:56:50
163,26,2025-01-09 11:58:50,1321,2025-01-09 11:58:50
164,27,2025-01-09 12:00:50,1321,2025-01-09 12:00:50
165,28,2025-01-09 12:03:50,1321,2025-01-09 12:03:50
166,29,2025-01-09 12:05:50,1321,2025-01-09 12:05:50
167,30,2025-01-09 12:07:50,1321,2025-01-09 12:07:50
168,31,2025-01-09 12:10:50,1321,2025-01-09 12:10:50
137,0,2025-01-09 11:13:50,1322,2025-01-09 11:13:50
138,1,2025-01-09 11:16:50,1322,2025-01-09 11:16:50
139,2,2025-01-09 11:18:50,1322,2025-01-09 11:18:50
140,3,2025-01-09 11:20:50,1322,2025-01-09 11:20:50
141,4,2025-01-09 11:21:50,1322,2025-01-09 11:21:50
142,5,2025-01-09 11:25:50,1322,2025-01-09 11:25:50
143,6,2025-01-09 11:28:50,1322,2025-01-09 11:28:50
144,7,2025-01-09 11:30:50,1322,2025-01-09 11:30:50
145,8,2025-01-09 11:32:50,1322,2025-01-09 11:32:50
146,9,2025-01-09 11:34:50,1322,2025-01-09 11:34:50
147,10,2025-01-09 11:36:50,1322,2025-01-09 11:36:50
148,11,2025-01-09 11:38:50,1322,2025-01-09 11:38:50
149,12,2025-01-09 11:40:50,1322,2025-01-09 11:40:50
150,13,2025-01-09 11:42:50,1322,2025-01-09 11:42:50
151,14,2025-01-09 11:43:50,1322,2025-01-09 11:43:50
152,15,2025-01-09 11:45:50,1322,2025-01-09 11:45:50
153,16,2025-01-09 11:48:50,1322,2025-01-09 11:48:50
154,17,2025-01-09 11:50:50,1322,2025-01-09 11:50:50
155,18,2025-01-09 11:52:50,1322,2025-01-09 11:52:50
156,19,2025-01-09 11:54:50,1322,2025-01-09 11:54:50
157,20,2025-01-09 11:56:50,1322,2025-01-09 11:56:50
158,21,2025-01-09 11:58:50,1322,2025-01-09 11:58:50
159,22,2025-01-09 12:00:50,1322,2025-01-09 12:00:50
160,23,2025-01-09 12:02:50,1322,2025-01-09 12:02:50
161,24,2025-01-09 12:04:50,1322,2025-01-09 12:04:50
162,25,2025-01-09 12:06:50,1322,2025-01-09 12:06:50
163,26,2025-01-09 12:08:50,1322,2025-01-09 12:08:50
164,27,2025-01-09 12:10:50,1322,2025-01-09 12:10:50
165,28,2025-01-09 12:13:50,1322,2025-01-09 12:13:50
166,29,2025-01-09 12:15:50,1322,2025-01-09 12:15:50
167,30,2025-01-09 12:17:50,1322,2025-01-09 12:17:50
168,31,2025-01-09 12:20:50,1322,2025-01-09 12:20:50
137,0,2025-01-09 11:23:50,1323,2025-01-09 11:23:50
138,1,2025-01-09 11:26:50,1323,2025-01-09 11:26:50
139,2,2025-01-09 11:28:50,1323,2025-01-09 11:28:50
140,3,2025-01-09 11:30:50,1323,2025-01-09 11:30:50
141,4,2025-01-09 11:31:50,1323,2025-01-09 11:31:50
142,5,2025-01-09 11:35:50,1323,2025-01-09 11:35:50
143,6,2025-01-09 11:38:50,1323,2025-01-09 11:38:50
144,7,2025-01-09 11:40:50,1323,2025-01-09 11:40:50
145,8,2025-01-09 11:42:50,1323,2025-01-09 11:42:50
146,9,2025-01-09 11:44:50,1323,2025-01-09 11:44:50
147,10,2025-01-09 11:46:50,1323,2025-01-09 11:46:50
148,11,2025-01-09 11:48:50,1323,2025-01-09 11:48:50
149,12,2025-01-09 11:50:50,1323,2025-01-09 11:50:50
150,13,2025-01-09 11:52:50,1323,2025-01-09 11:52:50
151,14,2025-01-09 11:53:50,1323,2025-01-09 11:53:50
152,15,2025-01-09 11:55:50,1323,2025-01-09 11:55:50
153,16,2025-01-09 11:58:50,1323,2025-01-09 11:58:50
154,17,2025-01-09 12:00:50,1323,2025-01-09 12:00:50
155,18,2025-01-09 12:02:50,1323,2025-01-09 12:02:50
156,19,2025-01-09 12:04:50,1323,2025-01-09 12:04:50
157,20,2025-01-09 12:06:50,1323,2025-01-09 12:06:50
158,21,2025-01-09 12:08:50,1323,2025-01-09 12:08:50
159,22,2025-01-09 12:10:50,1323,2025-01-09 12:10:50
160,23,2025-01-09 12:12:50,1323,2025-01-09 12:12:50
161,24,2025-01-09 12:14:50,1323,2025-01-09 12:14:50
162,25,2025-01-09 12:16:50,1323,2025-01-09 12:16:50
163,26,2025-01-09 12:18:50,1323,2025-01-09 12:18:50
164,27,2025-01-09 12:20:50,1323,2025-01-09 12:20:50
165,28,2025-01-09 12:23:50,1323,2025-01-09 12:23:50
166,29,2025-01-09 12:25:50,1323,2025-01-09 12:25:50
167,30,2025-01-09 12:27:50,1323,2025-01-09 12:27:50
168,31,2025-01-09 12:30:50,1323,2025-01-09 12:30:50
137,0,2025-01-09 11:33:50,1324,2025-01-09 11:33:50
138,1,2025-01-09 11:36:50,1324,2025-01-09 11:36:50
139,2,2025-01-09 11:38:50,1324,2025-01-09 11:38:50
140,3,2025-01-09 11:40:50,1324,2025-01-09 11:40:50
141,4,2025-01-09 11:41:50,1324,2025-01-09 11:41:50
142,5,2025-01-09 11:45:50,1324,2025-01-09 11:45:50
143,6,2025-01-09 11:48:50,1324,2025-01-09 11:48:50
144,7,2025-01-09 11:50:50,1324,2025-01-09 11:50:50
145,8,2025-01-09 11:52:50,1324,2025-01-09 11:52:50
146,9,2025-01-09 11:54:50,1324,2025-01-09 11:54:50
147,10,2025-01-09 11:56:50,1324,2025-01-09 11:56:50
148,11,2025-01-09 11:58:50,1324,2025-01-09 11:58:50
149,12,2025-01-09 12:00:50,1324,2025-01-09 12:00:50
150,13,2025-01-09 12:02:50,1324,2025-01-09 12:02:50
151,14,2025-01-09 12:03:50,1324,2025-01-09 12:03:50
152,15,2025-01-09 12:05:50,1324,2025-01-09 12:05:50
153,16,2025-01-09 12:08:50,1324,2025-01-09 12:08:50
154,17,2025-01-09 12:10:50,1324,2025-01-09 12:10:50
155,18,2025-01-09 12:12:50,1324,2025-01-09 12:12:50
156,19,2025-01-09 12:14:50,1324,2025-01-09 12:14:50
157,20,2025-01-09 12:16:50,1324,2025-01-09 12:16:50
158,21,2025-01-09 12:18:50,1324,2025-01-09 12:18:50
159,22,2025-01-09 12:20:50,1324,2025-01-09 12:20:50
160,23,2025-01-09 12:22:50,1324,2025-01-09 12:22:50
161,24,2025-01-09 12:24:50,1324,2025-01-09 12:24:50
162,25,2025-01-09 12:26:50,1324,2025-01-09 12:26:50
163,26,2025-01-09 12:28:50,1324,2025-01-09 12:28:50
164,27,2025-01-09 12:30:50,1324,2025-01-09 12:30:50
165,28,2025-01-09 12:33:50,1324,2025-01-09 12:33:50
166,29,2025-01-09 12:35:50,1324,2025-01-09 12:35:50
167,30,2025-01-09 12:37:50,1324,2025-01-09 12:37:50
168,31,2025-01-09 12:40:50,1324,2025-01-09 12:40:50
137,0,2025-01-09 11:43:50,1325,2025-01-09 11:43:50
138,1,2025-01-09 11:46:50,1325,2025-01-09 11:46:50
139,2,2025-01-09 11:48:50,1325,2025-01-09 11:48:50
140,3,2025-01-09 11:50:50,1325,2025-01-09 11:50:50
141,4,2025-01-09 11:51:50,1325,2025-01-09 11:51:50
142,5,2025-01-09 11:55:50,1325,2025-01-09 11:55:50
143,6,2025-01-09 11:58:50,1325,2025-01-09 11:58:50
144,7,2025-01-09 12:00:50,1325,2025-01-09 12:00:50
145,8,2025-01-09 12:02:50,1325,2025-01-09 12:02:50
146,9,2025-01-09 12:04:50,1325,2025-01-09 12:04:50
147,10,2025-01-09 12:06:50,1325,2025-01-09 12:06:50
148,11,2025-01-09 12:08:50,1325,2025-01-09 12:08:50
149,12,2025-01-09 12:10:50,1325,2025-01-09 12:10:50
150,13,2025-01-09 12:12:50,1325,2025-01-09 12:12:50
151,14,2025-01-09 12:13:50,1325,2025-01-09 12:13:50
152,15,2025-01-09 12:15:50,1325,2025-01-09 12:15:50
153,16,2025-01-09 12:18:50,1325,2025-01-09 12:18:50
154,17,2025-01-09 12:20:50,1325,2025-01-09 12:20:50
155,18,2025-01-09 12:22:50,1325,2025-01-09 12:22:50
156,19,2025-01-09 12:24:50,1325,2025-01-09 12:24:50
157,20,2025-01-09 12:26:50,1325,2025-01-09 12:26:50
158,21,2025-01-09 12:28:50,1325,2025-01-09 12:28:50
159,22,2025-01-09 12:30:50,1325,2025-01-09 12:30:50
160,23,2025-01-09 12:32:50,1325,2025-01-09 12:32:50
161,24,2025-01-09 12:34:50,1325,2025-01-09 12:34:50
162,25,2025-01-09 12:36:50,1325,2025-01-09 12:36:50
163,26,2025-01-09 12:38:50,1325,2025-01-09 12:38:50
164,27,2025-01-09 12:40:50,1325,2025-01-09 12:40:50
165,28,2025-01-09 12:43:50,1325,2025-01-09 12:43:50
166,29,2025-01-09 12:45:50,1325,2025-01-09 12:45:50
167,30,2025-01-09 12:47:50,1325,2025-01-09 12:47:50
168,31,2025-01-09 12:50:50,1325,2025-01-09 12:50:50
137,0,2025-01-09 11:53:50,1326,2025-01-09 11:53:50
138,1,2025-01-09 11:56:50,1326,2025-01-09 11:56:50
139,2,2025-01-09 11:58:50,1326,2025-01-09 11:58:50
140,3,2025-01-09 12:00:50,1326,2025-01-09 12:00:50
141,4,2025-01-09 12:01:50,1326,2025-01-09 12:01:50
142,5,2025-01-09 12:05:50,1326,2025-01-09 12:05:50
143,6,2025-01-09 12:08:50,1326,2025-01-09 12:08:50
144,7,2025-01-09 12:10:50,1326,2025-01-09 12:10:50
145,8,2025-01-09 12:12:50,1326,2025-01-09 12:12:50
146,9,2025-01-09 12:14:50,1326,2025-01-09 12:14:50
147,10,2025-01-09 12:16:50,1326,2025-01-09 12:16:50
148,11,2025-01-09 12:18:50,1326,2025-01-09 12:18:50
149,12,2025-01-09 12:20:50,1326,2025-01-09 12:20:50
150,13,2025-01-09 12:22:50,1326,2025-01-09 12:22:50
151,14,2025-01-09 12:23:50,1326,2025-01-09 12:23:50
152,15,2025-01-09 12:25:50,1326,2025-01-09 12:25:50
153,16,2025-01-09 12:28:50,1326,2025-01-09 12:28:50
154,17,2025-01-09 12:30:50,1326,2025-01-09 12:30:50
155,18,2025-01-09 12:32:50,1326,2025-01-09 12:32:50
156,19,2025-01-09 12:34:50,1326,2025-01-09 12:34:50
157,20,2025-01-09 12:36:50,1326,2025-01-09 12:36:50
158,21,2025-01-09 12:38:50,1326,2025-01-09 12:38:50
159,22,2025-01-09 12:40:50,1326,2025-01-09 12:40:50
160,23,2025-01-09 12:42:50,1326,2025-01-09 12:42:50
161,24,2025-01-09 12:44:50,1326,2025-01-09 12:44:50
162,25,2025-01-09 12:46:50,1326,2025-01-09 12:46:50
163,26,2025-01-09 12:48:50,1326,2025-01-09 12:48:50
164,27,2025-01-09 12:50:50,1326,2025-01-09 12:50:50
165,28,2025-01-09 12:53:50,1326,2025-01-09 12:53:50
166,29,2025-01-09 12:55:50,1326,2025-01-09 12:55:50
167,30,2025-01-09 12:57:50,1326,2025-01-09 12:57:50
168,31,2025-01-09 13:00:50,1326,2025-01-09 13:00:50
137,0,2025-01-09 12:03:50,1327,2025-01-09 12:03:50
138,1,2025-01-09 12:06:50,1327,2025-01-09 12:06:50
139,2,2025-01-09 12:08:50,1327,2025-01-09 12:08:50
140,3,2025-01-09 12:10:50,1327,2025-01-09 12:10:50
141,4,2025-01-09 12:11:50,1327,2025-01-09 12:11:50
142,5,2025-01-09 12:15:50,1327,2025-01-09 12:15:50
143,6,2025-01-09 12:18:50,1327,2025-01-09 12:18:50
144,7,2025-01-09 12:20:50,1327,2025-01-09 12:20:50
145,8,2025-01-09 12:22:50,1327,2025-01-09 12:22:50
146,9,2025-01-09 12:24:50,1327,2025-01-09 12:24:50
147,10,2025-01-09 12:26:50,1327,2025-01-09 12:26:50
148,11,2025-01-09 12:28:50,1327,2025-01-09 12:28:50
149,12,2025-01-09 12:30:50,1327,2025-01-09 12:30:50
150,13,2025-01-09 12:32:50,1327,2025-01-09 12:32:50
151,14,2025-01-09 12:33:50,1327,2025-01-09 12:33:50
152,15,2025-01-09 12:35:50,1327,2025-01-09 12:35:50
153,16,2025-01-09 12:38:50,1327,2025-01-09 12:38:50
154,17,2025-01-09 12:40:50,1327,2025-01-09 12:40:50
155,18,2025-01-09 12:42:50,1327,2025-01-09 12:42:50
156,19,2025-01-09 12:44:50,1327,2025-01-09 12:44:50
157,20,2025-01-09 12:46:50,1327,2025-01-09 12:46:50
158,21,2025-01-09 12:48:50,1327,2025-01-09 12:48:50
159,22,2025-01-09 12:50:50,1327,2025-01-09 12:50:50
160,23,2025-01-09 12:52:50,1327,2025-01-09 12:52:50
161,24,2025-01-09 12:54:50,1327,2025-01-09 12:54:50
162,25,2025-01-09 12:56:50,1327,2025-01-09 12:56:50
163,26,2025-01-09 12:58:50,1327,2025-01-09 12:58:50
164,27,2025-01-09 13:00:50,1327,2025-01-09 13:00:50
165,28,2025-01-09 13:03:50,1327,2025-01-09 13:03:50
166,29,2025-01-09 13:05:50,1327,2025-01-09 13:05:50
167,30,2025-01-09 13:07:50,1327,2025-01-09 13:07:50
168,31,2025-01-09 13:10:50,1327,2025-01-09 13:10:50
137,0,2025-01-09 12:13:50,1328,2025-01-09 12:13:50
138,1,2025-01-09 12:16:50,1328,2025-01-09 12:16:50
139,2,2025-01-09 12:18:50,1328,2025-01-09 12:18:50
140,3,2025-01-09 12:20:50,1328,2025-01-09 12:20:50
141,4,2025-01-09 12:21:50,1328,2025-01-09 12:21:50
142,5,2025-01-09 12:25:50,1328,2025-01-09 12:25:50
143,6,2025-01-09 12:28:50,1328,2025-01-09 12:28:50
144,7,2025-01-09 12:30:50,1328,2025-01-09 12:30:50
145,8,2025-01-09 12:32:50,1328,2025-01-09 12:32:50
146,9,2025-01-09 12:34:50,1328,2025-01-09 12:34:50
147,10,2025-01-09 12:36:50,1328,2025-01-09 12:36:50
148,11,2025-01-09 12:38:50,1328,2025-01-09 12:38:50
149,12,2025-01-09 12:40:50,1328,2025-01-09 12:40:50
150,13,2025-01-09 12:42:50,1328,2025-01-09 12:42:50
151,14,2025-01-09 12:43:50,1328,2025-01-09 12:43:50
152,15,2025-01-09 12:45:50,1328,2025-01-09 12:45:50
153,16,2025-01-09 12:48:50,1328,2025-01-09 12:48:50
154,17,2025-01-09 12:50:50,1328,2025-01-09 12:50:50
155,18,2025-01-09 12:52:50,1328,2025-01-09 12:52:50
156,19,2025-01-09 12:54:50,1328,2025-01-09 12:54:50
157,20,2025-01-09 12:56:50,1328,2025-01-09 12:56:50
158,21,2025-01-09 12:58:50,1328,2025-01-09 12:58:50
159,22,2025-01-09 13:00:50,1328,2025-01-09 13:00:50
160,23,2025-01-09 13:02:50,1328,2025-01-09 13:02:50
161,24,2025-01-09 13:04:50,1328,2025-01-09 13:04:50
162,25,2025-01-09 13:06:50,1328,2025-01-09 13:06:50
163,26,2025-01-09 13:08:50,1328,2025-01-09 13:08:50
164,27,2025-01-09 13:10:50,1328,2025-01-09 13:10:50
165,28,2025-01-09 13:13:50,1328,2025-01-09 13:13:50
166,29,2025-01-09 13:15:50,1328,2025-01-09 13:15:50
167,30,2025-01-09 13:17:50,1328,2025-01-09 13:17:50
168,31,2025-01-09 13:20:50,1328,2025-01-09 13:20:50
137,0,2025-01-09 12:23:50,1329,2025-01-09 12:23:50
138,1,2025-01-09 12:26:50,1329,2025-01-09 12:26:50
139,2,2025-01-09 12:28:50,1329,2025-01-09 12:28:50
140,3,2025-01-09 12:30:50,1329,2025-01-09 12:30:50
141,4,2025-01-09 12:31:50,1329,2025-01-09 12:31:50
142,5,2025-01-09 12:35:50,1329,2025-01-09 12:35:50
143,6,2025-01-09 12:38:50,1329,2025-01-09 12:38:50
144,7,2025-01-09 12:40:50,1329,2025-01-09 12:40:50
145,8,2025-01-09 12:42:50,1329,2025-01-09 12:42:50
146,9,2025-01-09 12:44:50,1329,2025-01-09 12:44:50
147,10,2025-01-09 12:46:50,1329,2025-01-09 12:46:50
148,11,2025-01-09 12:48:50,1329,2025-01-09 12:48:50
149,12,2025-01-09 12:50:50,1329,2025-01-09 12:50:50
150,13,2025-01-09 12:52:50,1329,2025-01-09 12:52:50
151,14,2025-01-09 12:53:50,1329,2025-01-09 12:53:50
152,15,2025-01-09 12:55:50,1329,2025-01-09 12:55:50
153,16,2025-01-09 12:58:50,1329,2025-01-09 12:58:50
154,17,2025-01-09 13:00:50,1329,2025-01-09 13:00:50
155,18,2025-01-09 13:02:50,1329,2025-01-09 13:02:50
156,19,2025-01-09 13:04:50,1329,2025-01-09 13:04:50
157,20,2025-01-09 13:06:50,1329,2025-01-09 13:06:50
158,21,2025-01-09 13:08:50,1329,2025-01-09 13:08:50
159,22,2025-01-09 13:10:50,1329,2025-01-09 13:10:50
160,23,2025-01-09 13:12:50,1329,2025-01-09 13:12:50
161,24,2025-01-09 13:14:50,1329,2025-01-09 13:14:50
162,25,2025-01-09 13:16:50,1329,2025-01-09 13:16:50
163,26,2025-01-09 13:18:50,1329,2025-01-09 13:18:50
164,27,2025-01-09 13:20:50,1329,2025-01-09 13:20:50
165,28,2025-01-09 13:23:50,1329,2025-01-09 13:23:50
166,29,2025-01-09 13:25:50,1329,2025-01-09 13:25:50
167,30,2025-01-09 13:27:50,1329,2025-01-09 13:27:50
168,31,2025-01-09 13:30:50,1329,2025-01-09 13:30:50
137,0,2025-01-09 12:33:50,1330,2025-01-09 12:33:50
138,1,2025-01-09 12:36:50,1330,2025-01-09 12:36:50
139,2,2025-01-09 12:38:50,1330,2025-01-09 12:38:50
140,3,2025-01-09 12:40:50,1330,2025-01-09 12:40:50
141,4,2025-01-09 12:41:50,1330,2025-01-09 12:41:50
142,5,2025-01-09 12:45:50,1330,2025-01-09 12:45:50
143,6,2025-01-09 12:48:50,1330,2025-01-09 12:48:50
144,7,2025-01-09 12:50:50,1330,2025-01-09 12:50:50
145,8,2025-01-09 12:52:50,1330,2025-01-09 12:52:50
146,9,2025-01-09 12:54:50,1330,2025-01-09 12:54:50
147,10,2025-01-09 12:56:50,1330,2025-01-09 12:56:50
148,11,2025-01-09 12:58:50,1330,2025-01-09 12:58:50
149,12,2025-01-09 13:00:50,1330,2025-01-09 13:00:50
150,13,2025-01-09 13:02:50,1330,2025-01-09 13:02:50
151,14,2025-01-09 13:03:50,1330,2025-01-09 13:03:50
152,15,2025-01-09 13:05:50,1330,2025-01-09 13:05:50
153,16,2025-01-09 13:08:50,1330,2025-01-09 13:08:50
154,17,2025-01-09 13:10:50,1330,2025-01-09 13:10:50
155,18,2025-01-09 13:12:50,1330,2025-01-09 13:12:50
156,19,2025-01-09 13:14:50,1330,2025-01-09 13:14:50
157,20,2025-01-09 13:16:50,1330,2025-01-09 13:16:50
158,21,2025-01-09 13:18:50,1330,2025-01-09 13:18:50
159,22,2025-01-09 13:20:50,1330,2025-01-09 13:20:50
160,23,2025-01-09 13:22:50,1330,2025-01-09 13:22:50
161,24,2025-01-09 13:24:50,1330,2025-01-09 13:24:50
162,25,2025-01-09 13:26:50,1330,2025-01-09 13:26:50
163,26,2025-01-09 13:28:50,1330,2025-01-09 13:28:50
164,27,2025-01-09 13:30:50,1330,2025-01-09 13:30:50
165,28,2025-01-09 13:33:50,1330,2025-01-09 13:33:50
166,29,2025-01-09 13:35:50,1330,2025-01-09 13:35:50
167,30,2025-01-09 13:37:50,1330,2025-01-09 13:37:50
168,31,2025-01-09 13:40:50,1330,2025-01-09 13:40:50
137,0,2025-01-09 12:43:50,1331,2025-01-09 12:43:50
138,1,2025-01-09 12:46:50,1331,2025-01-09 12:46:50
139,2,2025-01-09 12:48:50,1331,2025-01-09 12:48:50
140,3,2025-01-09 12:50:50,1331,2025-01-09 12:50:50
141,4,2025-01-09 12:51:50,1331,2025-01-09 12:51:50
142,5,2025-01-09 12:55:50,1331,2025-01-09 12:55:50
143,6,2025-01-09 12:58:50,1331,2025-01-09 12:58:50
144,7,2025-01-09 13:00:50,1331,2025-01-09 13:00:50
145,8,2025-01-09 13:02:50,1331,2025-01-09 13:02:50
146,9,2025-01-09 13:04:50,1331,2025-01-09 13:04:50
147,10,2025-01-09 13:06:50,1331,2025-01-09 13:06:50
148,11,2025-01-09 13:08:50,1331,2025-01-09 13:08:50
149,12,2025-01-09 13:10:50,1331,2025-01-09 13:10:50
150,13,2025-01-09 13:12:50,1331,2025-01-09 13:12:50
151,14,2025-01-09 13:13:50,1331,2025-01-09 13:13:50
152,15,2025-01-09 13:15:50,1331,2025-01-09 13:15:50
153,16,2025-01-09 13:18:50,1331,2025-01-09 13:18:50
154,17,2025-01-09 13:20:50,1331,2025-01-09 13:20:50
155,18,2025-01-09 13:22:50,1331,2025-01-09 13:22:50
156,19,2025-01-09 13:24:50,1331,2025-01-09 13:24:50
157,20,2025-01-09 13:26:50,1331,2025-01-09 13:26:50
158,21,2025-01-09 13:28:50,1331,2025-01-09 13:28:50
159,22,2025-01-09 13:30:50,1331,2025-01-09 13:30:50
160,23,2025-01-09 13:32:50,1331,2025-01-09 13:32:50
161,24,2025-01-09 13:34:50,1331,2025-01-09 13:34:50
162,25,2025-01-09 13:36:50,1331,2025-01-09 13:36:50
163,26,2025-01-09 13:38:50,1331,2025-01-09 13:38:50
164,27,2025-01-09 13:40:50,1331,2025-01-09 13:40:50
165,28,2025-01-09 13:43:50,1331,2025-01-09 13:43:50
166,29,2025-01-09 13:45:50,1331,2025-01-09 13:45:50
167,30,2025-01-09 13:47:50,1331,2025-01-09 13:47:50
168,31,2025-01-09 13:50:50,1331,2025-01-09 13:50:50
137,0,2025-01-09 12:53:50,1332,2025-01-09 12:53:50
138,1,2025-01-09 12:56:50,1332,2025-01-09 12:56:50
139,2,2025-01-09 12:58:50,1332,2025-01-09 12:58:50
140,3,2025-01-09 13:00:50,1332,2025-01-09 13:00:50
141,4,2025-01-09 13:01:50,1332,2025-01-09 13:01:50
142,5,2025-01-09 13:05:50,1332,2025-01-09 13:05:50
143,6,2025-01-09 13:08:50,1332,2025-01-09 13:08:50
144,7,2025-01-09 13:10:50,1332,2025-01-09 13:10:50
145,8,2025-01-09 13:12:50,1332,2025-01-09 13:12:50
146,9,2025-01-09 13:14:50,1332,2025-01-09 13:14:50
147,10,2025-01-09 13:16:50,1332,2025-01-09 13:16:50
148,11,2025-01-09 13:18:50,1332,2025-01-09 13:18:50
149,12,2025-01-09 13:20:50,1332,2025-01-09 13:20:50
150,13,2025-01-09 13:22:50,1332,2025-01-09 13:22:50
151,14,2025-01-09 13:23:50,1332,2025-01-09 13:23:50
152,15,2025-01-09 13:25:50,1332,2025-01-09 13:25:50
153,16,2025-01-09 13:28:50,1332,2025-01-09 13:28:50
154,17,2025-01-09 13:30:50,1332,2025-01-09 13:30:50
155,18,2025-01-09 13:32:50,1332,2025-01-09 13:32:50
156,19,2025-01-09 13:34:50,1332,2025-01-09 13:34:50
157,20,2025-01-09 13:36:50,1332,2025-01-09 13:36:50
158,21,2025-01-09 13:38:50,1332,2025-01-09 13:38:50
159,22,2025-01-09 13:40:50,1332,2025-01-09 13:40:50
160,23,2025-01-09 13:42:50,1332,2025-01-09 13:42:50
161,24,2025-01-09 13:44:50,1332,2025-01-09 13:44:50
162,25,2025-01-09 13:46:50,1332,2025-01-09 13:46:50
163,26,2025-01-09 13:48:50,1332,2025-01-09 13:48:50
164,27,2025-01-09 13:50:50,1332,2025-01-09 13:50:50
165,28,2025-01-09 13:53:50,1332,2025-01-09 13:53:50
166,29,2025-01-09 13:55:50,1332,2025-01-09 13:55:50
167,30,2025-01-09 13:57:50,1332,2025-01-09 13:57:50
168,31,2025-01-09 14:00:50,1332,2025-01-09 14:00:50
137,0,2025-01-09 13:03:50,1333,2025-01-09 13:03:50
138,1,2025-01-09 13:06:50,1333,2025-01-09 13:06:50
139,2,2025-01-09 13:08:50,1333,2025-01-09 13:08:50
140,3,2025-01-09 13:10:50,1333,2025-01-09 13:10:50
141,4,2025-01-09 13:11:50,1333,2025-01-09 13:11:50
142,5,2025-01-09 13:15:50,1333,2025-01-09 13:15:50
143,6,2025-01-09 13:18:50,1333,2025-01-09 13:18:50
144,7,2025-01-09 13:20:50,1333,2025-01-09 13:20:50
145,8,2025-01-09 13:22:50,1333,2025-01-09 13:22:50
146,9,2025-01-09 13:24:50,1333,2025-01-09 13:24:50
147,10,2025-01-09 13:26:50,1333,2025-01-09 13:26:50
148,11,2025-01-09 13:28:50,1333,2025-01-09 13:28:50
149,12,2025-01-09 13:30:50,1333,2025-01-09 13:30:50
150,13,2025-01-09 13:32:50,1333,2025-01-09 13:32:50
151,14,2025-01-09 13:33:50,1333,2025-01-09 13:33:50
152,15,2025-01-09 13:35:50,1333,2025-01-09 13:35:50
153,16,2025-01-09 13:38:50,1333,2025-01-09 13:38:50
154,17,2025-01-09 13:40:50,1333,2025-01-09 13:40:50
155,18,2025-01-09 13:42:50,1333,2025-01-09 13:42:50
156,19,2025-01-09 13:44:50,1333,2025-01-09 13:44:50
157,20,2025-01-09 13:46:50,1333,2025-01-09 13:46:50
158,21,2025-01-09 13:48:50,1333,2025-01-09 13:48:50
159,22,2025-01-09 13:50:50,1333,2025-01-09 13:50:50
160,23,2025-01-09 13:52:50,1333,2025-01-09 13:52:50
161,24,2025-01-09 13:54:50,1333,2025-01-09 13:54:50
162,25,2025-01-09 13:56:50,1333,2025-01-09 13:56:50
163,26,2025-01-09 13:58:50,1333,2025-01-09 13:58:50
164,27,2025-01-09 14:00:50,1333,2025-01-09 14:00:50
165,28,2025-01-09 14:03:50,1333,2025-01-09 14:03:50
166,29,2025-01-09 14:05:50,1333,2025-01-09 14:05:50
167,30,2025-01-09 14:07:50,1333,2025-01-09 14:07:50
168,31,2025-01-09 14:10:50,1333,2025-01-09 14:10:50
137,0,2025-01-09 13:13:50,1334,2025-01-09 13:13:50
138,1,2025-01-09 13:16:50,1334,2025-01-09 13:16:50
139,2,2025-01-09 13:18:50,1334,2025-01-09 13:18:50
140,3,2025-01-09 13:20:50,1334,2025-01-09 13:20:50
141,4,2025-01-09 13:21:50,1334,2025-01-09 13:21:50
142,5,2025-01-09 13:25:50,1334,2025-01-09 13:25:50
143,6,2025-01-09 13:28:50,1334,2025-01-09 13:28:50
144,7,2025-01-09 13:30:50,1334,2025-01-09 13:30:50
145,8,2025-01-09 13:32:50,1334,2025-01-09 13:32:50
146,9,2025-01-09 13:34:50,1334,2025-01-09 13:34:50
147,10,2025-01-09 13:36:50,1334,2025-01-09 13:36:50
148,11,2025-01-09 13:38:50,1334,2025-01-09 13:38:50
149,12,2025-01-09 13:40:50,1334,2025-01-09 13:40:50
150,13,2025-01-09 13:42:50,1334,2025-01-09 13:42:50
151,14,2025-01-09 13:43:50,1334,2025-01-09 13:43:50
152,15,2025-01-09 13:45:50,1334,2025-01-09 13:45:50
153,16,2025-01-09 13:48:50,1334,2025-01-09 13:48:50
154,17,2025-01-09 13:50:50,1334,2025-01-09 13:50:50
155,18,2025-01-09 13:52:50,1334,2025-01-09 13:52:50
156,19,2025-01-09 13:54:50,1334,2025-01-09 13:54:50
157,20,2025-01-09 13:56:50,1334,2025-01-09 13:56:50
158,21,2025-01-09 13:58:50,1334,2025-01-09 13:58:50
159,22,2025-01-09 14:00:50,1334,2025-01-09 14:00:50
160,23,2025-01-09 14:02:50,1334,2025-01-09 14:02:50
161,24,2025-01-09 14:04:50,1334,2025-01-09 14:04:50
162,25,2025-01-09 14:06:50,1334,2025-01-09 14:06:50
163,26,2025-01-09 14:08:50,1334,2025-01-09 14:08:50
164,27,2025-01-09 14:10:50,1334,2025-01-09 14:10:50
165,28,2025-01-09 14:13:50,1334,2025-01-09 14:13:50
166,29,2025-01-09 14:15:50,1334,2025-01-09 14:15:50
167,30,2025-01-09 14:17:50,1334,2025-01-09 14:17:50
168,31,2025-01-09 14:20:50,1334,2025-01-09 14:20:50
137,0,2025-01-09 13:23:50,1335,2025-01-09 13:23:50
138,1,2025-01-09 13:26:50,1335,2025-01-09 13:26:50
139,2,2025-01-09 13:28:50,1335,2025-01-09 13:28:50
140,3,2025-01-09 13:30:50,1335,2025-01-09 13:30:50
141,4,2025-01-09 13:31:50,1335,2025-01-09 13:31:50
142,5,2025-01-09 13:35:50,1335,2025-01-09 13:35:50
143,6,2025-01-09 13:38:50,1335,2025-01-09 13:38:50
144,7,2025-01-09 13:40:50,1335,2025-01-09 13:40:50
145,8,2025-01-09 13:42:50,1335,2025-01-09 13:42:50
146,9,2025-01-09 13:44:50,1335,2025-01-09 13:44:50
147,10,2025-01-09 13:46:50,1335,2025-01-09 13:46:50
148,11,2025-01-09 13:48:50,1335,2025-01-09 13:48:50
149,12,2025-01-09 13:50:50,1335,2025-01-09 13:50:50
150,13,2025-01-09 13:52:50,1335,2025-01-09 13:52:50
151,14,2025-01-09 13:53:50,1335,2025-01-09 13:53:50
152,15,2025-01-09 13:55:50,1335,2025-01-09 13:55:50
153,16,2025-01-09 13:58:50,1335,2025-01-09 13:58:50
154,17,2025-01-09 14:00:50,1335,2025-01-09 14:00:50
155,18,2025-01-09 14:02:50,1335,2025-01-09 14:02:50
156,19,2025-01-09 14:04:50,1335,2025-01-09 14:04:50
157,20,2025-01-09 14:06:50,1335,2025-01-09 14:06:50
158,21,2025-01-09 14:08:50,1335,2025-01-09 14:08:50
159,22,2025-01-09 14:10:50,1335,2025-01-09 14:10:50
160,23,2025-01-09 14:12:50,1335,2025-01-09 14:12:50
161,24,2025-01-09 14:14:50,1335,2025-01-09 14:14:50
162,25,2025-01-09 14:16:50,1335,2025-01-09 14:16:50
163,26,2025-01-09 14:18:50,1335,2025-01-09 14:18:50
164,27,2025-01-09 14:20:50,1335,2025-01-09 14:20:50
165,28,2025-01-09 14:23:50,1335,2025-01-09 14:23:50
166,29,2025-01-09 14:25:50,1335,2025-01-09 14:25:50
167,30,2025-01-09 14:27:50,1335,2025-01-09 14:27:50
168,31,2025-01-09 14:30:50,1335,2025-01-09 14:30:50
137,0,2025-01-09 13:33:50,1336,2025-01-09 13:33:50
138,1,2025-01-09 13:36:50,1336,2025-01-09 13:36:50
139,2,2025-01-09 13:38:50,1336,2025-01-09 13:38:50
140,3,2025-01-09 13:40:50,1336,2025-01-09 13:40:50
141,4,2025-01-09 13:41:50,1336,2025-01-09 13:41:50
142,5,2025-01-09 13:45:50,1336,2025-01-09 13:45:50
143,6,2025-01-09 13:48:50,1336,2025-01-09 13:48:50
144,7,2025-01-09 13:50:50,1336,2025-01-09 13:50:50
145,8,2025-01-09 13:52:50,1336,2025-01-09 13:52:50
146,9,2025-01-09 13:54:50,1336,2025-01-09 13:54:50
147,10,2025-01-09 13:56:50,1336,2025-01-09 13:56:50
148,11,2025-01-09 13:58:50,1336,2025-01-09 13:58:50
149,12,2025-01-09 14:00:50,1336,2025-01-09 14:00:50
150,13,2025-01-09 14:02:50,1336,2025-01-09 14:02:50
151,14,2025-01-09 14:03:50,1336,2025-01-09 14:03:50
152,15,2025-01-09 14:05:50,1336,2025-01-09 14:05:50
153,16,2025-01-09 14:08:50,1336,2025-01-09 14:08:50
154,17,2025-01-09 14:10:50,1336,2025-01-09 14:10:50
155,18,2025-01-09 14:12:50,1336,2025-01-09 14:12:50
156,19,2025-01-09 14:14:50,1336,2025-01-09 14:14:50
157,20,2025-01-09 14:16:50,1336,2025-01-09 14:16:50
158,21,2025-01-09 14:18:50,1336,2025-01-09 14:18:50
159,22,2025-01-09 14:20:50,1336,2025-01-09 14:20:50
160,23,2025-01-09 14:22:50,1336,2025-01-09 14:22:50
161,24,2025-01-09 14:24:50,1336,2025-01-09 14:24:50
162,25,2025-01-09 14:26:50,1336,2025-01-09 14:26:50
163,26,2025-01-09 14:28:50,1336,2025-01-09 14:28:50
164,27,2025-01-09 14:30:50,1336,2025-01-09 14:30:50
165,28,2025-01-09 14:33:50,1336,2025-01-09 14:33:50
166,29,2025-01-09 14:35:50,1336,2025-01-09 14:35:50
167,30,2025-01-09 14:37:50,1336,2025-01-09 14:37:50
168,31,2025-01-09 14:40:50,1336,2025-01-09 14:40:50
137,0,2025-01-09 13:43:50,1337,2025-01-09 13:43:50
138,1,2025-01-09 13:46:50,1337,2025-01-09 13:46:50
139,2,2025-01-09 13:48:50,1337,2025-01-09 13:48:50
140,3,2025-01-09 13:50:50,1337,2025-01-09 13:50:50
141,4,2025-01-09 13:51:50,1337,2025-01-09 13:51:50
142,5,2025-01-09 13:55:50,1337,2025-01-09 13:55:50
143,6,2025-01-09 13:58:50,1337,2025-01-09 13:58:50
144,7,2025-01-09 14:00:50,1337,2025-01-09 14:00:50
145,8,2025-01-09 14:02:50,1337,2025-01-09 14:02:50
146,9,2025-01-09 14:04:50,1337,2025-01-09 14:04:50
147,10,2025-01-09 14:06:50,1337,2025-01-09 14:06:50
148,11,2025-01-09 14:08:50,1337,2025-01-09 14:08:50
149,12,2025-01-09 14:10:50,1337,2025-01-09 14:10:50
150,13,2025-01-09 14:12:50,1337,2025-01-09 14:12:50
151,14,2025-01-09 14:13:50,1337,2025-01-09 14:13:50
152,15,2025-01-09 14:15:50,1337,2025-01-09 14:15:50
153,16,2025-01-09 14:18:50,1337,2025-01-09 14:18:50
154,17,2025-01-09 14:20:50,1337,2025-01-09 14:20:50
155,18,2025-01-09 14:22:50,1337,2025-01-09 14:22:50
156,19,2025-01-09 14:24:50,1337,2025-01-09 14:24:50
157,20,2025-01-09 14:26:50,1337,2025-01-09 14:26:50
158,21,2025-01-09 14:28:50,1337,2025-01-09 14:28:50
159,22,2025-01-09 14:30:50,1337,2025-01-09 14:30:50
160,23,2025-01-09 14:32:50,1337,2025-01-09 14:32:50
161,24,2025-01-09 14:34:50,1337,2025-01-09 14:34:50
162,25,2025-01-09 14:36:50,1337,2025-01-09 14:36:50
163,26,2025-01-09 14:38:50,1337,2025-01-09 14:38:50
164,27,2025-01-09 14:40:50,1337,2025-01-09 14:40:50
165,28,2025-01-09 14:43:50,1337,2025-01-09 14:43:50
166,29,2025-01-09 14:45:50,1337,2025-01-09 14:45:50
167,30,2025-01-09 14:47:50,1337,2025-01-09 14:47:50
168,31,2025-01-09 14:50:50,1337,2025-01-09 14:50:50
137,0,2025-01-09 13:53:50,1338,2025-01-09 13:53:50
138,1,2025-01-09 13:56:50,1338,2025-01-09 13:56:50
139,2,2025-01-09 13:58:50,1338,2025-01-09 13:58:50
140,3,2025-01-09 14:00:50,1338,2025-01-09 14:00:50
141,4,2025-01-09 14:01:50,1338,2025-01-09 14:01:50
142,5,2025-01-09 14:05:50,1338,2025-01-09 14:05:50
143,6,2025-01-09 14:08:50,1338,2025-01-09 14:08:50
144,7,2025-01-09 14:10:50,1338,2025-01-09 14:10:50
145,8,2025-01-09 14:12:50,1338,2025-01-09 14:12:50
146,9,2025-01-09 14:14:50,1338,2025-01-09 14:14:50
147,10,2025-01-09 14:16:50,1338,2025-01-09 14:16:50
148,11,2025-01-09 14:18:50,1338,2025-01-09 14:18:50
149,12,2025-01-09 14:20:50,1338,2025-01-09 14:20:50
150,13,2025-01-09 14:22:50,1338,2025-01-09 14:22:50
151,14,2025-01-09 14:23:50,1338,2025-01-09 14:23:50
152,15,2025-01-09 14:25:50,1338,2025-01-09 14:25:50
153,16,2025-01-09 14:28:50,1338,2025-01-09 14:28:50
154,17,2025-01-09 14:30:50,1338,2025-01-09 14:30:50
155,18,2025-01-09 14:32:50,1338,2025-01-09 14:32:50
156,19,2025-01-09 14:34:50,1338,2025-01-09 14:34:50
157,20,2025-01-09 14:36:50,1338,2025-01-09 14:36:50
158,21,2025-01-09 14:38:50,1338,2025-01-09 14:38:50
159,22,2025-01-09 14:40:50,1338,2025-01-09 14:40:50
160,23,2025-01-09 14:42:50,1338,2025-01-09 14:42:50
161,24,2025-01-09 14:44:50,1338,2025-01-09 14:44:50
162,25,2025-01-09 14:46:50,1338,2025-01-09 14:46:50
163,26,2025-01-09 14:48:50,1338,2025-01-09 14:48:50
164,27,2025-01-09 14:50:50,1338,2025-01-09 14:50:50
165,28,2025-01-09 14:53:50,1338,2025-01-09 14:53:50
166,29,2025-01-09 14:55:50,1338,2025-01-09 14:55:50
167,30,2025-01-09 14:57:50,1338,2025-01-09 14:57:50
168,31,2025-01-09 15:00:50,1338,2025-01-09 15:00:50
137,0,2025-01-09 14:03:50,1339,2025-01-09 14:03:50
138,1,2025-01-09 14:06:50,1339,2025-01-09 14:06:50
139,2,2025-01-09 14:08:50,1339,2025-01-09 14:08:50
140,3,2025-01-09 14:10:50,1339,2025-01-09 14:10:50
141,4,2025-01-09 14:11:50,1339,2025-01-09 14:11:50
142,5,2025-01-09 14:15:50,1339,2025-01-09 14:15:50
143,6,2025-01-09 14:18:50,1339,2025-01-09 14:18:50
144,7,2025-01-09 14:20:50,1339,2025-01-09 14:20:50
145,8,2025-01-09 14:22:50,1339,2025-01-09 14:22:50
146,9,2025-01-09 14:24:50,1339,2025-01-09 14:24:50
147,10,2025-01-09 14:26:50,1339,2025-01-09 14:26:50
148,11,2025-01-09 14:28:50,1339,2025-01-09 14:28:50
149,12,2025-01-09 14:30:50,1339,2025-01-09 14:30:50
150,13,2025-01-09 14:32:50,1339,2025-01-09 14:32:50
151,14,2025-01-09 14:33:50,1339,2025-01-09 14:33:50
152,15,2025-01-09 14:35:50,1339,2025-01-09 14:35:50
153,16,2025-01-09 14:38:50,1339,2025-01-09 14:38:50
154,17,2025-01-09 14:40:50,1339,2025-01-09 14:40:50
155,18,2025-01-09 14:42:50,1339,2025-01-09 14:42:50
156,19,2025-01-09 14:44:50,1339,2025-01-09 14:44:50
157,20,2025-01-09 14:46:50,1339,2025-01-09 14:46:50
158,21,2025-01-09 14:48:50,1339,2025-01-09 14:48:50
159,22,2025-01-09 14:50:50,1339,2025-01-09 14:50:50
160,23,2025-01-09 14:52:50,1339,2025-01-09 14:52:50
161,24,2025-01-09 14:54:50,1339,2025-01-09 14:54:50
162,25,2025-01-09 14:56:50,1339,2025-01-09 14:56:50
163,26,2025-01-09 14:58:50,1339,2025-01-09 14:58:50
164,27,2025-01-09 15:00:50,1339,2025-01-09 15:00:50
165,28,2025-01-09 15:03:50,1339,2025-01-09 15:03:50
166,29,2025-01-09 15:05:50,1339,2025-01-09 15:05:50
167,30,2025-01-09 15:07:50,1339,2025-01-09 15:07:50
168,31,2025-01-09 15:10:50,1339,2025-01-09 15:10:50
137,0,2025-01-09 14:13:50,1340,2025-01-09 14:13:50
138,1,2025-01-09 14:16:50,1340,2025-01-09 14:16:50
139,2,2025-01-09 14:18:50,1340,2025-01-09 14:18:50
140,3,2025-01-09 14:20:50,1340,2025-01-09 14:20:50
141,4,2025-01-09 14:21:50,1340,2025-01-09 14:21:50
142,5,2025-01-09 14:25:50,1340,2025-01-09 14:25:50
143,6,2025-01-09 14:28:50,1340,2025-01-09 14:28:50
144,7,2025-01-09 14:30:50,1340,2025-01-09 14:30:50
145,8,2025-01-09 14:32:50,1340,2025-01-09 14:32:50
146,9,2025-01-09 14:34:50,1340,2025-01-09 14:34:50
147,10,2025-01-09 14:36:50,1340,2025-01-09 14:36:50
148,11,2025-01-09 14:38:50,1340,2025-01-09 14:38:50
149,12,2025-01-09 14:40:50,1340,2025-01-09 14:40:50
150,13,2025-01-09 14:42:50,1340,2025-01-09 14:42:50
151,14,2025-01-09 14:43:50,1340,2025-01-09 14:43:50
152,15,2025-01-09 14:45:50,1340,2025-01-09 14:45:50
153,16,2025-01-09 14:48:50,1340,2025-01-09 14:48:50
154,17,2025-01-09 14:50:50,1340,2025-01-09 14:50:50
155,18,2025-01-09 14:52:50,1340,2025-01-09 14:52:50
156,19,2025-01-09 14:54:50,1340,2025-01-09 14:54:50
157,20,2025-01-09 14:56:50,1340,2025-01-09 14:56:50
158,21,2025-01-09 14:58:50,1340,2025-01-09 14:58:50
159,22,2025-01-09 15:00:50,1340,2025-01-09 15:00:50
160,23,2025-01-09 15:02:50,1340,2025-01-09 15:02:50
161,24,2025-01-09 15:04:50,1340,2025-01-09 15:04:50
162,25,2025-01-09 15:06:50,1340,2025-01-09 15:06:50
163,26,2025-01-09 15:08:50,1340,2025-01-09 15:08:50
164,27,2025-01-09 15:10:50,1340,2025-01-09 15:10:50
165,28,2025-01-09 15:13:50,1340,2025-01-09 15:13:50
166,29,2025-01-09 15:15:50,1340,2025-01-09 15:15:50
167,30,2025-01-09 15:17:50,1340,2025-01-09 15:17:50
168,31,2025-01-09 15:20:50,1340,2025-01-09 15:20:50
137,0,2025-01-09 14:23:50,1341,2025-01-09 14:23:50
138,1,2025-01-09 14:26:50,1341,2025-01-09 14:26:50
139,2,2025-01-09 14:28:50,1341,2025-01-09 14:28:50
140,3,2025-01-09 14:30:50,1341,2025-01-09 14:30:50
141,4,2025-01-09 14:31:50,1341,2025-01-09 14:31:50
142,5,2025-01-09 14:35:50,1341,2025-01-09 14:35:50
143,6,2025-01-09 14:38:50,1341,2025-01-09 14:38:50
144,7,2025-01-09 14:40:50,1341,2025-01-09 14:40:50
145,8,2025-01-09 14:42:50,1341,2025-01-09 14:42:50
146,9,2025-01-09 14:44:50,1341,2025-01-09 14:44:50
147,10,2025-01-09 14:46:50,1341,2025-01-09 14:46:50
148,11,2025-01-09 14:48:50,1341,2025-01-09 14:48:50
149,12,2025-01-09 14:50:50,1341,2025-01-09 14:50:50
150,13,2025-01-09 14:52:50,1341,2025-01-09 14:52:50
151,14,2025-01-09 14:53:50,1341,2025-01-09 14:53:50
152,15,2025-01-09 14:55:50,1341,2025-01-09 14:55:50
153,16,2025-01-09 14:58:50,1341,2025-01-09 14:58:50
154,17,2025-01-09 15:00:50,1341,2025-01-09 15:00:50
155,18,2025-01-09 15:02:50,1341,2025-01-09 15:02:50
156,19,2025-01-09 15:04:50,1341,2025-01-09 15:04:50
157,20,2025-01-09 15:06:50,1341,2025-01-09 15:06:50
158,21,2025-01-09 15:08:50,1341,2025-01-09 15:08:50
159,22,2025-01-09 15:10:50,1341,2025-01-09 15:10:50
160,23,2025-01-09 15:12:50,1341,2025-01-09 15:12:50
161,24,2025-01-09 15:14:50,1341,2025-01-09 15:14:50
162,25,2025-01-09 15:16:50,1341,2025-01-09 15:16:50
163,26,2025-01-09 15:18:50,1341,2025-01-09 15:18:50
164,27,2025-01-09 15:20:50,1341,2025-01-09 15:20:50
165,28,2025-01-09 15:23:50,1341,2025-01-09 15:23:50
166,29,2025-01-09 15:25:50,1341,2025-01-09 15:25:50
167,30,2025-01-09 15:27:50,1341,2025-01-09 15:27:50
168,31,2025-01-09 15:30:50,1341,2025-01-09 15:30:50
137,0,2025-01-09 14:33:50,1342,2025-01-09 14:33:50
138,1,2025-01-09 14:36:50,1342,2025-01-09 14:36:50
139,2,2025-01-09 14:38:50,1342,2025-01-09 14:38:50
140,3,2025-01-09 14:40:50,1342,2025-01-09 14:40:50
141,4,2025-01-09 14:41:50,1342,2025-01-09 14:41:50
142,5,2025-01-09 14:45:50,1342,2025-01-09 14:45:50
143,6,2025-01-09 14:48:50,1342,2025-01-09 14:48:50
144,7,2025-01-09 14:50:50,1342,2025-01-09 14:50:50
145,8,2025-01-09 14:52:50,1342,2025-01-09 14:52:50
146,9,2025-01-09 14:54:50,1342,2025-01-09 14:54:50
147,10,2025-01-09 14:56:50,1342,2025-01-09 14:56:50
148,11,2025-01-09 14:58:50,1342,2025-01-09 14:58:50
149,12,2025-01-09 15:00:50,1342,2025-01-09 15:00:50
150,13,2025-01-09 15:02:50,1342,2025-01-09 15:02:50
151,14,2025-01-09 15:03:50,1342,2025-01-09 15:03:50
152,15,2025-01-09 15:05:50,1342,2025-01-09 15:05:50
153,16,2025-01-09 15:08:50,1342,2025-01-09 15:08:50
154,17,2025-01-09 15:10:50,1342,2025-01-09 15:10:50
155,18,2025-01-09 15:12:50,1342,2025-01-09 15:12:50
156,19,2025-01-09 15:14:50,1342,2025-01-09 15:14:50
157,20,2025-01-09 15:16:50,1342,2025-01-09 15:16:50
158,21,2025-01-09 15:18:50,1342,2025-01-09 15:18:50
159,22,2025-01-09 15:20:50,1342,2025-01-09 15:20:50
160,23,2025-01-09 15:22:50,1342,2025-01-09 15:22:50
161,24,2025-01-09 15:24:50,1342,2025-01-09 15:24:50
162,25,2025-01-09 15:26:50,1342,2025-01-09 15:26:50
163,26,2025-01-09 15:28:50,1342,2025-01-09 15:28:50
164,27,2025-01-09 15:30:50,1342,2025-01-09 15:30:50
165,28,2025-01-09 15:33:50,1342,2025-01-09 15:33:50
166,29,2025-01-09 15:35:50,1342,2025-01-09 15:35:50
167,30,2025-01-09 15:37:50,1342,2025-01-09 15:37:50
168,31,2025-01-09 15:40:50,1342,2025-01-09 15:40:50
137,0,2025-01-09 14:43:50,1343,2025-01-09 14:43:50
138,1,2025-01-09 14:46:50,1343,2025-01-09 14:46:50
139,2,2025-01-09 14:48:50,1343,2025-01-09 14:48:50
140,3,2025-01-09 14:50:50,1343,2025-01-09 14:50:50
141,4,2025-01-09 14:51:50,1343,2025-01-09 14:51:50
142,5,2025-01-09 14:55:50,1343,2025-01-09 14:55:50
143,6,2025-01-09 14:58:50,1343,2025-01-09 14:58:50
144,7,2025-01-09 15:00:50,1343,2025-01-09 15:00:50
145,8,2025-01-09 15:02:50,1343,2025-01-09 15:02:50
146,9,2025-01-09 15:04:50,1343,2025-01-09 15:04:50
147,10,2025-01-09 15:06:50,1343,2025-01-09 15:06:50
148,11,2025-01-09 15:08:50,1343,2025-01-09 15:08:50
149,12,2025-01-09 15:10:50,1343,2025-01-09 15:10:50
150,13,2025-01-09 15:12:50,1343,2025-01-09 15:12:50
151,14,2025-01-09 15:13:50,1343,2025-01-09 15:13:50
152,15,2025-01-09 15:15:50,1343,2025-01-09 15:15:50
153,16,2025-01-09 15:18:50,1343,2025-01-09 15:18:50
154,17,2025-01-09 15:20:50,1343,2025-01-09 15:20:50
155,18,2025-01-09 15:22:50,1343,2025-01-09 15:22:50
156,19,2025-01-09 15:24:50,1343,2025-01-09 15:24:50
157,20,2025-01-09 15:26:50,1343,2025-01-09 15:26:50
158,21,2025-01-09 15:28:50,1343,2025-01-09 15:28:50
159,22,2025-01-09 15:30:50,1343,2025-01-09 15:30:50
160,23,2025-01-09 15:32:50,1343,2025-01-09 15:32:50
161,24,2025-01-09 15:34:50,1343,2025-01-09 15:34:50
162,25,2025-01-09 15:36:50,1343,2025-01-09 15:36:50
163,26,2025-01-09 15:38:50,1343,2025-01-09 15:38:50
164,27,2025-01-09 15:40:50,1343,2025-01-09 15:40:50
165,28,2025-01-09 15:43:50,1343,2025-01-09 15:43:50
166,29,2025-01-09 15:45:50,1343,2025-01-09 15:45:50
167,30,2025-01-09 15:47:50,1343,2025-01-09 15:47:50
168,31,2025-01-09 15:50:50,1343,2025-01-09 15:50:50
137,0,2025-01-09 14:53:50,1344,2025-01-09 14:53:50
138,1,2025-01-09 14:56:50,1344,2025-01-09 14:56:50
139,2,2025-01-09 14:58:50,1344,2025-01-09 14:58:50
140,3,2025-01-09 15:00:50,1344,2025-01-09 15:00:50
141,4,2025-01-09 15:01:50,1344,2025-01-09 15:01:50
142,5,2025-01-09 15:05:50,1344,2025-01-09 15:05:50
143,6,2025-01-09 15:08:50,1344,2025-01-09 15:08:50
144,7,2025-01-09 15:10:50,1344,2025-01-09 15:10:50
145,8,2025-01-09 15:12:50,1344,2025-01-09 15:12:50
146,9,2025-01-09 15:14:50,1344,2025-01-09 15:14:50
147,10,2025-01-09 15:16:50,1344,2025-01-09 15:16:50
148,11,2025-01-09 15:18:50,1344,2025-01-09 15:18:50
149,12,2025-01-09 15:20:50,1344,2025-01-09 15:20:50
150,13,2025-01-09 15:22:50,1344,2025-01-09 15:22:50
151,14,2025-01-09 15:23:50,1344,2025-01-09 15:23:50
152,15,2025-01-09 15:25:50,1344,2025-01-09 15:25:50
153,16,2025-01-09 15:28:50,1344,2025-01-09 15:28:50
154,17,2025-01-09 15:30:50,1344,2025-01-09 15:30:50
155,18,2025-01-09 15:32:50,1344,2025-01-09 15:32:50
156,19,2025-01-09 15:34:50,1344,2025-01-09 15:34:50
157,20,2025-01-09 15:36:50,1344,2025-01-09 15:36:50
158,21,2025-01-09 15:38:50,1344,2025-01-09 15:38:50
159,22,2025-01-09 15:40:50,1344,2025-01-09 15:40:50
160,23,2025-01-09 15:42:50,1344,2025-01-09 15:42:50
161,24,2025-01-09 15:44:50,1344,2025-01-09 15:44:50
162,25,2025-01-09 15:46:50,1344,2025-01-09 15:46:50
163,26,2025-01-09 15:48:50,1344,2025-01-09 15:48:50
164,27,2025-01-09 15:50:50,1344,2025-01-09 15:50:50
165,28,2025-01-09 15:53:50,1344,2025-01-09 15:53:50
166,29,2025-01-09 15:55:50,1344,2025-01-09 15:55:50
167,30,2025-01-09 15:57:50,1344,2025-01-09 15:57:50
168,31,2025-01-09 16:00:50,1344,2025-01-09 16:00:50
137,0,2025-01-09 15:03:50,1345,2025-01-09 15:03:50
138,1,2025-01-09 15:06:50,1345,2025-01-09 15:06:50
139,2,2025-01-09 15:08:50,1345,2025-01-09 15:08:50
140,3,2025-01-09 15:10:50,1345,2025-01-09 15:10:50
141,4,2025-01-09 15:11:50,1345,2025-01-09 15:11:50
142,5,2025-01-09 15:15:50,1345,2025-01-09 15:15:50
143,6,2025-01-09 15:18:50,1345,2025-01-09 15:18:50
144,7,2025-01-09 15:20:50,1345,2025-01-09 15:20:50
145,8,2025-01-09 15:22:50,1345,2025-01-09 15:22:50
146,9,2025-01-09 15:24:50,1345,2025-01-09 15:24:50
147,10,2025-01-09 15:26:50,1345,2025-01-09 15:26:50
148,11,2025-01-09 15:28:50,1345,2025-01-09 15:28:50
149,12,2025-01-09 15:30:50,1345,2025-01-09 15:30:50
150,13,2025-01-09 15:32:50,1345,2025-01-09 15:32:50
151,14,2025-01-09 15:33:50,1345,2025-01-09 15:33:50
152,15,2025-01-09 15:35:50,1345,2025-01-09 15:35:50
153,16,2025-01-09 15:38:50,1345,2025-01-09 15:38:50
154,17,2025-01-09 15:40:50,1345,2025-01-09 15:40:50
155,18,2025-01-09 15:42:50,1345,2025-01-09 15:42:50
156,19,2025-01-09 15:44:50,1345,2025-01-09 15:44:50
157,20,2025-01-09 15:46:50,1345,2025-01-09 15:46:50
158,21,2025-01-09 15:48:50,1345,2025-01-09 15:48:50
159,22,2025-01-09 15:50:50,1345,2025-01-09 15:50:50
160,23,2025-01-09 15:52:50,1345,2025-01-09 15:52:50
161,24,2025-01-09 15:54:50,1345,2025-01-09 15:54:50
162,25,2025-01-09 15:56:50,1345,2025-01-09 15:56:50
163,26,2025-01-09 15:58:50,1345,2025-01-09 15:58:50
164,27,2025-01-09 16:00:50,1345,2025-01-09 16:00:50
165,28,2025-01-09 16:03:50,1345,2025-01-09 16:03:50
166,29,2025-01-09 16:05:50,1345,2025-01-09 16:05:50
167,30,2025-01-09 16:07:50,1345,2025-01-09 16:07:50
168,31,2025-01-09 16:10:50,1345,2025-01-09 16:10:50
137,0,2025-01-09 15:13:50,1346,2025-01-09 15:13:50
138,1,2025-01-09 15:16:50,1346,2025-01-09 15:16:50
139,2,2025-01-09 15:18:50,1346,2025-01-09 15:18:50
140,3,2025-01-09 15:20:50,1346,2025-01-09 15:20:50
141,4,2025-01-09 15:21:50,1346,2025-01-09 15:21:50
142,5,2025-01-09 15:25:50,1346,2025-01-09 15:25:50
143,6,2025-01-09 15:28:50,1346,2025-01-09 15:28:50
144,7,2025-01-09 15:30:50,1346,2025-01-09 15:30:50
145,8,2025-01-09 15:32:50,1346,2025-01-09 15:32:50
146,9,2025-01-09 15:34:50,1346,2025-01-09 15:34:50
147,10,2025-01-09 15:36:50,1346,2025-01-09 15:36:50
148,11,2025-01-09 15:38:50,1346,2025-01-09 15:38:50
149,12,2025-01-09 15:40:50,1346,2025-01-09 15:40:50
150,13,2025-01-09 15:42:50,1346,2025-01-09 15:42:50
151,14,2025-01-09 15:43:50,1346,2025-01-09 15:43:50
152,15,2025-01-09 15:45:50,1346,2025-01-09 15:45:50
153,16,2025-01-09 15:48:50,1346,2025-01-09 15:48:50
154,17,2025-01-09 15:50:50,1346,2025-01-09 15:50:50
155,18,2025-01-09 15:52:50,1346,2025-01-09 15:52:50
156,19,2025-01-09 15:54:50,1346,2025-01-09 15:54:50
157,20,2025-01-09 15:56:50,1346,2025-01-09 15:56:50
158,21,2025-01-09 15:58:50,1346,2025-01-09 15:58:50
159,22,2025-01-09 16:00:50,1346,2025-01-09 16:00:50
160,23,2025-01-09 16:02:50,1346,2025-01-09 16:02:50
161,24,2025-01-09 16:04:50,1346,2025-01-09 16:04:50
162,25,2025-01-09 16:06:50,1346,2025-01-09 16:06:50
163,26,2025-01-09 16:08:50,1346,2025-01-09 16:08:50
164,27,2025-01-09 16:10:50,1346,2025-01-09 16:10:50
165,28,2025-01-09 16:13:50,1346,2025-01-09 16:13:50
166,29,2025-01-09 16:15:50,1346,2025-01-09 16:15:50
167,30,2025-01-09 16:17:50,1346,2025-01-09 16:17:50
168,31,2025-01-09 16:20:50,1346,2025-01-09 16:20:50
137,0,2025-01-09 15:23:50,1347,2025-01-09 15:23:50
138,1,2025-01-09 15:26:50,1347,2025-01-09 15:26:50
139,2,2025-01-09 15:28:50,1347,2025-01-09 15:28:50
140,3,2025-01-09 15:30:50,1347,2025-01-09 15:30:50
141,4,2025-01-09 15:31:50,1347,2025-01-09 15:31:50
142,5,2025-01-09 15:35:50,1347,2025-01-09 15:35:50
143,6,2025-01-09 15:38:50,1347,2025-01-09 15:38:50
144,7,2025-01-09 15:40:50,1347,2025-01-09 15:40:50
145,8,2025-01-09 15:42:50,1347,2025-01-09 15:42:50
146,9,2025-01-09 15:44:50,1347,2025-01-09 15:44:50
147,10,2025-01-09 15:46:50,1347,2025-01-09 15:46:50
148,11,2025-01-09 15:48:50,1347,2025-01-09 15:48:50
149,12,2025-01-09 15:50:50,1347,2025-01-09 15:50:50
150,13,2025-01-09 15:52:50,1347,2025-01-09 15:52:50
151,14,2025-01-09 15:53:50,1347,2025-01-09 15:53:50
152,15,2025-01-09 15:55:50,1347,2025-01-09 15:55:50
153,16,2025-01-09 15:58:50,1347,2025-01-09 15:58:50
154,17,2025-01-09 16:00:50,1347,2025-01-09 16:00:50
155,18,2025-01-09 16:02:50,1347,2025-01-09 16:02:50
156,19,2025-01-09 16:04:50,1347,2025-01-09 16:04:50
157,20,2025-01-09 16:06:50,1347,2025-01-09 16:06:50
158,21,2025-01-09 16:08:50,1347,2025-01-09 16:08:50
159,22,2025-01-09 16:10:50,1347,2025-01-09 16:10:50
160,23,2025-01-09 16:12:50,1347,2025-01-09 16:12:50
161,24,2025-01-09 16:14:50,1347,2025-01-09 16:14:50
162,25,2025-01-09 16:16:50,1347,2025-01-09 16:16:50
163,26,2025-01-09 16:18:50,1347,2025-01-09 16:18:50
164,27,2025-01-09 16:20:50,1347,2025-01-09 16:20:50
165,28,2025-01-09 16:23:50,1347,2025-01-09 16:23:50
166,29,2025-01-09 16:25:50,1347,2025-01-09 16:25:50
167,30,2025-01-09 16:27:50,1347,2025-01-09 16:27:50
168,31,2025-01-09 16:30:50,1347,2025-01-09 16:30:50
137,0,2025-01-09 15:33:50,1348,2025-01-09 15:33:50
138,1,2025-01-09 15:36:50,1348,2025-01-09 15:36:50
139,2,2025-01-09 15:38:50,1348,2025-01-09 15:38:50
140,3,2025-01-09 15:40:50,1348,2025-01-09 15:40:50
141,4,2025-01-09 15:41:50,1348,2025-01-09 15:41:50
142,5,2025-01-09 15:45:50,1348,2025-01-09 15:45:50
143,6,2025-01-09 15:48:50,1348,2025-01-09 15:48:50
144,7,2025-01-09 15:50:50,1348,2025-01-09 15:50:50
145,8,2025-01-09 15:52:50,1348,2025-01-09 15:52:50
146,9,2025-01-09 15:54:50,1348,2025-01-09 15:54:50
147,10,2025-01-09 15:56:50,1348,2025-01-09 15:56:50
148,11,2025-01-09 15:58:50,1348,2025-01-09 15:58:50
149,12,2025-01-09 16:00:50,1348,2025-01-09 16:00:50
150,13,2025-01-09 16:02:50,1348,2025-01-09 16:02:50
151,14,2025-01-09 16:03:50,1348,2025-01-09 16:03:50
152,15,2025-01-09 16:05:50,1348,2025-01-09 16:05:50
153,16,2025-01-09 16:08:50,1348,2025-01-09 16:08:50
154,17,2025-01-09 16:10:50,1348,2025-01-09 16:10:50
155,18,2025-01-09 16:12:50,1348,2025-01-09 16:12:50
156,19,2025-01-09 16:14:50,1348,2025-01-09 16:14:50
157,20,2025-01-09 16:16:50,1348,2025-01-09 16:16:50
158,21,2025-01-09 16:18:50,1348,2025-01-09 16:18:50
159,22,2025-01-09 16:20:50,1348,2025-01-09 16:20:50
160,23,2025-01-09 16:22:50,1348,2025-01-09 16:22:50
161,24,2025-01-09 16:24:50,1348,2025-01-09 16:24:50
162,25,2025-01-09 16:26:50,1348,2025-01-09 16:26:50
163,26,2025-01-09 16:28:50,1348,2025-01-09 16:28:50
164,27,2025-01-09 16:30:50,1348,2025-01-09 16:30:50
165,28,2025-01-09 16:33:50,1348,2025-01-09 16:33:50
166,29,2025-01-09 16:35:50,1348,2025-01-09 16:35:50
167,30,2025-01-09 16:37:50,1348,2025-01-09 16:37:50
168,31,2025-01-09 16:40:50,1348,2025-01-09 16:40:50
137,0,2025-01-09 15:43:50,1349,2025-01-09 15:43:50
138,1,2025-01-09 15:46:50,1349,2025-01-09 15:46:50
139,2,2025-01-09 15:48:50,1349,2025-01-09 15:48:50
140,3,2025-01-09 15:50:50,1349,2025-01-09 15:50:50
141,4,2025-01-09 15:51:50,1349,2025-01-09 15:51:50
142,5,2025-01-09 15:55:50,1349,2025-01-09 15:55:50
143,6,2025-01-09 15:58:50,1349,2025-01-09 15:58:50
144,7,2025-01-09 16:00:50,1349,2025-01-09 16:00:50
145,8,2025-01-09 16:02:50,1349,2025-01-09 16:02:50
146,9,2025-01-09 16:04:50,1349,2025-01-09 16:04:50
147,10,2025-01-09 16:06:50,1349,2025-01-09 16:06:50
148,11,2025-01-09 16:08:50,1349,2025-01-09 16:08:50
149,12,2025-01-09 16:10:50,1349,2025-01-09 16:10:50
150,13,2025-01-09 16:12:50,1349,2025-01-09 16:12:50
151,14,2025-01-09 16:13:50,1349,2025-01-09 16:13:50
152,15,2025-01-09 16:15:50,1349,2025-01-09 16:15:50
153,16,2025-01-09 16:18:50,1349,2025-01-09 16:18:50
154,17,2025-01-09 16:20:50,1349,2025-01-09 16:20:50
155,18,2025-01-09 16:22:50,1349,2025-01-09 16:22:50
156,19,2025-01-09 16:24:50,1349,2025-01-09 16:24:50
157,20,2025-01-09 16:26:50,1349,2025-01-09 16:26:50
158,21,2025-01-09 16:28:50,1349,2025-01-09 16:28:50
159,22,2025-01-09 16:30:50,1349,2025-01-09 16:30:50
160,23,2025-01-09 16:32:50,1349,2025-01-09 16:32:50
161,24,2025-01-09 16:34:50,1349,2025-01-09 16:34:50
162,25,2025-01-09 16:36:50,1349,2025-01-09 16:36:50
163,26,2025-01-09 16:38:50,1349,2025-01-09 16:38:50
164,27,2025-01-09 16:40:50,1349,2025-01-09 16:40:50
165,28,2025-01-09 16:43:50,1349,2025-01-09 16:43:50
166,29,2025-01-09 16:45:50,1349,2025-01-09 16:45:50
167,30,2025-01-09 16:47:50,1349,2025-01-09 16:47:50
168,31,2025-01-09 16:50:50,1349,2025-01-09 16:50:50
137,0,2025-01-09 15:53:50,1350,2025-01-09 15:53:50
138,1,2025-01-09 15:56:50,1350,2025-01-09 15:56:50
139,2,2025-01-09 15:58:50,1350,2025-01-09 15:58:50
140,3,2025-01-09 16:00:50,1350,2025-01-09 16:00:50
141,4,2025-01-09 16:01:50,1350,2025-01-09 16:01:50
142,5,2025-01-09 16:05:50,1350,2025-01-09 16:05:50
143,6,2025-01-09 16:08:50,1350,2025-01-09 16:08:50
144,7,2025-01-09 16:10:50,1350,2025-01-09 16:10:50
145,8,2025-01-09 16:12:50,1350,2025-01-09 16:12:50
146,9,2025-01-09 16:14:50,1350,2025-01-09 16:14:50
147,10,2025-01-09 16:16:50,1350,2025-01-09 16:16:50
148,11,2025-01-09 16:18:50,1350,2025-01-09 16:18:50
149,12,2025-01-09 16:20:50,1350,2025-01-09 16:20:50
150,13,2025-01-09 16:22:50,1350,2025-01-09 16:22:50
151,14,2025-01-09 16:23:50,1350,2025-01-09 16:23:50
152,15,2025-01-09 16:25:50,1350,2025-01-09 16:25:50
153,16,2025-01-09 16:28:50,1350,2025-01-09 16:28:50
154,17,2025-01-09 16:30:50,1350,2025-01-09 16:30:50
155,18,2025-01-09 16:32:50,1350,2025-01-09 16:32:50
156,19,2025-01-09 16:34:50,1350,2025-01-09 16:34:50
157,20,2025-01-09 16:36:50,1350,2025-01-09 16:36:50
158,21,2025-01-09 16:38:50,1350,2025-01-09 16:38:50
159,22,2025-01-09 16:40:50,1350,2025-01-09 16:40:50
160,23,2025-01-09 16:42:50,1350,2025-01-09 16:42:50
161,24,2025-01-09 16:44:50,1350,2025-01-09 16:44:50
162,25,2025-01-09 16:46:50,1350,2025-01-09 16:46:50
163,26,2025-01-09 16:48:50,1350,2025-01-09 16:48:50
164,27,2025-01-09 16:50:50,1350,2025-01-09 16:50:50
165,28,2025-01-09 16:53:50,1350,2025-01-09 16:53:50
166,29,2025-01-09 16:55:50,1350,2025-01-09 16:55:50
167,30,2025-01-09 16:57:50,1350,2025-01-09 16:57:50
168,31,2025-01-09 17:00:50,1350,2025-01-09 17:00:50
137,0,2025-01-09 16:03:50,1351,2025-01-09 16:03:50
138,1,2025-01-09 16:06:50,1351,2025-01-09 16:06:50
139,2,2025-01-09 16:08:50,1351,2025-01-09 16:08:50
140,3,2025-01-09 16:10:50,1351,2025-01-09 16:10:50
141,4,2025-01-09 16:11:50,1351,2025-01-09 16:11:50
142,5,2025-01-09 16:15:50,1351,2025-01-09 16:15:50
143,6,2025-01-09 16:18:50,1351,2025-01-09 16:18:50
144,7,2025-01-09 16:20:50,1351,2025-01-09 16:20:50
145,8,2025-01-09 16:22:50,1351,2025-01-09 16:22:50
146,9,2025-01-09 16:24:50,1351,2025-01-09 16:24:50
147,10,2025-01-09 16:26:50,1351,2025-01-09 16:26:50
148,11,2025-01-09 16:28:50,1351,2025-01-09 16:28:50
149,12,2025-01-09 16:30:50,1351,2025-01-09 16:30:50
150,13,2025-01-09 16:32:50,1351,2025-01-09 16:32:50
151,14,2025-01-09 16:33:50,1351,2025-01-09 16:33:50
152,15,2025-01-09 16:35:50,1351,2025-01-09 16:35:50
153,16,2025-01-09 16:38:50,1351,2025-01-09 16:38:50
154,17,2025-01-09 16:40:50,1351,2025-01-09 16:40:50
155,18,2025-01-09 16:42:50,1351,2025-01-09 16:42:50
156,19,2025-01-09 16:44:50,1351,2025-01-09 16:44:50
157,20,2025-01-09 16:46:50,1351,2025-01-09 16:46:50
158,21,2025-01-09 16:48:50,1351,2025-01-09 16:48:50
159,22,2025-01-09 16:50:50,1351,2025-01-09 16:50:50
160,23,2025-01-09 16:52:50,1351,2025-01-09 16:52:50
161,24,2025-01-09 16:54:50,1351,2025-01-09 16:54:50
162,25,2025-01-09 16:56:50,1351,2025-01-09 16:56:50
163,26,2025-01-09 16:58:50,1351,2025-01-09 16:58:50
164,27,2025-01-09 17:00:50,1351,2025-01-09 17:00:50
165,28,2025-01-09 17:03:50,1351,2025-01-09 17:03:50
166,29,2025-01-09 17:05:50,1351,2025-01-09 17:05:50
167,30,2025-01-09 17:07:50,1351,2025-01-09 17:07:50
168,31,2025-01-09 17:10:50,1351,2025-01-09 17:10:50
137,0,2025-01-09 16:13:50,1352,2025-01-09 16:13:50
138,1,2025-01-09 16:16:50,1352,2025-01-09 16:16:50
139,2,2025-01-09 16:18:50,1352,2025-01-09 16:18:50
140,3,2025-01-09 16:20:50,1352,2025-01-09 16:20:50
141,4,2025-01-09 16:21:50,1352,2025-01-09 16:21:50
142,5,2025-01-09 16:25:50,1352,2025-01-09 16:25:50
143,6,2025-01-09 16:28:50,1352,2025-01-09 16:28:50
144,7,2025-01-09 16:30:50,1352,2025-01-09 16:30:50
145,8,2025-01-09 16:32:50,1352,2025-01-09 16:32:50
146,9,2025-01-09 16:34:50,1352,2025-01-09 16:34:50
147,10,2025-01-09 16:36:50,1352,2025-01-09 16:36:50
148,11,2025-01-09 16:38:50,1352,2025-01-09 16:38:50
149,12,2025-01-09 16:40:50,1352,2025-01-09 16:40:50
150,13,2025-01-09 16:42:50,1352,2025-01-09 16:42:50
151,14,2025-01-09 16:43:50,1352,2025-01-09 16:43:50
152,15,2025-01-09 16:45:50,1352,2025-01-09 16:45:50
153,16,2025-01-09 16:48:50,1352,2025-01-09 16:48:50
154,17,2025-01-09 16:50:50,1352,2025-01-09 16:50:50
155,18,2025-01-09 16:52:50,1352,2025-01-09 16:52:50
156,19,2025-01-09 16:54:50,1352,2025-01-09 16:54:50
157,20,2025-01-09 16:56:50,1352,2025-01-09 16:56:50
158,21,2025-01-09 16:58:50,1352,2025-01-09 16:58:50
159,22,2025-01-09 17:00:50,1352,2025-01-09 17:00:50
160,23,2025-01-09 17:02:50,1352,2025-01-09 17:02:50
161,24,2025-01-09 17:04:50,1352,2025-01-09 17:04:50
162,25,2025-01-09 17:06:50,1352,2025-01-09 17:06:50
163,26,2025-01-09 17:08:50,1352,2025-01-09 17:08:50
164,27,2025-01-09 17:10:50,1352,2025-01-09 17:10:50
165,28,2025-01-09 17:13:50,1352,2025-01-09 17:13:50
166,29,2025-01-09 17:15:50,1352,2025-01-09 17:15:50
167,30,2025-01-09 17:17:50,1352,2025-01-09 17:17:50
168,31,2025-01-09 17:20:50,1352,2025-01-09 17:20:50
137,0,2025-01-09 16:19:50,1353,2025-01-09 16:19:50
138,1,2025-01-09 16:22:50,1353,2025-01-09 16:22:50
139,2,2025-01-09 16:24:50,1353,2025-01-09 16:24:50
140,3,2025-01-09 16:26:50,1353,2025-01-09 16:26:50
141,4,2025-01-09 16:27:50,1353,2025-01-09 16:27:50
142,5,2025-01-09 16:31:50,1353,2025-01-09 16:31:50
143,6,2025-01-09 16:34:50,1353,2025-01-09 16:34:50
144,7,2025-01-09 16:36:50,1353,2025-01-09 16:36:50
145,8,2025-01-09 16:38:50,1353,2025-01-09 16:38:50
146,9,2025-01-09 16:40:50,1353,2025-01-09 16:40:50
147,10,2025-01-09 16:42:50,1353,2025-01-09 16:42:50
148,11,2025-01-09 16:44:50,1353,2025-01-09 16:44:50
149,12,2025-01-09 16:46:50,1353,2025-01-09 16:46:50
150,13,2025-01-09 16:48:50,1353,2025-01-09 16:48:50
151,14,2025-01-09 16:49:50,1353,2025-01-09 16:49:50
152,15,2025-01-09 16:51:50,1353,2025-01-09 16:51:50
153,16,2025-01-09 16:54:50,1353,2025-01-09 16:54:50
154,17,2025-01-09 16:56:50,1353,2025-01-09 16:56:50
155,18,2025-01-09 16:58:50,1353,2025-01-09 16:58:50
156,19,2025-01-09 17:00:50,1353,2025-01-09 17:00:50
157,20,2025-01-09 17:02:50,1353,2025-01-09 17:02:50
158,21,2025-01-09 17:04:50,1353,2025-01-09 17:04:50
159,22,2025-01-09 17:06:50,1353,2025-01-09 17:06:50
160,23,2025-01-09 17:08:50,1353,2025-01-09 17:08:50
161,24,2025-01-09 17:10:50,1353,2025-01-09 17:10:50
162,25,2025-01-09 17:12:50,1353,2025-01-09 17:12:50
163,26,2025-01-09 17:14:50,1353,2025-01-09 17:14:50
164,27,2025-01-09 17:16:50,1353,2025-01-09 17:16:50
165,28,2025-01-09 17:19:50,1353,2025-01-09 17:19:50
166,29,2025-01-09 17:21:50,1353,2025-01-09 17:21:50
167,30,2025-01-09 17:23:50,1353,2025-01-09 17:23:50
168,31,2025-01-09 17:26:50,1353,2025-01-09 17:26:50
137,0,2025-01-09 16:24:50,1354,2025-01-09 16:24:50
138,1,2025-01-09 16:27:50,1354,2025-01-09 16:27:50
139,2,2025-01-09 16:29:50,1354,2025-01-09 16:29:50
140,3,2025-01-09 16:31:50,1354,2025-01-09 16:31:50
141,4,2025-01-09 16:32:50,1354,2025-01-09 16:32:50
142,5,2025-01-09 16:36:50,1354,2025-01-09 16:36:50
143,6,2025-01-09 16:39:50,1354,2025-01-09 16:39:50
144,7,2025-01-09 16:41:50,1354,2025-01-09 16:41:50
145,8,2025-01-09 16:43:50,1354,2025-01-09 16:43:50
146,9,2025-01-09 16:45:50,1354,2025-01-09 16:45:50
147,10,2025-01-09 16:47:50,1354,2025-01-09 16:47:50
148,11,2025-01-09 16:49:50,1354,2025-01-09 16:49:50
149,12,2025-01-09 16:51:50,1354,2025-01-09 16:51:50
150,13,2025-01-09 16:53:50,1354,2025-01-09 16:53:50
151,14,2025-01-09 16:54:50,1354,2025-01-09 16:54:50
152,15,2025-01-09 16:56:50,1354,2025-01-09 16:56:50
153,16,2025-01-09 16:59:50,1354,2025-01-09 16:59:50
154,17,2025-01-09 17:01:50,1354,2025-01-09 17:01:50
155,18,2025-01-09 17:03:50,1354,2025-01-09 17:03:50
156,19,2025-01-09 17:05:50,1354,2025-01-09 17:05:50
157,20,2025-01-09 17:07:50,1354,2025-01-09 17:07:50
158,21,2025-01-09 17:09:50,1354,2025-01-09 17:09:50
159,22,2025-01-09 17:11:50,1354,2025-01-09 17:11:50
160,23,2025-01-09 17:13:50,1354,2025-01-09 17:13:50
161,24,2025-01-09 17:15:50,1354,2025-01-09 17:15:50
162,25,2025-01-09 17:17:50,1354,2025-01-09 17:17:50
163,26,2025-01-09 17:19:50,1354,2025-01-09 17:19:50
164,27,2025-01-09 17:21:50,1354,2025-01-09 17:21:50
165,28,2025-01-09 17:24:50,1354,2025-01-09 17:24:50
166,29,2025-01-09 17:26:50,1354,2025-01-09 17:26:50
167,30,2025-01-09 17:28:50,1354,2025-01-09 17:28:50
168,31,2025-01-09 17:31:50,1354,2025-01-09 17:31:50
137,0,2025-01-09 16:29:50,1355,2025-01-09 16:29:50
138,1,2025-01-09 16:32:50,1355,2025-01-09 16:32:50
139,2,2025-01-09 16:34:50,1355,2025-01-09 16:34:50
140,3,2025-01-09 16:36:50,1355,2025-01-09 16:36:50
141,4,2025-01-09 16:37:50,1355,2025-01-09 16:37:50
142,5,2025-01-09 16:41:50,1355,2025-01-09 16:41:50
143,6,2025-01-09 16:44:50,1355,2025-01-09 16:44:50
144,7,2025-01-09 16:46:50,1355,2025-01-09 16:46:50
145,8,2025-01-09 16:48:50,1355,2025-01-09 16:48:50
146,9,2025-01-09 16:50:50,1355,2025-01-09 16:50:50
147,10,2025-01-09 16:52:50,1355,2025-01-09 16:52:50
148,11,2025-01-09 16:54:50,1355,2025-01-09 16:54:50
149,12,2025-01-09 16:56:50,1355,2025-01-09 16:56:50
150,13,2025-01-09 16:58:50,1355,2025-01-09 16:58:50
151,14,2025-01-09 16:59:50,1355,2025-01-09 16:59:50
152,15,2025-01-09 17:01:50,1355,2025-01-09 17:01:50
153,16,2025-01-09 17:04:50,1355,2025-01-09 17:04:50
154,17,2025-01-09 17:06:50,1355,2025-01-09 17:06:50
155,18,2025-01-09 17:08:50,1355,2025-01-09 17:08:50
156,19,2025-01-09 17:10:50,1355,2025-01-09 17:10:50
157,20,2025-01-09 17:12:50,1355,2025-01-09 17:12:50
158,21,2025-01-09 17:14:50,1355,2025-01-09 17:14:50
159,22,2025-01-09 17:16:50,1355,2025-01-09 17:16:50
160,23,2025-01-09 17:18:50,1355,2025-01-09 17:18:50
161,24,2025-01-09 17:20:50,1355,2025-01-09 17:20:50
162,25,2025-01-09 17:22:50,1355,2025-01-09 17:22:50
163,26,2025-01-09 17:24:50,1355,2025-01-09 17:24:50
164,27,2025-01-09 17:26:50,1355,2025-01-09 17:26:50
165,28,2025-01-09 17:29:50,1355,2025-01-09 17:29:50
166,29,2025-01-09 17:31:50,1355,2025-01-09 17:31:50
167,30,2025-01-09 17:33:50,1355,2025-01-09 17:33:50
168,31,2025-01-09 17:36:50,1355,2025-01-09 17:36:50
137,0,2025-01-09 16:34:50,1356,2025-01-09 16:34:50
138,1,2025-01-09 16:37:50,1356,2025-01-09 16:37:50
139,2,2025-01-09 16:39:50,1356,2025-01-09 16:39:50
140,3,2025-01-09 16:41:50,1356,2025-01-09 16:41:50
141,4,2025-01-09 16:42:50,1356,2025-01-09 16:42:50
142,5,2025-01-09 16:46:50,1356,2025-01-09 16:46:50
143,6,2025-01-09 16:49:50,1356,2025-01-09 16:49:50
144,7,2025-01-09 16:51:50,1356,2025-01-09 16:51:50
145,8,2025-01-09 16:53:50,1356,2025-01-09 16:53:50
146,9,2025-01-09 16:55:50,1356,2025-01-09 16:55:50
147,10,2025-01-09 16:57:50,1356,2025-01-09 16:57:50
148,11,2025-01-09 16:59:50,1356,2025-01-09 16:59:50
149,12,2025-01-09 17:01:50,1356,2025-01-09 17:01:50
150,13,2025-01-09 17:03:50,1356,2025-01-09 17:03:50
151,14,2025-01-09 17:04:50,1356,2025-01-09 17:04:50
152,15,2025-01-09 17:06:50,1356,2025-01-09 17:06:50
153,16,2025-01-09 17:09:50,1356,2025-01-09 17:09:50
154,17,2025-01-09 17:11:50,1356,2025-01-09 17:11:50
155,18,2025-01-09 17:13:50,1356,2025-01-09 17:13:50
156,19,2025-01-09 17:15:50,1356,2025-01-09 17:15:50
157,20,2025-01-09 17:17:50,1356,2025-01-09 17:17:50
158,21,2025-01-09 17:19:50,1356,2025-01-09 17:19:50
159,22,2025-01-09 17:21:50,1356,2025-01-09 17:21:50
160,23,2025-01-09 17:23:50,1356,2025-01-09 17:23:50
161,24,2025-01-09 17:25:50,1356,2025-01-09 17:25:50
162,25,2025-01-09 17:27:50,1356,2025-01-09 17:27:50
163,26,2025-01-09 17:29:50,1356,2025-01-09 17:29:50
164,27,2025-01-09 17:31:50,1356,2025-01-09 17:31:50
165,28,2025-01-09 17:34:50,1356,2025-01-09 17:34:50
166,29,2025-01-09 17:36:50,1356,2025-01-09 17:36:50
167,30,2025-01-09 17:38:50,1356,2025-01-09 17:38:50
168,31,2025-01-09 17:41:50,1356,2025-01-09 17:41:50
137,0,2025-01-09 16:39:50,1357,2025-01-09 16:39:50
138,1,2025-01-09 16:42:50,1357,2025-01-09 16:42:50
139,2,2025-01-09 16:44:50,1357,2025-01-09 16:44:50
140,3,2025-01-09 16:46:50,1357,2025-01-09 16:46:50
141,4,2025-01-09 16:47:50,1357,2025-01-09 16:47:50
142,5,2025-01-09 16:51:50,1357,2025-01-09 16:51:50
143,6,2025-01-09 16:54:50,1357,2025-01-09 16:54:50
144,7,2025-01-09 16:56:50,1357,2025-01-09 16:56:50
145,8,2025-01-09 16:58:50,1357,2025-01-09 16:58:50
146,9,2025-01-09 17:00:50,1357,2025-01-09 17:00:50
147,10,2025-01-09 17:02:50,1357,2025-01-09 17:02:50
148,11,2025-01-09 17:04:50,1357,2025-01-09 17:04:50
149,12,2025-01-09 17:06:50,1357,2025-01-09 17:06:50
150,13,2025-01-09 17:08:50,1357,2025-01-09 17:08:50
151,14,2025-01-09 17:09:50,1357,2025-01-09 17:09:50
152,15,2025-01-09 17:11:50,1357,2025-01-09 17:11:50
153,16,2025-01-09 17:14:50,1357,2025-01-09 17:14:50
154,17,2025-01-09 17:16:50,1357,2025-01-09 17:16:50
155,18,2025-01-09 17:18:50,1357,2025-01-09 17:18:50
156,19,2025-01-09 17:20:50,1357,2025-01-09 17:20:50
157,20,2025-01-09 17:22:50,1357,2025-01-09 17:22:50
158,21,2025-01-09 17:24:50,1357,2025-01-09 17:24:50
159,22,2025-01-09 17:26:50,1357,2025-01-09 17:26:50
160,23,2025-01-09 17:28:50,1357,2025-01-09 17:28:50
161,24,2025-01-09 17:30:50,1357,2025-01-09 17:30:50
162,25,2025-01-09 17:32:50,1357,2025-01-09 17:32:50
163,26,2025-01-09 17:34:50,1357,2025-01-09 17:34:50
164,27,2025-01-09 17:36:50,1357,2025-01-09 17:36:50
165,28,2025-01-09 17:39:50,1357,2025-01-09 17:39:50
166,29,2025-01-09 17:41:50,1357,2025-01-09 17:41:50
167,30,2025-01-09 17:43:50,1357,2025-01-09 17:43:50
168,31,2025-01-09 17:46:50,1357,2025-01-09 17:46:50
137,0,2025-01-09 16:44:50,1358,2025-01-09 16:44:50
138,1,2025-01-09 16:47:50,1358,2025-01-09 16:47:50
139,2,2025-01-09 16:49:50,1358,2025-01-09 16:49:50
140,3,2025-01-09 16:51:50,1358,2025-01-09 16:51:50
141,4,2025-01-09 16:52:50,1358,2025-01-09 16:52:50
142,5,2025-01-09 16:56:50,1358,2025-01-09 16:56:50
143,6,2025-01-09 16:59:50,1358,2025-01-09 16:59:50
144,7,2025-01-09 17:01:50,1358,2025-01-09 17:01:50
145,8,2025-01-09 17:03:50,1358,2025-01-09 17:03:50
146,9,2025-01-09 17:05:50,1358,2025-01-09 17:05:50
147,10,2025-01-09 17:07:50,1358,2025-01-09 17:07:50
148,11,2025-01-09 17:09:50,1358,2025-01-09 17:09:50
149,12,2025-01-09 17:11:50,1358,2025-01-09 17:11:50
150,13,2025-01-09 17:13:50,1358,2025-01-09 17:13:50
151,14,2025-01-09 17:14:50,1358,2025-01-09 17:14:50
152,15,2025-01-09 17:16:50,1358,2025-01-09 17:16:50
153,16,2025-01-09 17:19:50,1358,2025-01-09 17:19:50
154,17,2025-01-09 17:21:50,1358,2025-01-09 17:21:50
155,18,2025-01-09 17:23:50,1358,2025-01-09 17:23:50
156,19,2025-01-09 17:25:50,1358,2025-01-09 17:25:50
157,20,2025-01-09 17:27:50,1358,2025-01-09 17:27:50
158,21,2025-01-09 17:29:50,1358,2025-01-09 17:29:50
159,22,2025-01-09 17:31:50,1358,2025-01-09 17:31:50
160,23,2025-01-09 17:33:50,1358,2025-01-09 17:33:50
161,24,2025-01-09 17:35:50,1358,2025-01-09 17:35:50
162,25,2025-01-09 17:37:50,1358,2025-01-09 17:37:50
163,26,2025-01-09 17:39:50,1358,2025-01-09 17:39:50
164,27,2025-01-09 17:41:50,1358,2025-01-09 17:41:50
165,28,2025-01-09 17:44:50,1358,2025-01-09 17:44:50
166,29,2025-01-09 17:46:50,1358,2025-01-09 17:46:50
167,30,2025-01-09 17:48:50,1358,2025-01-09 17:48:50
168,31,2025-01-09 17:51:50,1358,2025-01-09 17:51:50
137,0,2025-01-09 16:49:50,1359,2025-01-09 16:49:50
138,1,2025-01-09 16:52:50,1359,2025-01-09 16:52:50
139,2,2025-01-09 16:54:50,1359,2025-01-09 16:54:50
140,3,2025-01-09 16:56:50,1359,2025-01-09 16:56:50
141,4,2025-01-09 16:57:50,1359,2025-01-09 16:57:50
142,5,2025-01-09 17:01:50,1359,2025-01-09 17:01:50
143,6,2025-01-09 17:04:50,1359,2025-01-09 17:04:50
144,7,2025-01-09 17:06:50,1359,2025-01-09 17:06:50
145,8,2025-01-09 17:08:50,1359,2025-01-09 17:08:50
146,9,2025-01-09 17:10:50,1359,2025-01-09 17:10:50
147,10,2025-01-09 17:12:50,1359,2025-01-09 17:12:50
148,11,2025-01-09 17:14:50,1359,2025-01-09 17:14:50
149,12,2025-01-09 17:16:50,1359,2025-01-09 17:16:50
150,13,2025-01-09 17:18:50,1359,2025-01-09 17:18:50
151,14,2025-01-09 17:19:50,1359,2025-01-09 17:19:50
152,15,2025-01-09 17:21:50,1359,2025-01-09 17:21:50
153,16,2025-01-09 17:24:50,1359,2025-01-09 17:24:50
154,17,2025-01-09 17:26:50,1359,2025-01-09 17:26:50
155,18,2025-01-09 17:28:50,1359,2025-01-09 17:28:50
156,19,2025-01-09 17:30:50,1359,2025-01-09 17:30:50
157,20,2025-01-09 17:32:50,1359,2025-01-09 17:32:50
158,21,2025-01-09 17:34:50,1359,2025-01-09 17:34:50
159,22,2025-01-09 17:36:50,1359,2025-01-09 17:36:50
160,23,2025-01-09 17:38:50,1359,2025-01-09 17:38:50
161,24,2025-01-09 17:40:50,1359,2025-01-09 17:40:50
162,25,2025-01-09 17:42:50,1359,2025-01-09 17:42:50
163,26,2025-01-09 17:44:50,1359,2025-01-09 17:44:50
164,27,2025-01-09 17:46:50,1359,2025-01-09 17:46:50
165,28,2025-01-09 17:49:50,1359,2025-01-09 17:49:50
166,29,2025-01-09 17:51:50,1359,2025-01-09 17:51:50
167,30,2025-01-09 17:53:50,1359,2025-01-09 17:53:50
168,31,2025-01-09 17:56:50,1359,2025-01-09 17:56:50
137,0,2025-01-09 16:54:50,1360,2025-01-09 16:54:50
138,1,2025-01-09 16:57:50,1360,2025-01-09 16:57:50
139,2,2025-01-09 16:59:50,1360,2025-01-09 16:59:50
140,3,2025-01-09 17:01:50,1360,2025-01-09 17:01:50
141,4,2025-01-09 17:02:50,1360,2025-01-09 17:02:50
142,5,2025-01-09 17:06:50,1360,2025-01-09 17:06:50
143,6,2025-01-09 17:09:50,1360,2025-01-09 17:09:50
144,7,2025-01-09 17:11:50,1360,2025-01-09 17:11:50
145,8,2025-01-09 17:13:50,1360,2025-01-09 17:13:50
146,9,2025-01-09 17:15:50,1360,2025-01-09 17:15:50
147,10,2025-01-09 17:17:50,1360,2025-01-09 17:17:50
148,11,2025-01-09 17:19:50,1360,2025-01-09 17:19:50
149,12,2025-01-09 17:21:50,1360,2025-01-09 17:21:50
150,13,2025-01-09 17:23:50,1360,2025-01-09 17:23:50
151,14,2025-01-09 17:24:50,1360,2025-01-09 17:24:50
152,15,2025-01-09 17:26:50,1360,2025-01-09 17:26:50
153,16,2025-01-09 17:29:50,1360,2025-01-09 17:29:50
154,17,2025-01-09 17:31:50,1360,2025-01-09 17:31:50
155,18,2025-01-09 17:33:50,1360,2025-01-09 17:33:50
156,19,2025-01-09 17:35:50,1360,2025-01-09 17:35:50
157,20,2025-01-09 17:37:50,1360,2025-01-09 17:37:50
158,21,2025-01-09 17:39:50,1360,2025-01-09 17:39:50
159,22,2025-01-09 17:41:50,1360,2025-01-09 17:41:50
160,23,2025-01-09 17:43:50,1360,2025-01-09 17:43:50
161,24,2025-01-09 17:45:50,1360,2025-01-09 17:45:50
162,25,2025-01-09 17:47:50,1360,2025-01-09 17:47:50
163,26,2025-01-09 17:49:50,1360,2025-01-09 17:49:50
164,27,2025-01-09 17:51:50,1360,2025-01-09 17:51:50
165,28,2025-01-09 17:54:50,1360,2025-01-09 17:54:50
166,29,2025-01-09 17:56:50,1360,2025-01-09 17:56:50
167,30,2025-01-09 17:58:50,1360,2025-01-09 17:58:50
168,31,2025-01-09 18:01:50,1360,2025-01-09 18:01:50
137,0,2025-01-09 16:59:50,1361,2025-01-09 16:59:50
138,1,2025-01-09 17:02:50,1361,2025-01-09 17:02:50
139,2,2025-01-09 17:04:50,1361,2025-01-09 17:04:50
140,3,2025-01-09 17:06:50,1361,2025-01-09 17:06:50
141,4,2025-01-09 17:07:50,1361,2025-01-09 17:07:50
142,5,2025-01-09 17:11:50,1361,2025-01-09 17:11:50
143,6,2025-01-09 17:14:50,1361,2025-01-09 17:14:50
144,7,2025-01-09 17:16:50,1361,2025-01-09 17:16:50
145,8,2025-01-09 17:18:50,1361,2025-01-09 17:18:50
146,9,2025-01-09 17:20:50,1361,2025-01-09 17:20:50
147,10,2025-01-09 17:22:50,1361,2025-01-09 17:22:50
148,11,2025-01-09 17:24:50,1361,2025-01-09 17:24:50
149,12,2025-01-09 17:26:50,1361,2025-01-09 17:26:50
150,13,2025-01-09 17:28:50,1361,2025-01-09 17:28:50
151,14,2025-01-09 17:29:50,1361,2025-01-09 17:29:50
152,15,2025-01-09 17:31:50,1361,2025-01-09 17:31:50
153,16,2025-01-09 17:34:50,1361,2025-01-09 17:34:50
154,17,2025-01-09 17:36:50,1361,2025-01-09 17:36:50
155,18,2025-01-09 17:38:50,1361,2025-01-09 17:38:50
156,19,2025-01-09 17:40:50,1361,2025-01-09 17:40:50
157,20,2025-01-09 17:42:50,1361,2025-01-09 17:42:50
158,21,2025-01-09 17:44:50,1361,2025-01-09 17:44:50
159,22,2025-01-09 17:46:50,1361,2025-01-09 17:46:50
160,23,2025-01-09 17:48:50,1361,2025-01-09 17:48:50
161,24,2025-01-09 17:50:50,1361,2025-01-09 17:50:50
162,25,2025-01-09 17:52:50,1361,2025-01-09 17:52:50
163,26,2025-01-09 17:54:50,1361,2025-01-09 17:54:50
164,27,2025-01-09 17:56:50,1361,2025-01-09 17:56:50
165,28,2025-01-09 17:59:50,1361,2025-01-09 17:59:50
166,29,2025-01-09 18:01:50,1361,2025-01-09 18:01:50
167,30,2025-01-09 18:03:50,1361,2025-01-09 18:03:50
168,31,2025-01-09 18:06:50,1361,2025-01-09 18:06:50
137,0,2025-01-09 17:04:50,1362,2025-01-09 17:04:50
138,1,2025-01-09 17:07:50,1362,2025-01-09 17:07:50
139,2,2025-01-09 17:09:50,1362,2025-01-09 17:09:50
140,3,2025-01-09 17:11:50,1362,2025-01-09 17:11:50
141,4,2025-01-09 17:12:50,1362,2025-01-09 17:12:50
142,5,2025-01-09 17:16:50,1362,2025-01-09 17:16:50
143,6,2025-01-09 17:19:50,1362,2025-01-09 17:19:50
144,7,2025-01-09 17:21:50,1362,2025-01-09 17:21:50
145,8,2025-01-09 17:23:50,1362,2025-01-09 17:23:50
146,9,2025-01-09 17:25:50,1362,2025-01-09 17:25:50
147,10,2025-01-09 17:27:50,1362,2025-01-09 17:27:50
148,11,2025-01-09 17:29:50,1362,2025-01-09 17:29:50
149,12,2025-01-09 17:31:50,1362,2025-01-09 17:31:50
150,13,2025-01-09 17:33:50,1362,2025-01-09 17:33:50
151,14,2025-01-09 17:34:50,1362,2025-01-09 17:34:50
152,15,2025-01-09 17:36:50,1362,2025-01-09 17:36:50
153,16,2025-01-09 17:39:50,1362,2025-01-09 17:39:50
154,17,2025-01-09 17:41:50,1362,2025-01-09 17:41:50
155,18,2025-01-09 17:43:50,1362,2025-01-09 17:43:50
156,19,2025-01-09 17:45:50,1362,2025-01-09 17:45:50
157,20,2025-01-09 17:47:50,1362,2025-01-09 17:47:50
158,21,2025-01-09 17:49:50,1362,2025-01-09 17:49:50
159,22,2025-01-09 17:51:50,1362,2025-01-09 17:51:50
160,23,2025-01-09 17:53:50,1362,2025-01-09 17:53:50
161,24,2025-01-09 17:55:50,1362,2025-01-09 17:55:50
162,25,2025-01-09 17:57:50,1362,2025-01-09 17:57:50
163,26,2025-01-09 17:59:50,1362,2025-01-09 17:59:50
164,27,2025-01-09 18:01:50,1362,2025-01-09 18:01:50
165,28,2025-01-09 18:04:50,1362,2025-01-09 18:04:50
166,29,2025-01-09 18:06:50,1362,2025-01-09 18:06:50
167,30,2025-01-09 18:08:50,1362,2025-01-09 18:08:50
168,31,2025-01-09 18:11:50,1362,2025-01-09 18:11:50
137,0,2025-01-09 17:09:50,1363,2025-01-09 17:09:50
138,1,2025-01-09 17:12:50,1363,2025-01-09 17:12:50
139,2,2025-01-09 17:14:50,1363,2025-01-09 17:14:50
140,3,2025-01-09 17:16:50,1363,2025-01-09 17:16:50
141,4,2025-01-09 17:17:50,1363,2025-01-09 17:17:50
142,5,2025-01-09 17:21:50,1363,2025-01-09 17:21:50
143,6,2025-01-09 17:24:50,1363,2025-01-09 17:24:50
144,7,2025-01-09 17:26:50,1363,2025-01-09 17:26:50
145,8,2025-01-09 17:28:50,1363,2025-01-09 17:28:50
146,9,2025-01-09 17:30:50,1363,2025-01-09 17:30:50
147,10,2025-01-09 17:32:50,1363,2025-01-09 17:32:50
148,11,2025-01-09 17:34:50,1363,2025-01-09 17:34:50
149,12,2025-01-09 17:36:50,1363,2025-01-09 17:36:50
150,13,2025-01-09 17:38:50,1363,2025-01-09 17:38:50
151,14,2025-01-09 17:39:50,1363,2025-01-09 17:39:50
152,15,2025-01-09 17:41:50,1363,2025-01-09 17:41:50
153,16,2025-01-09 17:44:50,1363,2025-01-09 17:44:50
154,17,2025-01-09 17:46:50,1363,2025-01-09 17:46:50
155,18,2025-01-09 17:48:50,1363,2025-01-09 17:48:50
156,19,2025-01-09 17:50:50,1363,2025-01-09 17:50:50
157,20,2025-01-09 17:52:50,1363,2025-01-09 17:52:50
158,21,2025-01-09 17:54:50,1363,2025-01-09 17:54:50
159,22,2025-01-09 17:56:50,1363,2025-01-09 17:56:50
160,23,2025-01-09 17:58:50,1363,2025-01-09 17:58:50
161,24,2025-01-09 18:00:50,1363,2025-01-09 18:00:50
162,25,2025-01-09 18:02:50,1363,2025-01-09 18:02:50
163,26,2025-01-09 18:04:50,1363,2025-01-09 18:04:50
164,27,2025-01-09 18:06:50,1363,2025-01-09 18:06:50
165,28,2025-01-09 18:09:50,1363,2025-01-09 18:09:50
166,29,2025-01-09 18:11:50,1363,2025-01-09 18:11:50
167,30,2025-01-09 18:13:50,1363,2025-01-09 18:13:50
168,31,2025-01-09 18:16:50,1363,2025-01-09 18:16:50
137,0,2025-01-09 17:14:50,1364,2025-01-09 17:14:50
138,1,2025-01-09 17:17:50,1364,2025-01-09 17:17:50
139,2,2025-01-09 17:19:50,1364,2025-01-09 17:19:50
140,3,2025-01-09 17:21:50,1364,2025-01-09 17:21:50
141,4,2025-01-09 17:22:50,1364,2025-01-09 17:22:50
142,5,2025-01-09 17:26:50,1364,2025-01-09 17:26:50
143,6,2025-01-09 17:29:50,1364,2025-01-09 17:29:50
144,7,2025-01-09 17:31:50,1364,2025-01-09 17:31:50
145,8,2025-01-09 17:33:50,1364,2025-01-09 17:33:50
146,9,2025-01-09 17:35:50,1364,2025-01-09 17:35:50
147,10,2025-01-09 17:37:50,1364,2025-01-09 17:37:50
148,11,2025-01-09 17:39:50,1364,2025-01-09 17:39:50
149,12,2025-01-09 17:41:50,1364,2025-01-09 17:41:50
150,13,2025-01-09 17:43:50,1364,2025-01-09 17:43:50
151,14,2025-01-09 17:44:50,1364,2025-01-09 17:44:50
152,15,2025-01-09 17:46:50,1364,2025-01-09 17:46:50
153,16,2025-01-09 17:49:50,1364,2025-01-09 17:49:50
154,17,2025-01-09 17:51:50,1364,2025-01-09 17:51:50
155,18,2025-01-09 17:53:50,1364,2025-01-09 17:53:50
156,19,2025-01-09 17:55:50,1364,2025-01-09 17:55:50
157,20,2025-01-09 17:57:50,1364,2025-01-09 17:57:50
158,21,2025-01-09 17:59:50,1364,2025-01-09 17:59:50
159,22,2025-01-09 18:01:50,1364,2025-01-09 18:01:50
160,23,2025-01-09 18:03:50,1364,2025-01-09 18:03:50
161,24,2025-01-09 18:05:50,1364,2025-01-09 18:05:50
162,25,2025-01-09 18:07:50,1364,2025-01-09 18:07:50
163,26,2025-01-09 18:09:50,1364,2025-01-09 18:09:50
164,27,2025-01-09 18:11:50,1364,2025-01-09 18:11:50
165,28,2025-01-09 18:14:50,1364,2025-01-09 18:14:50
166,29,2025-01-09 18:16:50,1364,2025-01-09 18:16:50
167,30,2025-01-09 18:18:50,1364,2025-01-09 18:18:50
168,31,2025-01-09 18:21:50,1364,2025-01-09 18:21:50
137,0,2025-01-09 17:19:20,1365,2025-01-09 17:19:20
138,1,2025-01-09 17:22:20,1365,2025-01-09 17:22:20
139,2,2025-01-09 17:24:20,1365,2025-01-09 17:24:20
140,3,2025-01-09 17:26:20,1365,2025-01-09 17:26:20
141,4,2025-01-09 17:27:20,1365,2025-01-09 17:27:20
142,5,2025-01-09 17:31:20,1365,2025-01-09 17:31:20
143,6,2025-01-09 17:34:20,1365,2025-01-09 17:34:20
144,7,2025-01-09 17:36:20,1365,2025-01-09 17:36:20
145,8,2025-01-09 17:38:20,1365,2025-01-09 17:38:20
146,9,2025-01-09 17:40:20,1365,2025-01-09 17:40:20
147,10,2025-01-09 17:42:20,1365,2025-01-09 17:42:20
148,11,2025-01-09 17:44:20,1365,2025-01-09 17:44:20
149,12,2025-01-09 17:46:20,1365,2025-01-09 17:46:20
150,13,2025-01-09 17:48:20,1365,2025-01-09 17:48:20
151,14,2025-01-09 17:49:20,1365,2025-01-09 17:49:20
152,15,2025-01-09 17:51:20,1365,2025-01-09 17:51:20
153,16,2025-01-09 17:54:20,1365,2025-01-09 17:54:20
154,17,2025-01-09 17:56:20,1365,2025-01-09 17:56:20
155,18,2025-01-09 17:58:20,1365,2025-01-09 17:58:20
156,19,2025-01-09 18:00:20,1365,2025-01-09 18:00:20
157,20,2025-01-09 18:02:20,1365,2025-01-09 18:02:20
158,21,2025-01-09 18:04:20,1365,2025-01-09 18:04:20
159,22,2025-01-09 18:06:20,1365,2025-01-09 18:06:20
160,23,2025-01-09 18:08:20,1365,2025-01-09 18:08:20
161,24,2025-01-09 18:10:20,1365,2025-01-09 18:10:20
162,25,2025-01-09 18:12:20,1365,2025-01-09 18:12:20
163,26,2025-01-09 18:14:20,1365,2025-01-09 18:14:20
164,27,2025-01-09 18:16:20,1365,2025-01-09 18:16:20
165,28,2025-01-09 18:19:20,1365,2025-01-09 18:19:20
166,29,2025-01-09 18:21:20,1365,2025-01-09 18:21:20
167,30,2025-01-09 18:23:20,1365,2025-01-09 18:23:20
168,31,2025-01-09 18:26:20,1365,2025-01-09 18:26:20
137,0,2025-01-09 17:23:50,1366,2025-01-09 17:23:50
138,1,2025-01-09 17:26:50,1366,2025-01-09 17:26:50
139,2,2025-01-09 17:28:50,1366,2025-01-09 17:28:50
140,3,2025-01-09 17:30:50,1366,2025-01-09 17:30:50
141,4,2025-01-09 17:31:50,1366,2025-01-09 17:31:50
142,5,2025-01-09 17:35:50,1366,2025-01-09 17:35:50
143,6,2025-01-09 17:38:50,1366,2025-01-09 17:38:50
144,7,2025-01-09 17:40:50,1366,2025-01-09 17:40:50
145,8,2025-01-09 17:42:50,1366,2025-01-09 17:42:50
146,9,2025-01-09 17:44:50,1366,2025-01-09 17:44:50
147,10,2025-01-09 17:46:50,1366,2025-01-09 17:46:50
148,11,2025-01-09 17:48:50,1366,2025-01-09 17:48:50
149,12,2025-01-09 17:50:50,1366,2025-01-09 17:50:50
150,13,2025-01-09 17:52:50,1366,2025-01-09 17:52:50
151,14,2025-01-09 17:53:50,1366,2025-01-09 17:53:50
152,15,2025-01-09 17:55:50,1366,2025-01-09 17:55:50
153,16,2025-01-09 17:58:50,1366,2025-01-09 17:58:50
154,17,2025-01-09 18:00:50,1366,2025-01-09 18:00:50
155,18,2025-01-09 18:02:50,1366,2025-01-09 18:02:50
156,19,2025-01-09 18:04:50,1366,2025-01-09 18:04:50
157,20,2025-01-09 18:06:50,1366,2025-01-09 18:06:50
158,21,2025-01-09 18:08:50,1366,2025-01-09 18:08:50
159,22,2025-01-09 18:10:50,1366,2025-01-09 18:10:50
160,23,2025-01-09 18:12:50,1366,2025-01-09 18:12:50
161,24,2025-01-09 18:14:50,1366,2025-01-09 18:14:50
162,25,2025-01-09 18:16:50,1366,2025-01-09 18:16:50
163,26,2025-01-09 18:18:50,1366,2025-01-09 18:18:50
164,27,2025-01-09 18:20:50,1366,2025-01-09 18:20:50
165,28,2025-01-09 18:23:50,1366,2025-01-09 18:23:50
166,29,2025-01-09 18:25:50,1366,2025-01-09 18:25:50
167,30,2025-01-09 18:27:50,1366,2025-01-09 18:27:50
168,31,2025-01-09 18:30:50,1366,2025-01-09 18:30:50
137,0,2025-01-09 17:28:20,1367,2025-01-09 17:28:20
138,1,2025-01-09 17:31:20,1367,2025-01-09 17:31:20
139,2,2025-01-09 17:33:20,1367,2025-01-09 17:33:20
140,3,2025-01-09 17:35:20,1367,2025-01-09 17:35:20
141,4,2025-01-09 17:36:20,1367,2025-01-09 17:36:20
142,5,2025-01-09 17:40:20,1367,2025-01-09 17:40:20
143,6,2025-01-09 17:43:20,1367,2025-01-09 17:43:20
144,7,2025-01-09 17:45:20,1367,2025-01-09 17:45:20
145,8,2025-01-09 17:47:20,1367,2025-01-09 17:47:20
146,9,2025-01-09 17:49:20,1367,2025-01-09 17:49:20
147,10,2025-01-09 17:51:20,1367,2025-01-09 17:51:20
148,11,2025-01-09 17:53:20,1367,2025-01-09 17:53:20
149,12,2025-01-09 17:55:20,1367,2025-01-09 17:55:20
150,13,2025-01-09 17:57:20,1367,2025-01-09 17:57:20
151,14,2025-01-09 17:58:20,1367,2025-01-09 17:58:20
152,15,2025-01-09 18:00:20,1367,2025-01-09 18:00:20
153,16,2025-01-09 18:03:20,1367,2025-01-09 18:03:20
154,17,2025-01-09 18:05:20,1367,2025-01-09 18:05:20
155,18,2025-01-09 18:07:20,1367,2025-01-09 18:07:20
156,19,2025-01-09 18:09:20,1367,2025-01-09 18:09:20
157,20,2025-01-09 18:11:20,1367,2025-01-09 18:11:20
158,21,2025-01-09 18:13:20,1367,2025-01-09 18:13:20
159,22,2025-01-09 18:15:20,1367,2025-01-09 18:15:20
160,23,2025-01-09 18:17:20,1367,2025-01-09 18:17:20
161,24,2025-01-09 18:19:20,1367,2025-01-09 18:19:20
162,25,2025-01-09 18:21:20,1367,2025-01-09 18:21:20
163,26,2025-01-09 18:23:20,1367,2025-01-09 18:23:20
164,27,2025-01-09 18:25:20,1367,2025-01-09 18:25:20
165,28,2025-01-09 18:28:20,1367,2025-01-09 18:28:20
166,29,2025-01-09 18:30:20,1367,2025-01-09 18:30:20
167,30,2025-01-09 18:32:20,1367,2025-01-09 18:32:20
168,31,2025-01-09 18:35:20,1367,2025-01-09 18:35:20
137,0,2025-01-09 17:32:50,1368,2025-01-09 17:32:50
138,1,2025-01-09 17:35:50,1368,2025-01-09 17:35:50
139,2,2025-01-09 17:37:50,1368,2025-01-09 17:37:50
140,3,2025-01-09 17:39:50,1368,2025-01-09 17:39:50
141,4,2025-01-09 17:40:50,1368,2025-01-09 17:40:50
142,5,2025-01-09 17:44:50,1368,2025-01-09 17:44:50
143,6,2025-01-09 17:47:50,1368,2025-01-09 17:47:50
144,7,2025-01-09 17:49:50,1368,2025-01-09 17:49:50
145,8,2025-01-09 17:51:50,1368,2025-01-09 17:51:50
146,9,2025-01-09 17:53:50,1368,2025-01-09 17:53:50
147,10,2025-01-09 17:55:50,1368,2025-01-09 17:55:50
148,11,2025-01-09 17:57:50,1368,2025-01-09 17:57:50
149,12,2025-01-09 17:59:50,1368,2025-01-09 17:59:50
150,13,2025-01-09 18:01:50,1368,2025-01-09 18:01:50
151,14,2025-01-09 18:02:50,1368,2025-01-09 18:02:50
152,15,2025-01-09 18:04:50,1368,2025-01-09 18:04:50
153,16,2025-01-09 18:07:50,1368,2025-01-09 18:07:50
154,17,2025-01-09 18:09:50,1368,2025-01-09 18:09:50
155,18,2025-01-09 18:11:50,1368,2025-01-09 18:11:50
156,19,2025-01-09 18:13:50,1368,2025-01-09 18:13:50
157,20,2025-01-09 18:15:50,1368,2025-01-09 18:15:50
158,21,2025-01-09 18:17:50,1368,2025-01-09 18:17:50
159,22,2025-01-09 18:19:50,1368,2025-01-09 18:19:50
160,23,2025-01-09 18:21:50,1368,2025-01-09 18:21:50
161,24,2025-01-09 18:23:50,1368,2025-01-09 18:23:50
162,25,2025-01-09 18:25:50,1368,2025-01-09 18:25:50
163,26,2025-01-09 18:27:50,1368,2025-01-09 18:27:50
164,27,2025-01-09 18:29:50,1368,2025-01-09 18:29:50
165,28,2025-01-09 18:32:50,1368,2025-01-09 18:32:50
166,29,2025-01-09 18:34:50,1368,2025-01-09 18:34:50
167,30,2025-01-09 18:36:50,1368,2025-01-09 18:36:50
168,31,2025-01-09 18:39:50,1368,2025-01-09 18:39:50
137,0,2025-01-09 17:37:20,1369,2025-01-09 17:37:20
138,1,2025-01-09 17:40:20,1369,2025-01-09 17:40:20
139,2,2025-01-09 17:42:20,1369,2025-01-09 17:42:20
140,3,2025-01-09 17:44:20,1369,2025-01-09 17:44:20
141,4,2025-01-09 17:45:20,1369,2025-01-09 17:45:20
142,5,2025-01-09 17:49:20,1369,2025-01-09 17:49:20
143,6,2025-01-09 17:52:20,1369,2025-01-09 17:52:20
144,7,2025-01-09 17:54:20,1369,2025-01-09 17:54:20
145,8,2025-01-09 17:56:20,1369,2025-01-09 17:56:20
146,9,2025-01-09 17:58:20,1369,2025-01-09 17:58:20
147,10,2025-01-09 18:00:20,1369,2025-01-09 18:00:20
148,11,2025-01-09 18:02:20,1369,2025-01-09 18:02:20
149,12,2025-01-09 18:04:20,1369,2025-01-09 18:04:20
150,13,2025-01-09 18:06:20,1369,2025-01-09 18:06:20
151,14,2025-01-09 18:07:20,1369,2025-01-09 18:07:20
152,15,2025-01-09 18:09:20,1369,2025-01-09 18:09:20
153,16,2025-01-09 18:12:20,1369,2025-01-09 18:12:20
154,17,2025-01-09 18:14:20,1369,2025-01-09 18:14:20
155,18,2025-01-09 18:16:20,1369,2025-01-09 18:16:20
156,19,2025-01-09 18:18:20,1369,2025-01-09 18:18:20
157,20,2025-01-09 18:20:20,1369,2025-01-09 18:20:20
158,21,2025-01-09 18:22:20,1369,2025-01-09 18:22:20
159,22,2025-01-09 18:24:20,1369,2025-01-09 18:24:20
160,23,2025-01-09 18:26:20,1369,2025-01-09 18:26:20
161,24,2025-01-09 18:28:20,1369,2025-01-09 18:28:20
162,25,2025-01-09 18:30:20,1369,2025-01-09 18:30:20
163,26,2025-01-09 18:32:20,1369,2025-01-09 18:32:20
164,27,2025-01-09 18:34:20,1369,2025-01-09 18:34:20
165,28,2025-01-09 18:37:20,1369,2025-01-09 18:37:20
166,29,2025-01-09 18:39:20,1369,2025-01-09 18:39:20
167,30,2025-01-09 18:41:20,1369,2025-01-09 18:41:20
168,31,2025-01-09 18:44:20,1369,2025-01-09 18:44:20
137,0,2025-01-09 17:41:50,1370,2025-01-09 17:41:50
138,1,2025-01-09 17:44:50,1370,2025-01-09 17:44:50
139,2,2025-01-09 17:46:50,1370,2025-01-09 17:46:50
140,3,2025-01-09 17:48:50,1370,2025-01-09 17:48:50
141,4,2025-01-09 17:49:50,1370,2025-01-09 17:49:50
142,5,2025-01-09 17:53:50,1370,2025-01-09 17:53:50
143,6,2025-01-09 17:56:50,1370,2025-01-09 17:56:50
144,7,2025-01-09 17:58:50,1370,2025-01-09 17:58:50
145,8,2025-01-09 18:00:50,1370,2025-01-09 18:00:50
146,9,2025-01-09 18:02:50,1370,2025-01-09 18:02:50
147,10,2025-01-09 18:04:50,1370,2025-01-09 18:04:50
148,11,2025-01-09 18:06:50,1370,2025-01-09 18:06:50
149,12,2025-01-09 18:08:50,1370,2025-01-09 18:08:50
150,13,2025-01-09 18:10:50,1370,2025-01-09 18:10:50
151,14,2025-01-09 18:11:50,1370,2025-01-09 18:11:50
152,15,2025-01-09 18:13:50,1370,2025-01-09 18:13:50
153,16,2025-01-09 18:16:50,1370,2025-01-09 18:16:50
154,17,2025-01-09 18:18:50,1370,2025-01-09 18:18:50
155,18,2025-01-09 18:20:50,1370,2025-01-09 18:20:50
156,19,2025-01-09 18:22:50,1370,2025-01-09 18:22:50
157,20,2025-01-09 18:24:50,1370,2025-01-09 18:24:50
158,21,2025-01-09 18:26:50,1370,2025-01-09 18:26:50
159,22,2025-01-09 18:28:50,1370,2025-01-09 18:28:50
160,23,2025-01-09 18:30:50,1370,2025-01-09 18:30:50
161,24,2025-01-09 18:32:50,1370,2025-01-09 18:32:50
162,25,2025-01-09 18:34:50,1370,2025-01-09 18:34:50
163,26,2025-01-09 18:36:50,1370,2025-01-09 18:36:50
164,27,2025-01-09 18:38:50,1370,2025-01-09 18:38:50
165,28,2025-01-09 18:41:50,1370,2025-01-09 18:41:50
166,29,2025-01-09 18:43:50,1370,2025-01-09 18:43:50
167,30,2025-01-09 18:45:50,1370,2025-01-09 18:45:50
168,31,2025-01-09 18:48:50,1370,2025-01-09 18:48:50
137,0,2025-01-09 17:46:20,1371,2025-01-09 17:46:20
138,1,2025-01-09 17:49:20,1371,2025-01-09 17:49:20
139,2,2025-01-09 17:51:20,1371,2025-01-09 17:51:20
140,3,2025-01-09 17:53:20,1371,2025-01-09 17:53:20
141,4,2025-01-09 17:54:20,1371,2025-01-09 17:54:20
142,5,2025-01-09 17:58:20,1371,2025-01-09 17:58:20
143,6,2025-01-09 18:01:20,1371,2025-01-09 18:01:20
144,7,2025-01-09 18:03:20,1371,2025-01-09 18:03:20
145,8,2025-01-09 18:05:20,1371,2025-01-09 18:05:20
146,9,2025-01-09 18:07:20,1371,2025-01-09 18:07:20
147,10,2025-01-09 18:09:20,1371,2025-01-09 18:09:20
148,11,2025-01-09 18:11:20,1371,2025-01-09 18:11:20
149,12,2025-01-09 18:13:20,1371,2025-01-09 18:13:20
150,13,2025-01-09 18:15:20,1371,2025-01-09 18:15:20
151,14,2025-01-09 18:16:20,1371,2025-01-09 18:16:20
152,15,2025-01-09 18:18:20,1371,2025-01-09 18:18:20
153,16,2025-01-09 18:21:20,1371,2025-01-09 18:21:20
154,17,2025-01-09 18:23:20,1371,2025-01-09 18:23:20
155,18,2025-01-09 18:25:20,1371,2025-01-09 18:25:20
156,19,2025-01-09 18:27:20,1371,2025-01-09 18:27:20
157,20,2025-01-09 18:29:20,1371,2025-01-09 18:29:20
158,21,2025-01-09 18:31:20,1371,2025-01-09 18:31:20
159,22,2025-01-09 18:33:20,1371,2025-01-09 18:33:20
160,23,2025-01-09 18:35:20,1371,2025-01-09 18:35:20
161,24,2025-01-09 18:37:20,1371,2025-01-09 18:37:20
162,25,2025-01-09 18:39:20,1371,2025-01-09 18:39:20
163,26,2025-01-09 18:41:20,1371,2025-01-09 18:41:20
164,27,2025-01-09 18:43:20,1371,2025-01-09 18:43:20
165,28,2025-01-09 18:46:20,1371,2025-01-09 18:46:20
166,29,2025-01-09 18:48:20,1371,2025-01-09 18:48:20
167,30,2025-01-09 18:50:20,1371,2025-01-09 18:50:20
168,31,2025-01-09 18:53:20,1371,2025-01-09 18:53:20
137,0,2025-01-09 17:50:50,1372,2025-01-09 17:50:50
138,1,2025-01-09 17:53:50,1372,2025-01-09 17:53:50
139,2,2025-01-09 17:55:50,1372,2025-01-09 17:55:50
140,3,2025-01-09 17:57:50,1372,2025-01-09 17:57:50
141,4,2025-01-09 17:58:50,1372,2025-01-09 17:58:50
142,5,2025-01-09 18:02:50,1372,2025-01-09 18:02:50
143,6,2025-01-09 18:05:50,1372,2025-01-09 18:05:50
144,7,2025-01-09 18:07:50,1372,2025-01-09 18:07:50
145,8,2025-01-09 18:09:50,1372,2025-01-09 18:09:50
146,9,2025-01-09 18:11:50,1372,2025-01-09 18:11:50
147,10,2025-01-09 18:13:50,1372,2025-01-09 18:13:50
148,11,2025-01-09 18:15:50,1372,2025-01-09 18:15:50
149,12,2025-01-09 18:17:50,1372,2025-01-09 18:17:50
150,13,2025-01-09 18:19:50,1372,2025-01-09 18:19:50
151,14,2025-01-09 18:20:50,1372,2025-01-09 18:20:50
152,15,2025-01-09 18:22:50,1372,2025-01-09 18:22:50
153,16,2025-01-09 18:25:50,1372,2025-01-09 18:25:50
154,17,2025-01-09 18:27:50,1372,2025-01-09 18:27:50
155,18,2025-01-09 18:29:50,1372,2025-01-09 18:29:50
156,19,2025-01-09 18:31:50,1372,2025-01-09 18:31:50
157,20,2025-01-09 18:33:50,1372,2025-01-09 18:33:50
158,21,2025-01-09 18:35:50,1372,2025-01-09 18:35:50
159,22,2025-01-09 18:37:50,1372,2025-01-09 18:37:50
160,23,2025-01-09 18:39:50,1372,2025-01-09 18:39:50
161,24,2025-01-09 18:41:50,1372,2025-01-09 18:41:50
162,25,2025-01-09 18:43:50,1372,2025-01-09 18:43:50
163,26,2025-01-09 18:45:50,1372,2025-01-09 18:45:50
164,27,2025-01-09 18:47:50,1372,2025-01-09 18:47:50
165,28,2025-01-09 18:50:50,1372,2025-01-09 18:50:50
166,29,2025-01-09 18:52:50,1372,2025-01-09 18:52:50
167,30,2025-01-09 18:54:50,1372,2025-01-09 18:54:50
168,31,2025-01-09 18:57:50,1372,2025-01-09 18:57:50
137,0,2025-01-09 17:55:20,1373,2025-01-09 17:55:20
138,1,2025-01-09 17:58:20,1373,2025-01-09 17:58:20
139,2,2025-01-09 18:00:20,1373,2025-01-09 18:00:20
140,3,2025-01-09 18:02:20,1373,2025-01-09 18:02:20
141,4,2025-01-09 18:03:20,1373,2025-01-09 18:03:20
142,5,2025-01-09 18:07:20,1373,2025-01-09 18:07:20
143,6,2025-01-09 18:10:20,1373,2025-01-09 18:10:20
144,7,2025-01-09 18:12:20,1373,2025-01-09 18:12:20
145,8,2025-01-09 18:14:20,1373,2025-01-09 18:14:20
146,9,2025-01-09 18:16:20,1373,2025-01-09 18:16:20
147,10,2025-01-09 18:18:20,1373,2025-01-09 18:18:20
148,11,2025-01-09 18:20:20,1373,2025-01-09 18:20:20
149,12,2025-01-09 18:22:20,1373,2025-01-09 18:22:20
150,13,2025-01-09 18:24:20,1373,2025-01-09 18:24:20
151,14,2025-01-09 18:25:20,1373,2025-01-09 18:25:20
152,15,2025-01-09 18:27:20,1373,2025-01-09 18:27:20
153,16,2025-01-09 18:30:20,1373,2025-01-09 18:30:20
154,17,2025-01-09 18:32:20,1373,2025-01-09 18:32:20
155,18,2025-01-09 18:34:20,1373,2025-01-09 18:34:20
156,19,2025-01-09 18:36:20,1373,2025-01-09 18:36:20
157,20,2025-01-09 18:38:20,1373,2025-01-09 18:38:20
158,21,2025-01-09 18:40:20,1373,2025-01-09 18:40:20
159,22,2025-01-09 18:42:20,1373,2025-01-09 18:42:20
160,23,2025-01-09 18:44:20,1373,2025-01-09 18:44:20
161,24,2025-01-09 18:46:20,1373,2025-01-09 18:46:20
162,25,2025-01-09 18:48:20,1373,2025-01-09 18:48:20
163,26,2025-01-09 18:50:20,1373,2025-01-09 18:50:20
164,27,2025-01-09 18:52:20,1373,2025-01-09 18:52:20
165,28,2025-01-09 18:55:20,1373,2025-01-09 18:55:20
166,29,2025-01-09 18:57:20,1373,2025-01-09 18:57:20
167,30,2025-01-09 18:59:20,1373,2025-01-09 18:59:20
168,31,2025-01-09 19:02:20,1373,2025-01-09 19:02:20
137,0,2025-01-09 17:59:50,1374,2025-01-09 17:59:50
138,1,2025-01-09 18:02:50,1374,2025-01-09 18:02:50
139,2,2025-01-09 18:04:50,1374,2025-01-09 18:04:50
140,3,2025-01-09 18:06:50,1374,2025-01-09 18:06:50
141,4,2025-01-09 18:07:50,1374,2025-01-09 18:07:50
142,5,2025-01-09 18:11:50,1374,2025-01-09 18:11:50
143,6,2025-01-09 18:14:50,1374,2025-01-09 18:14:50
144,7,2025-01-09 18:16:50,1374,2025-01-09 18:16:50
145,8,2025-01-09 18:18:50,1374,2025-01-09 18:18:50
146,9,2025-01-09 18:20:50,1374,2025-01-09 18:20:50
147,10,2025-01-09 18:22:50,1374,2025-01-09 18:22:50
148,11,2025-01-09 18:24:50,1374,2025-01-09 18:24:50
149,12,2025-01-09 18:26:50,1374,2025-01-09 18:26:50
150,13,2025-01-09 18:28:50,1374,2025-01-09 18:28:50
151,14,2025-01-09 18:29:50,1374,2025-01-09 18:29:50
152,15,2025-01-09 18:31:50,1374,2025-01-09 18:31:50
153,16,2025-01-09 18:34:50,1374,2025-01-09 18:34:50
154,17,2025-01-09 18:36:50,1374,2025-01-09 18:36:50
155,18,2025-01-09 18:38:50,1374,2025-01-09 18:38:50
156,19,2025-01-09 18:40:50,1374,2025-01-09 18:40:50
157,20,2025-01-09 18:42:50,1374,2025-01-09 18:42:50
158,21,2025-01-09 18:44:50,1374,2025-01-09 18:44:50
159,22,2025-01-09 18:46:50,1374,2025-01-09 18:46:50
160,23,2025-01-09 18:48:50,1374,2025-01-09 18:48:50
161,24,2025-01-09 18:50:50,1374,2025-01-09 18:50:50
162,25,2025-01-09 18:52:50,1374,2025-01-09 18:52:50
163,26,2025-01-09 18:54:50,1374,2025-01-09 18:54:50
164,27,2025-01-09 18:56:50,1374,2025-01-09 18:56:50
165,28,2025-01-09 18:59:50,1374,2025-01-09 18:59:50
166,29,2025-01-09 19:01:50,1374,2025-01-09 19:01:50
167,30,2025-01-09 19:03:50,1374,2025-01-09 19:03:50
168,31,2025-01-09 19:06:50,1374,2025-01-09 19:06:50
137,0,2025-01-09 18:04:20,1375,2025-01-09 18:04:20
138,1,2025-01-09 18:07:20,1375,2025-01-09 18:07:20
139,2,2025-01-09 18:09:20,1375,2025-01-09 18:09:20
140,3,2025-01-09 18:11:20,1375,2025-01-09 18:11:20
141,4,2025-01-09 18:12:20,1375,2025-01-09 18:12:20
142,5,2025-01-09 18:16:20,1375,2025-01-09 18:16:20
143,6,2025-01-09 18:19:20,1375,2025-01-09 18:19:20
144,7,2025-01-09 18:21:20,1375,2025-01-09 18:21:20
145,8,2025-01-09 18:23:20,1375,2025-01-09 18:23:20
146,9,2025-01-09 18:25:20,1375,2025-01-09 18:25:20
147,10,2025-01-09 18:27:20,1375,2025-01-09 18:27:20
148,11,2025-01-09 18:29:20,1375,2025-01-09 18:29:20
149,12,2025-01-09 18:31:20,1375,2025-01-09 18:31:20
150,13,2025-01-09 18:33:20,1375,2025-01-09 18:33:20
151,14,2025-01-09 18:34:20,1375,2025-01-09 18:34:20
152,15,2025-01-09 18:36:20,1375,2025-01-09 18:36:20
153,16,2025-01-09 18:39:20,1375,2025-01-09 18:39:20
154,17,2025-01-09 18:41:20,1375,2025-01-09 18:41:20
155,18,2025-01-09 18:43:20,1375,2025-01-09 18:43:20
156,19,2025-01-09 18:45:20,1375,2025-01-09 18:45:20
157,20,2025-01-09 18:47:20,1375,2025-01-09 18:47:20
158,21,2025-01-09 18:49:20,1375,2025-01-09 18:49:20
159,22,2025-01-09 18:51:20,1375,2025-01-09 18:51:20
160,23,2025-01-09 18:53:20,1375,2025-01-09 18:53:20
161,24,2025-01-09 18:55:20,1375,2025-01-09 18:55:20
162,25,2025-01-09 18:57:20,1375,2025-01-09 18:57:20
163,26,2025-01-09 18:59:20,1375,2025-01-09 18:59:20
164,27,2025-01-09 19:01:20,1375,2025-01-09 19:01:20
165,28,2025-01-09 19:04:20,1375,2025-01-09 19:04:20
166,29,2025-01-09 19:06:20,1375,2025-01-09 19:06:20
167,30,2025-01-09 19:08:20,1375,2025-01-09 19:08:20
168,31,2025-01-09 19:11:20,1375,2025-01-09 19:11:20
137,0,2025-01-09 18:08:50,1376,2025-01-09 18:08:50
138,1,2025-01-09 18:11:50,1376,2025-01-09 18:11:50
139,2,2025-01-09 18:13:50,1376,2025-01-09 18:13:50
140,3,2025-01-09 18:15:50,1376,2025-01-09 18:15:50
141,4,2025-01-09 18:16:50,1376,2025-01-09 18:16:50
142,5,2025-01-09 18:20:50,1376,2025-01-09 18:20:50
143,6,2025-01-09 18:23:50,1376,2025-01-09 18:23:50
144,7,2025-01-09 18:25:50,1376,2025-01-09 18:25:50
145,8,2025-01-09 18:27:50,1376,2025-01-09 18:27:50
146,9,2025-01-09 18:29:50,1376,2025-01-09 18:29:50
147,10,2025-01-09 18:31:50,1376,2025-01-09 18:31:50
148,11,2025-01-09 18:33:50,1376,2025-01-09 18:33:50
149,12,2025-01-09 18:35:50,1376,2025-01-09 18:35:50
150,13,2025-01-09 18:37:50,1376,2025-01-09 18:37:50
151,14,2025-01-09 18:38:50,1376,2025-01-09 18:38:50
152,15,2025-01-09 18:40:50,1376,2025-01-09 18:40:50
153,16,2025-01-09 18:43:50,1376,2025-01-09 18:43:50
154,17,2025-01-09 18:45:50,1376,2025-01-09 18:45:50
155,18,2025-01-09 18:47:50,1376,2025-01-09 18:47:50
156,19,2025-01-09 18:49:50,1376,2025-01-09 18:49:50
157,20,2025-01-09 18:51:50,1376,2025-01-09 18:51:50
158,21,2025-01-09 18:53:50,1376,2025-01-09 18:53:50
159,22,2025-01-09 18:55:50,1376,2025-01-09 18:55:50
160,23,2025-01-09 18:57:50,1376,2025-01-09 18:57:50
161,24,2025-01-09 18:59:50,1376,2025-01-09 18:59:50
162,25,2025-01-09 19:01:50,1376,2025-01-09 19:01:50
163,26,2025-01-09 19:03:50,1376,2025-01-09 19:03:50
164,27,2025-01-09 19:05:50,1376,2025-01-09 19:05:50
165,28,2025-01-09 19:08:50,1376,2025-01-09 19:08:50
166,29,2025-01-09 19:10:50,1376,2025-01-09 19:10:50
167,30,2025-01-09 19:12:50,1376,2025-01-09 19:12:50
168,31,2025-01-09 19:15:50,1376,2025-01-09 19:15:50
137,0,2025-01-09 18:13:50,1377,2025-01-09 18:13:50
138,1,2025-01-09 18:16:50,1377,2025-01-09 18:16:50
139,2,2025-01-09 18:18:50,1377,2025-01-09 18:18:50
140,3,2025-01-09 18:20:50,1377,2025-01-09 18:20:50
141,4,2025-01-09 18:21:50,1377,2025-01-09 18:21:50
142,5,2025-01-09 18:25:50,1377,2025-01-09 18:25:50
143,6,2025-01-09 18:28:50,1377,2025-01-09 18:28:50
144,7,2025-01-09 18:30:50,1377,2025-01-09 18:30:50
145,8,2025-01-09 18:32:50,1377,2025-01-09 18:32:50
146,9,2025-01-09 18:34:50,1377,2025-01-09 18:34:50
147,10,2025-01-09 18:36:50,1377,2025-01-09 18:36:50
148,11,2025-01-09 18:38:50,1377,2025-01-09 18:38:50
149,12,2025-01-09 18:40:50,1377,2025-01-09 18:40:50
150,13,2025-01-09 18:42:50,1377,2025-01-09 18:42:50
151,14,2025-01-09 18:43:50,1377,2025-01-09 18:43:50
152,15,2025-01-09 18:45:50,1377,2025-01-09 18:45:50
153,16,2025-01-09 18:48:50,1377,2025-01-09 18:48:50
154,17,2025-01-09 18:50:50,1377,2025-01-09 18:50:50
155,18,2025-01-09 18:52:50,1377,2025-01-09 18:52:50
156,19,2025-01-09 18:54:50,1377,2025-01-09 18:54:50
157,20,2025-01-09 18:56:50,1377,2025-01-09 18:56:50
158,21,2025-01-09 18:58:50,1377,2025-01-09 18:58:50
159,22,2025-01-09 19:00:50,1377,2025-01-09 19:00:50
160,23,2025-01-09 19:02:50,1377,2025-01-09 19:02:50
161,24,2025-01-09 19:04:50,1377,2025-01-09 19:04:50
162,25,2025-01-09 19:06:50,1377,2025-01-09 19:06:50
163,26,2025-01-09 19:08:50,1377,2025-01-09 19:08:50
164,27,2025-01-09 19:10:50,1377,2025-01-09 19:10:50
165,28,2025-01-09 19:13:50,1377,2025-01-09 19:13:50
166,29,2025-01-09 19:15:50,1377,2025-01-09 19:15:50
167,30,2025-01-09 19:17:50,1377,2025-01-09 19:17:50
168,31,2025-01-09 19:20:50,1377,2025-01-09 19:20:50
137,0,2025-01-09 18:18:50,1378,2025-01-09 18:18:50
138,1,2025-01-09 18:21:50,1378,2025-01-09 18:21:50
139,2,2025-01-09 18:23:50,1378,2025-01-09 18:23:50
140,3,2025-01-09 18:25:50,1378,2025-01-09 18:25:50
141,4,2025-01-09 18:26:50,1378,2025-01-09 18:26:50
142,5,2025-01-09 18:30:50,1378,2025-01-09 18:30:50
143,6,2025-01-09 18:33:50,1378,2025-01-09 18:33:50
144,7,2025-01-09 18:35:50,1378,2025-01-09 18:35:50
145,8,2025-01-09 18:37:50,1378,2025-01-09 18:37:50
146,9,2025-01-09 18:39:50,1378,2025-01-09 18:39:50
147,10,2025-01-09 18:41:50,1378,2025-01-09 18:41:50
148,11,2025-01-09 18:43:50,1378,2025-01-09 18:43:50
149,12,2025-01-09 18:45:50,1378,2025-01-09 18:45:50
150,13,2025-01-09 18:47:50,1378,2025-01-09 18:47:50
151,14,2025-01-09 18:48:50,1378,2025-01-09 18:48:50
152,15,2025-01-09 18:50:50,1378,2025-01-09 18:50:50
153,16,2025-01-09 18:53:50,1378,2025-01-09 18:53:50
154,17,2025-01-09 18:55:50,1378,2025-01-09 18:55:50
155,18,2025-01-09 18:57:50,1378,2025-01-09 18:57:50
156,19,2025-01-09 18:59:50,1378,2025-01-09 18:59:50
157,20,2025-01-09 19:01:50,1378,2025-01-09 19:01:50
158,21,2025-01-09 19:03:50,1378,2025-01-09 19:03:50
159,22,2025-01-09 19:05:50,1378,2025-01-09 19:05:50
160,23,2025-01-09 19:07:50,1378,2025-01-09 19:07:50
161,24,2025-01-09 19:09:50,1378,2025-01-09 19:09:50
162,25,2025-01-09 19:11:50,1378,2025-01-09 19:11:50
163,26,2025-01-09 19:13:50,1378,2025-01-09 19:13:50
164,27,2025-01-09 19:15:50,1378,2025-01-09 19:15:50
165,28,2025-01-09 19:18:50,1378,2025-01-09 19:18:50
166,29,2025-01-09 19:20:50,1378,2025-01-09 19:20:50
167,30,2025-01-09 19:22:50,1378,2025-01-09 19:22:50
168,31,2025-01-09 19:25:50,1378,2025-01-09 19:25:50
137,0,2025-01-09 18:23:50,1379,2025-01-09 18:23:50
138,1,2025-01-09 18:26:50,1379,2025-01-09 18:26:50
139,2,2025-01-09 18:28:50,1379,2025-01-09 18:28:50
140,3,2025-01-09 18:30:50,1379,2025-01-09 18:30:50
141,4,2025-01-09 18:31:50,1379,2025-01-09 18:31:50
142,5,2025-01-09 18:35:50,1379,2025-01-09 18:35:50
143,6,2025-01-09 18:38:50,1379,2025-01-09 18:38:50
144,7,2025-01-09 18:40:50,1379,2025-01-09 18:40:50
145,8,2025-01-09 18:42:50,1379,2025-01-09 18:42:50
146,9,2025-01-09 18:44:50,1379,2025-01-09 18:44:50
147,10,2025-01-09 18:46:50,1379,2025-01-09 18:46:50
148,11,2025-01-09 18:48:50,1379,2025-01-09 18:48:50
149,12,2025-01-09 18:50:50,1379,2025-01-09 18:50:50
150,13,2025-01-09 18:52:50,1379,2025-01-09 18:52:50
151,14,2025-01-09 18:53:50,1379,2025-01-09 18:53:50
152,15,2025-01-09 18:55:50,1379,2025-01-09 18:55:50
153,16,2025-01-09 18:58:50,1379,2025-01-09 18:58:50
154,17,2025-01-09 19:00:50,1379,2025-01-09 19:00:50
155,18,2025-01-09 19:02:50,1379,2025-01-09 19:02:50
156,19,2025-01-09 19:04:50,1379,2025-01-09 19:04:50
157,20,2025-01-09 19:06:50,1379,2025-01-09 19:06:50
158,21,2025-01-09 19:08:50,1379,2025-01-09 19:08:50
159,22,2025-01-09 19:10:50,1379,2025-01-09 19:10:50
160,23,2025-01-09 19:12:50,1379,2025-01-09 19:12:50
161,24,2025-01-09 19:14:50,1379,2025-01-09 19:14:50
162,25,2025-01-09 19:16:50,1379,2025-01-09 19:16:50
163,26,2025-01-09 19:18:50,1379,2025-01-09 19:18:50
164,27,2025-01-09 19:20:50,1379,2025-01-09 19:20:50
165,28,2025-01-09 19:23:50,1379,2025-01-09 19:23:50
166,29,2025-01-09 19:25:50,1379,2025-01-09 19:25:50
167,30,2025-01-09 19:27:50,1379,2025-01-09 19:27:50
168,31,2025-01-09 19:30:50,1379,2025-01-09 19:30:50
137,0,2025-01-09 18:28:50,1380,2025-01-09 18:28:50
138,1,2025-01-09 18:31:50,1380,2025-01-09 18:31:50
139,2,2025-01-09 18:33:50,1380,2025-01-09 18:33:50
140,3,2025-01-09 18:35:50,1380,2025-01-09 18:35:50
141,4,2025-01-09 18:36:50,1380,2025-01-09 18:36:50
142,5,2025-01-09 18:40:50,1380,2025-01-09 18:40:50
143,6,2025-01-09 18:43:50,1380,2025-01-09 18:43:50
144,7,2025-01-09 18:45:50,1380,2025-01-09 18:45:50
145,8,2025-01-09 18:47:50,1380,2025-01-09 18:47:50
146,9,2025-01-09 18:49:50,1380,2025-01-09 18:49:50
147,10,2025-01-09 18:51:50,1380,2025-01-09 18:51:50
148,11,2025-01-09 18:53:50,1380,2025-01-09 18:53:50
149,12,2025-01-09 18:55:50,1380,2025-01-09 18:55:50
150,13,2025-01-09 18:57:50,1380,2025-01-09 18:57:50
151,14,2025-01-09 18:58:50,1380,2025-01-09 18:58:50
152,15,2025-01-09 19:00:50,1380,2025-01-09 19:00:50
153,16,2025-01-09 19:03:50,1380,2025-01-09 19:03:50
154,17,2025-01-09 19:05:50,1380,2025-01-09 19:05:50
155,18,2025-01-09 19:07:50,1380,2025-01-09 19:07:50
156,19,2025-01-09 19:09:50,1380,2025-01-09 19:09:50
157,20,2025-01-09 19:11:50,1380,2025-01-09 19:11:50
158,21,2025-01-09 19:13:50,1380,2025-01-09 19:13:50
159,22,2025-01-09 19:15:50,1380,2025-01-09 19:15:50
160,23,2025-01-09 19:17:50,1380,2025-01-09 19:17:50
161,24,2025-01-09 19:19:50,1380,2025-01-09 19:19:50
162,25,2025-01-09 19:21:50,1380,2025-01-09 19:21:50
163,26,2025-01-09 19:23:50,1380,2025-01-09 19:23:50
164,27,2025-01-09 19:25:50,1380,2025-01-09 19:25:50
165,28,2025-01-09 19:28:50,1380,2025-01-09 19:28:50
166,29,2025-01-09 19:30:50,1380,2025-01-09 19:30:50
167,30,2025-01-09 19:32:50,1380,2025-01-09 19:32:50
168,31,2025-01-09 19:35:50,1380,2025-01-09 19:35:50
137,0,2025-01-09 18:33:50,1381,2025-01-09 18:33:50
138,1,2025-01-09 18:36:50,1381,2025-01-09 18:36:50
139,2,2025-01-09 18:38:50,1381,2025-01-09 18:38:50
140,3,2025-01-09 18:40:50,1381,2025-01-09 18:40:50
141,4,2025-01-09 18:41:50,1381,2025-01-09 18:41:50
142,5,2025-01-09 18:45:50,1381,2025-01-09 18:45:50
143,6,2025-01-09 18:48:50,1381,2025-01-09 18:48:50
144,7,2025-01-09 18:50:50,1381,2025-01-09 18:50:50
145,8,2025-01-09 18:52:50,1381,2025-01-09 18:52:50
146,9,2025-01-09 18:54:50,1381,2025-01-09 18:54:50
147,10,2025-01-09 18:56:50,1381,2025-01-09 18:56:50
148,11,2025-01-09 18:58:50,1381,2025-01-09 18:58:50
149,12,2025-01-09 19:00:50,1381,2025-01-09 19:00:50
150,13,2025-01-09 19:02:50,1381,2025-01-09 19:02:50
151,14,2025-01-09 19:03:50,1381,2025-01-09 19:03:50
152,15,2025-01-09 19:05:50,1381,2025-01-09 19:05:50
153,16,2025-01-09 19:08:50,1381,2025-01-09 19:08:50
154,17,2025-01-09 19:10:50,1381,2025-01-09 19:10:50
155,18,2025-01-09 19:12:50,1381,2025-01-09 19:12:50
156,19,2025-01-09 19:14:50,1381,2025-01-09 19:14:50
157,20,2025-01-09 19:16:50,1381,2025-01-09 19:16:50
158,21,2025-01-09 19:18:50,1381,2025-01-09 19:18:50
159,22,2025-01-09 19:20:50,1381,2025-01-09 19:20:50
160,23,2025-01-09 19:22:50,1381,2025-01-09 19:22:50
161,24,2025-01-09 19:24:50,1381,2025-01-09 19:24:50
162,25,2025-01-09 19:26:50,1381,2025-01-09 19:26:50
163,26,2025-01-09 19:28:50,1381,2025-01-09 19:28:50
164,27,2025-01-09 19:30:50,1381,2025-01-09 19:30:50
165,28,2025-01-09 19:33:50,1381,2025-01-09 19:33:50
166,29,2025-01-09 19:35:50,1381,2025-01-09 19:35:50
167,30,2025-01-09 19:37:50,1381,2025-01-09 19:37:50
168,31,2025-01-09 19:40:50,1381,2025-01-09 19:40:50
137,0,2025-01-09 18:38:50,1382,2025-01-09 18:38:50
138,1,2025-01-09 18:41:50,1382,2025-01-09 18:41:50
139,2,2025-01-09 18:43:50,1382,2025-01-09 18:43:50
140,3,2025-01-09 18:45:50,1382,2025-01-09 18:45:50
141,4,2025-01-09 18:46:50,1382,2025-01-09 18:46:50
142,5,2025-01-09 18:50:50,1382,2025-01-09 18:50:50
143,6,2025-01-09 18:53:50,1382,2025-01-09 18:53:50
144,7,2025-01-09 18:55:50,1382,2025-01-09 18:55:50
145,8,2025-01-09 18:57:50,1382,2025-01-09 18:57:50
146,9,2025-01-09 18:59:50,1382,2025-01-09 18:59:50
147,10,2025-01-09 19:01:50,1382,2025-01-09 19:01:50
148,11,2025-01-09 19:03:50,1382,2025-01-09 19:03:50
149,12,2025-01-09 19:05:50,1382,2025-01-09 19:05:50
150,13,2025-01-09 19:07:50,1382,2025-01-09 19:07:50
151,14,2025-01-09 19:08:50,1382,2025-01-09 19:08:50
152,15,2025-01-09 19:10:50,1382,2025-01-09 19:10:50
153,16,2025-01-09 19:13:50,1382,2025-01-09 19:13:50
154,17,2025-01-09 19:15:50,1382,2025-01-09 19:15:50
155,18,2025-01-09 19:17:50,1382,2025-01-09 19:17:50
156,19,2025-01-09 19:19:50,1382,2025-01-09 19:19:50
157,20,2025-01-09 19:21:50,1382,2025-01-09 19:21:50
158,21,2025-01-09 19:23:50,1382,2025-01-09 19:23:50
159,22,2025-01-09 19:25:50,1382,2025-01-09 19:25:50
160,23,2025-01-09 19:27:50,1382,2025-01-09 19:27:50
161,24,2025-01-09 19:29:50,1382,2025-01-09 19:29:50
162,25,2025-01-09 19:31:50,1382,2025-01-09 19:31:50
163,26,2025-01-09 19:33:50,1382,2025-01-09 19:33:50
164,27,2025-01-09 19:35:50,1382,2025-01-09 19:35:50
165,28,2025-01-09 19:38:50,1382,2025-01-09 19:38:50
166,29,2025-01-09 19:40:50,1382,2025-01-09 19:40:50
167,30,2025-01-09 19:42:50,1382,2025-01-09 19:42:50
168,31,2025-01-09 19:45:50,1382,2025-01-09 19:45:50
137,0,2025-01-09 18:43:50,1383,2025-01-09 18:43:50
138,1,2025-01-09 18:46:50,1383,2025-01-09 18:46:50
139,2,2025-01-09 18:48:50,1383,2025-01-09 18:48:50
140,3,2025-01-09 18:50:50,1383,2025-01-09 18:50:50
141,4,2025-01-09 18:51:50,1383,2025-01-09 18:51:50
142,5,2025-01-09 18:55:50,1383,2025-01-09 18:55:50
143,6,2025-01-09 18:58:50,1383,2025-01-09 18:58:50
144,7,2025-01-09 19:00:50,1383,2025-01-09 19:00:50
145,8,2025-01-09 19:02:50,1383,2025-01-09 19:02:50
146,9,2025-01-09 19:04:50,1383,2025-01-09 19:04:50
147,10,2025-01-09 19:06:50,1383,2025-01-09 19:06:50
148,11,2025-01-09 19:08:50,1383,2025-01-09 19:08:50
149,12,2025-01-09 19:10:50,1383,2025-01-09 19:10:50
150,13,2025-01-09 19:12:50,1383,2025-01-09 19:12:50
151,14,2025-01-09 19:13:50,1383,2025-01-09 19:13:50
152,15,2025-01-09 19:15:50,1383,2025-01-09 19:15:50
153,16,2025-01-09 19:18:50,1383,2025-01-09 19:18:50
154,17,2025-01-09 19:20:50,1383,2025-01-09 19:20:50
155,18,2025-01-09 19:22:50,1383,2025-01-09 19:22:50
156,19,2025-01-09 19:24:50,1383,2025-01-09 19:24:50
157,20,2025-01-09 19:26:50,1383,2025-01-09 19:26:50
158,21,2025-01-09 19:28:50,1383,2025-01-09 19:28:50
159,22,2025-01-09 19:30:50,1383,2025-01-09 19:30:50
160,23,2025-01-09 19:32:50,1383,2025-01-09 19:32:50
161,24,2025-01-09 19:34:50,1383,2025-01-09 19:34:50
162,25,2025-01-09 19:36:50,1383,2025-01-09 19:36:50
163,26,2025-01-09 19:38:50,1383,2025-01-09 19:38:50
164,27,2025-01-09 19:40:50,1383,2025-01-09 19:40:50
165,28,2025-01-09 19:43:50,1383,2025-01-09 19:43:50
166,29,2025-01-09 19:45:50,1383,2025-01-09 19:45:50
167,30,2025-01-09 19:47:50,1383,2025-01-09 19:47:50
168,31,2025-01-09 19:50:50,1383,2025-01-09 19:50:50
137,0,2025-01-09 18:48:50,1384,2025-01-09 18:48:50
138,1,2025-01-09 18:51:50,1384,2025-01-09 18:51:50
139,2,2025-01-09 18:53:50,1384,2025-01-09 18:53:50
140,3,2025-01-09 18:55:50,1384,2025-01-09 18:55:50
141,4,2025-01-09 18:56:50,1384,2025-01-09 18:56:50
142,5,2025-01-09 19:00:50,1384,2025-01-09 19:00:50
143,6,2025-01-09 19:03:50,1384,2025-01-09 19:03:50
144,7,2025-01-09 19:05:50,1384,2025-01-09 19:05:50
145,8,2025-01-09 19:07:50,1384,2025-01-09 19:07:50
146,9,2025-01-09 19:09:50,1384,2025-01-09 19:09:50
147,10,2025-01-09 19:11:50,1384,2025-01-09 19:11:50
148,11,2025-01-09 19:13:50,1384,2025-01-09 19:13:50
149,12,2025-01-09 19:15:50,1384,2025-01-09 19:15:50
150,13,2025-01-09 19:17:50,1384,2025-01-09 19:17:50
151,14,2025-01-09 19:18:50,1384,2025-01-09 19:18:50
152,15,2025-01-09 19:20:50,1384,2025-01-09 19:20:50
153,16,2025-01-09 19:23:50,1384,2025-01-09 19:23:50
154,17,2025-01-09 19:25:50,1384,2025-01-09 19:25:50
155,18,2025-01-09 19:27:50,1384,2025-01-09 19:27:50
156,19,2025-01-09 19:29:50,1384,2025-01-09 19:29:50
157,20,2025-01-09 19:31:50,1384,2025-01-09 19:31:50
158,21,2025-01-09 19:33:50,1384,2025-01-09 19:33:50
159,22,2025-01-09 19:35:50,1384,2025-01-09 19:35:50
160,23,2025-01-09 19:37:50,1384,2025-01-09 19:37:50
161,24,2025-01-09 19:39:50,1384,2025-01-09 19:39:50
162,25,2025-01-09 19:41:50,1384,2025-01-09 19:41:50
163,26,2025-01-09 19:43:50,1384,2025-01-09 19:43:50
164,27,2025-01-09 19:45:50,1384,2025-01-09 19:45:50
165,28,2025-01-09 19:48:50,1384,2025-01-09 19:48:50
166,29,2025-01-09 19:50:50,1384,2025-01-09 19:50:50
167,30,2025-01-09 19:52:50,1384,2025-01-09 19:52:50
168,31,2025-01-09 19:55:50,1384,2025-01-09 19:55:50
137,0,2025-01-09 18:53:50,1385,2025-01-09 18:53:50
138,1,2025-01-09 18:56:50,1385,2025-01-09 18:56:50
139,2,2025-01-09 18:58:50,1385,2025-01-09 18:58:50
140,3,2025-01-09 19:00:50,1385,2025-01-09 19:00:50
141,4,2025-01-09 19:01:50,1385,2025-01-09 19:01:50
142,5,2025-01-09 19:05:50,1385,2025-01-09 19:05:50
143,6,2025-01-09 19:08:50,1385,2025-01-09 19:08:50
144,7,2025-01-09 19:10:50,1385,2025-01-09 19:10:50
145,8,2025-01-09 19:12:50,1385,2025-01-09 19:12:50
146,9,2025-01-09 19:14:50,1385,2025-01-09 19:14:50
147,10,2025-01-09 19:16:50,1385,2025-01-09 19:16:50
148,11,2025-01-09 19:18:50,1385,2025-01-09 19:18:50
149,12,2025-01-09 19:20:50,1385,2025-01-09 19:20:50
150,13,2025-01-09 19:22:50,1385,2025-01-09 19:22:50
151,14,2025-01-09 19:23:50,1385,2025-01-09 19:23:50
152,15,2025-01-09 19:25:50,1385,2025-01-09 19:25:50
153,16,2025-01-09 19:28:50,1385,2025-01-09 19:28:50
154,17,2025-01-09 19:30:50,1385,2025-01-09 19:30:50
155,18,2025-01-09 19:32:50,1385,2025-01-09 19:32:50
156,19,2025-01-09 19:34:50,1385,2025-01-09 19:34:50
157,20,2025-01-09 19:36:50,1385,2025-01-09 19:36:50
158,21,2025-01-09 19:38:50,1385,2025-01-09 19:38:50
159,22,2025-01-09 19:40:50,1385,2025-01-09 19:40:50
160,23,2025-01-09 19:42:50,1385,2025-01-09 19:42:50
161,24,2025-01-09 19:44:50,1385,2025-01-09 19:44:50
162,25,2025-01-09 19:46:50,1385,2025-01-09 19:46:50
163,26,2025-01-09 19:48:50,1385,2025-01-09 19:48:50
164,27,2025-01-09 19:50:50,1385,2025-01-09 19:50:50
165,28,2025-01-09 19:53:50,1385,2025-01-09 19:53:50
166,29,2025-01-09 19:55:50,1385,2025-01-09 19:55:50
167,30,2025-01-09 19:57:50,1385,2025-01-09 19:57:50
168,31,2025-01-09 20:00:50,1385,2025-01-09 20:00:50
137,0,2025-01-09 18:59:50,1386,2025-01-09 18:59:50
138,1,2025-01-09 19:02:50,1386,2025-01-09 19:02:50
139,2,2025-01-09 19:04:50,1386,2025-01-09 19:04:50
140,3,2025-01-09 19:06:50,1386,2025-01-09 19:06:50
141,4,2025-01-09 19:07:50,1386,2025-01-09 19:07:50
142,5,2025-01-09 19:11:50,1386,2025-01-09 19:11:50
143,6,2025-01-09 19:14:50,1386,2025-01-09 19:14:50
144,7,2025-01-09 19:16:50,1386,2025-01-09 19:16:50
145,8,2025-01-09 19:18:50,1386,2025-01-09 19:18:50
146,9,2025-01-09 19:20:50,1386,2025-01-09 19:20:50
147,10,2025-01-09 19:22:50,1386,2025-01-09 19:22:50
148,11,2025-01-09 19:24:50,1386,2025-01-09 19:24:50
149,12,2025-01-09 19:26:50,1386,2025-01-09 19:26:50
150,13,2025-01-09 19:28:50,1386,2025-01-09 19:28:50
151,14,2025-01-09 19:29:50,1386,2025-01-09 19:29:50
152,15,2025-01-09 19:31:50,1386,2025-01-09 19:31:50
153,16,2025-01-09 19:34:50,1386,2025-01-09 19:34:50
154,17,2025-01-09 19:36:50,1386,2025-01-09 19:36:50
155,18,2025-01-09 19:38:50,1386,2025-01-09 19:38:50
156,19,2025-01-09 19:40:50,1386,2025-01-09 19:40:50
157,20,2025-01-09 19:42:50,1386,2025-01-09 19:42:50
158,21,2025-01-09 19:44:50,1386,2025-01-09 19:44:50
159,22,2025-01-09 19:46:50,1386,2025-01-09 19:46:50
160,23,2025-01-09 19:48:50,1386,2025-01-09 19:48:50
161,24,2025-01-09 19:50:50,1386,2025-01-09 19:50:50
162,25,2025-01-09 19:52:50,1386,2025-01-09 19:52:50
163,26,2025-01-09 19:54:50,1386,2025-01-09 19:54:50
164,27,2025-01-09 19:56:50,1386,2025-01-09 19:56:50
165,28,2025-01-09 19:59:50,1386,2025-01-09 19:59:50
166,29,2025-01-09 20:01:50,1386,2025-01-09 20:01:50
167,30,2025-01-09 20:03:50,1386,2025-01-09 20:03:50
168,31,2025-01-09 20:06:50,1386,2025-01-09 20:06:50
137,0,2025-01-09 19:05:50,1387,2025-01-09 19:05:50
138,1,2025-01-09 19:08:50,1387,2025-01-09 19:08:50
139,2,2025-01-09 19:10:50,1387,2025-01-09 19:10:50
140,3,2025-01-09 19:12:50,1387,2025-01-09 19:12:50
141,4,2025-01-09 19:13:50,1387,2025-01-09 19:13:50
142,5,2025-01-09 19:17:50,1387,2025-01-09 19:17:50
143,6,2025-01-09 19:20:50,1387,2025-01-09 19:20:50
144,7,2025-01-09 19:22:50,1387,2025-01-09 19:22:50
145,8,2025-01-09 19:24:50,1387,2025-01-09 19:24:50
146,9,2025-01-09 19:26:50,1387,2025-01-09 19:26:50
147,10,2025-01-09 19:28:50,1387,2025-01-09 19:28:50
148,11,2025-01-09 19:30:50,1387,2025-01-09 19:30:50
149,12,2025-01-09 19:32:50,1387,2025-01-09 19:32:50
150,13,2025-01-09 19:34:50,1387,2025-01-09 19:34:50
151,14,2025-01-09 19:35:50,1387,2025-01-09 19:35:50
152,15,2025-01-09 19:37:50,1387,2025-01-09 19:37:50
153,16,2025-01-09 19:40:50,1387,2025-01-09 19:40:50
154,17,2025-01-09 19:42:50,1387,2025-01-09 19:42:50
155,18,2025-01-09 19:44:50,1387,2025-01-09 19:44:50
156,19,2025-01-09 19:46:50,1387,2025-01-09 19:46:50
157,20,2025-01-09 19:48:50,1387,2025-01-09 19:48:50
158,21,2025-01-09 19:50:50,1387,2025-01-09 19:50:50
159,22,2025-01-09 19:52:50,1387,2025-01-09 19:52:50
160,23,2025-01-09 19:54:50,1387,2025-01-09 19:54:50
161,24,2025-01-09 19:56:50,1387,2025-01-09 19:56:50
162,25,2025-01-09 19:58:50,1387,2025-01-09 19:58:50
163,26,2025-01-09 20:00:50,1387,2025-01-09 20:00:50
164,27,2025-01-09 20:02:50,1387,2025-01-09 20:02:50
165,28,2025-01-09 20:05:50,1387,2025-01-09 20:05:50
166,29,2025-01-09 20:07:50,1387,2025-01-09 20:07:50
167,30,2025-01-09 20:09:50,1387,2025-01-09 20:09:50
168,31,2025-01-09 20:12:50,1387,2025-01-09 20:12:50
137,0,2025-01-09 19:11:50,1388,2025-01-09 19:11:50
138,1,2025-01-09 19:14:50,1388,2025-01-09 19:14:50
139,2,2025-01-09 19:16:50,1388,2025-01-09 19:16:50
140,3,2025-01-09 19:18:50,1388,2025-01-09 19:18:50
141,4,2025-01-09 19:19:50,1388,2025-01-09 19:19:50
142,5,2025-01-09 19:23:50,1388,2025-01-09 19:23:50
143,6,2025-01-09 19:26:50,1388,2025-01-09 19:26:50
144,7,2025-01-09 19:28:50,1388,2025-01-09 19:28:50
145,8,2025-01-09 19:30:50,1388,2025-01-09 19:30:50
146,9,2025-01-09 19:32:50,1388,2025-01-09 19:32:50
147,10,2025-01-09 19:34:50,1388,2025-01-09 19:34:50
148,11,2025-01-09 19:36:50,1388,2025-01-09 19:36:50
149,12,2025-01-09 19:38:50,1388,2025-01-09 19:38:50
150,13,2025-01-09 19:40:50,1388,2025-01-09 19:40:50
151,14,2025-01-09 19:41:50,1388,2025-01-09 19:41:50
152,15,2025-01-09 19:43:50,1388,2025-01-09 19:43:50
153,16,2025-01-09 19:46:50,1388,2025-01-09 19:46:50
154,17,2025-01-09 19:48:50,1388,2025-01-09 19:48:50
155,18,2025-01-09 19:50:50,1388,2025-01-09 19:50:50
156,19,2025-01-09 19:52:50,1388,2025-01-09 19:52:50
157,20,2025-01-09 19:54:50,1388,2025-01-09 19:54:50
158,21,2025-01-09 19:56:50,1388,2025-01-09 19:56:50
159,22,2025-01-09 19:58:50,1388,2025-01-09 19:58:50
160,23,2025-01-09 20:00:50,1388,2025-01-09 20:00:50
161,24,2025-01-09 20:02:50,1388,2025-01-09 20:02:50
162,25,2025-01-09 20:04:50,1388,2025-01-09 20:04:50
163,26,2025-01-09 20:06:50,1388,2025-01-09 20:06:50
164,27,2025-01-09 20:08:50,1388,2025-01-09 20:08:50
165,28,2025-01-09 20:11:50,1388,2025-01-09 20:11:50
166,29,2025-01-09 20:13:50,1388,2025-01-09 20:13:50
167,30,2025-01-09 20:15:50,1388,2025-01-09 20:15:50
168,31,2025-01-09 20:18:50,1388,2025-01-09 20:18:50
137,0,2025-01-09 19:17:50,1389,2025-01-09 19:17:50
138,1,2025-01-09 19:20:50,1389,2025-01-09 19:20:50
139,2,2025-01-09 19:22:50,1389,2025-01-09 19:22:50
140,3,2025-01-09 19:24:50,1389,2025-01-09 19:24:50
141,4,2025-01-09 19:25:50,1389,2025-01-09 19:25:50
142,5,2025-01-09 19:29:50,1389,2025-01-09 19:29:50
143,6,2025-01-09 19:32:50,1389,2025-01-09 19:32:50
144,7,2025-01-09 19:34:50,1389,2025-01-09 19:34:50
145,8,2025-01-09 19:36:50,1389,2025-01-09 19:36:50
146,9,2025-01-09 19:38:50,1389,2025-01-09 19:38:50
147,10,2025-01-09 19:40:50,1389,2025-01-09 19:40:50
148,11,2025-01-09 19:42:50,1389,2025-01-09 19:42:50
149,12,2025-01-09 19:44:50,1389,2025-01-09 19:44:50
150,13,2025-01-09 19:46:50,1389,2025-01-09 19:46:50
151,14,2025-01-09 19:47:50,1389,2025-01-09 19:47:50
152,15,2025-01-09 19:49:50,1389,2025-01-09 19:49:50
153,16,2025-01-09 19:52:50,1389,2025-01-09 19:52:50
154,17,2025-01-09 19:54:50,1389,2025-01-09 19:54:50
155,18,2025-01-09 19:56:50,1389,2025-01-09 19:56:50
156,19,2025-01-09 19:58:50,1389,2025-01-09 19:58:50
157,20,2025-01-09 20:00:50,1389,2025-01-09 20:00:50
158,21,2025-01-09 20:02:50,1389,2025-01-09 20:02:50
159,22,2025-01-09 20:04:50,1389,2025-01-09 20:04:50
160,23,2025-01-09 20:06:50,1389,2025-01-09 20:06:50
161,24,2025-01-09 20:08:50,1389,2025-01-09 20:08:50
162,25,2025-01-09 20:10:50,1389,2025-01-09 20:10:50
163,26,2025-01-09 20:12:50,1389,2025-01-09 20:12:50
164,27,2025-01-09 20:14:50,1389,2025-01-09 20:14:50
165,28,2025-01-09 20:17:50,1389,2025-01-09 20:17:50
166,29,2025-01-09 20:19:50,1389,2025-01-09 20:19:50
167,30,2025-01-09 20:21:50,1389,2025-01-09 20:21:50
168,31,2025-01-09 20:24:50,1389,2025-01-09 20:24:50
137,0,2025-01-09 19:23:50,1390,2025-01-09 19:23:50
138,1,2025-01-09 19:26:50,1390,2025-01-09 19:26:50
139,2,2025-01-09 19:28:50,1390,2025-01-09 19:28:50
140,3,2025-01-09 19:30:50,1390,2025-01-09 19:30:50
141,4,2025-01-09 19:31:50,1390,2025-01-09 19:31:50
142,5,2025-01-09 19:35:50,1390,2025-01-09 19:35:50
143,6,2025-01-09 19:38:50,1390,2025-01-09 19:38:50
144,7,2025-01-09 19:40:50,1390,2025-01-09 19:40:50
145,8,2025-01-09 19:42:50,1390,2025-01-09 19:42:50
146,9,2025-01-09 19:44:50,1390,2025-01-09 19:44:50
147,10,2025-01-09 19:46:50,1390,2025-01-09 19:46:50
148,11,2025-01-09 19:48:50,1390,2025-01-09 19:48:50
149,12,2025-01-09 19:50:50,1390,2025-01-09 19:50:50
150,13,2025-01-09 19:52:50,1390,2025-01-09 19:52:50
151,14,2025-01-09 19:53:50,1390,2025-01-09 19:53:50
152,15,2025-01-09 19:55:50,1390,2025-01-09 19:55:50
153,16,2025-01-09 19:58:50,1390,2025-01-09 19:58:50
154,17,2025-01-09 20:00:50,1390,2025-01-09 20:00:50
155,18,2025-01-09 20:02:50,1390,2025-01-09 20:02:50
156,19,2025-01-09 20:04:50,1390,2025-01-09 20:04:50
157,20,2025-01-09 20:06:50,1390,2025-01-09 20:06:50
158,21,2025-01-09 20:08:50,1390,2025-01-09 20:08:50
159,22,2025-01-09 20:10:50,1390,2025-01-09 20:10:50
160,23,2025-01-09 20:12:50,1390,2025-01-09 20:12:50
161,24,2025-01-09 20:14:50,1390,2025-01-09 20:14:50
162,25,2025-01-09 20:16:50,1390,2025-01-09 20:16:50
163,26,2025-01-09 20:18:50,1390,2025-01-09 20:18:50
164,27,2025-01-09 20:20:50,1390,2025-01-09 20:20:50
165,28,2025-01-09 20:23:50,1390,2025-01-09 20:23:50
166,29,2025-01-09 20:25:50,1390,2025-01-09 20:25:50
167,30,2025-01-09 20:27:50,1390,2025-01-09 20:27:50
168,31,2025-01-09 20:30:50,1390,2025-01-09 20:30:50
137,0,2025-01-09 19:29:50,1391,2025-01-09 19:29:50
138,1,2025-01-09 19:32:50,1391,2025-01-09 19:32:50
139,2,2025-01-09 19:34:50,1391,2025-01-09 19:34:50
140,3,2025-01-09 19:36:50,1391,2025-01-09 19:36:50
141,4,2025-01-09 19:37:50,1391,2025-01-09 19:37:50
142,5,2025-01-09 19:41:50,1391,2025-01-09 19:41:50
143,6,2025-01-09 19:44:50,1391,2025-01-09 19:44:50
144,7,2025-01-09 19:46:50,1391,2025-01-09 19:46:50
145,8,2025-01-09 19:48:50,1391,2025-01-09 19:48:50
146,9,2025-01-09 19:50:50,1391,2025-01-09 19:50:50
147,10,2025-01-09 19:52:50,1391,2025-01-09 19:52:50
148,11,2025-01-09 19:54:50,1391,2025-01-09 19:54:50
149,12,2025-01-09 19:56:50,1391,2025-01-09 19:56:50
150,13,2025-01-09 19:58:50,1391,2025-01-09 19:58:50
151,14,2025-01-09 19:59:50,1391,2025-01-09 19:59:50
152,15,2025-01-09 20:01:50,1391,2025-01-09 20:01:50
153,16,2025-01-09 20:04:50,1391,2025-01-09 20:04:50
154,17,2025-01-09 20:06:50,1391,2025-01-09 20:06:50
155,18,2025-01-09 20:08:50,1391,2025-01-09 20:08:50
156,19,2025-01-09 20:10:50,1391,2025-01-09 20:10:50
157,20,2025-01-09 20:12:50,1391,2025-01-09 20:12:50
158,21,2025-01-09 20:14:50,1391,2025-01-09 20:14:50
159,22,2025-01-09 20:16:50,1391,2025-01-09 20:16:50
160,23,2025-01-09 20:18:50,1391,2025-01-09 20:18:50
161,24,2025-01-09 20:20:50,1391,2025-01-09 20:20:50
162,25,2025-01-09 20:22:50,1391,2025-01-09 20:22:50
163,26,2025-01-09 20:24:50,1391,2025-01-09 20:24:50
164,27,2025-01-09 20:26:50,1391,2025-01-09 20:26:50
165,28,2025-01-09 20:29:50,1391,2025-01-09 20:29:50
166,29,2025-01-09 20:31:50,1391,2025-01-09 20:31:50
167,30,2025-01-09 20:33:50,1391,2025-01-09 20:33:50
168,31,2025-01-09 20:36:50,1391,2025-01-09 20:36:50
137,0,2025-01-09 19:35:50,1392,2025-01-09 19:35:50
138,1,2025-01-09 19:38:50,1392,2025-01-09 19:38:50
139,2,2025-01-09 19:40:50,1392,2025-01-09 19:40:50
140,3,2025-01-09 19:42:50,1392,2025-01-09 19:42:50
141,4,2025-01-09 19:43:50,1392,2025-01-09 19:43:50
142,5,2025-01-09 19:47:50,1392,2025-01-09 19:47:50
143,6,2025-01-09 19:50:50,1392,2025-01-09 19:50:50
144,7,2025-01-09 19:52:50,1392,2025-01-09 19:52:50
145,8,2025-01-09 19:54:50,1392,2025-01-09 19:54:50
146,9,2025-01-09 19:56:50,1392,2025-01-09 19:56:50
147,10,2025-01-09 19:58:50,1392,2025-01-09 19:58:50
148,11,2025-01-09 20:00:50,1392,2025-01-09 20:00:50
149,12,2025-01-09 20:02:50,1392,2025-01-09 20:02:50
150,13,2025-01-09 20:04:50,1392,2025-01-09 20:04:50
151,14,2025-01-09 20:05:50,1392,2025-01-09 20:05:50
152,15,2025-01-09 20:07:50,1392,2025-01-09 20:07:50
153,16,2025-01-09 20:10:50,1392,2025-01-09 20:10:50
154,17,2025-01-09 20:12:50,1392,2025-01-09 20:12:50
155,18,2025-01-09 20:14:50,1392,2025-01-09 20:14:50
156,19,2025-01-09 20:16:50,1392,2025-01-09 20:16:50
157,20,2025-01-09 20:18:50,1392,2025-01-09 20:18:50
158,21,2025-01-09 20:20:50,1392,2025-01-09 20:20:50
159,22,2025-01-09 20:22:50,1392,2025-01-09 20:22:50
160,23,2025-01-09 20:24:50,1392,2025-01-09 20:24:50
161,24,2025-01-09 20:26:50,1392,2025-01-09 20:26:50
162,25,2025-01-09 20:28:50,1392,2025-01-09 20:28:50
163,26,2025-01-09 20:30:50,1392,2025-01-09 20:30:50
164,27,2025-01-09 20:32:50,1392,2025-01-09 20:32:50
165,28,2025-01-09 20:35:50,1392,2025-01-09 20:35:50
166,29,2025-01-09 20:37:50,1392,2025-01-09 20:37:50
167,30,2025-01-09 20:39:50,1392,2025-01-09 20:39:50
168,31,2025-01-09 20:42:50,1392,2025-01-09 20:42:50
137,0,2025-01-09 19:41:50,1393,2025-01-09 19:41:50
138,1,2025-01-09 19:44:50,1393,2025-01-09 19:44:50
139,2,2025-01-09 19:46:50,1393,2025-01-09 19:46:50
140,3,2025-01-09 19:48:50,1393,2025-01-09 19:48:50
141,4,2025-01-09 19:49:50,1393,2025-01-09 19:49:50
142,5,2025-01-09 19:53:50,1393,2025-01-09 19:53:50
143,6,2025-01-09 19:56:50,1393,2025-01-09 19:56:50
144,7,2025-01-09 19:58:50,1393,2025-01-09 19:58:50
145,8,2025-01-09 20:00:50,1393,2025-01-09 20:00:50
146,9,2025-01-09 20:02:50,1393,2025-01-09 20:02:50
147,10,2025-01-09 20:04:50,1393,2025-01-09 20:04:50
148,11,2025-01-09 20:06:50,1393,2025-01-09 20:06:50
149,12,2025-01-09 20:08:50,1393,2025-01-09 20:08:50
150,13,2025-01-09 20:10:50,1393,2025-01-09 20:10:50
151,14,2025-01-09 20:11:50,1393,2025-01-09 20:11:50
152,15,2025-01-09 20:13:50,1393,2025-01-09 20:13:50
153,16,2025-01-09 20:16:50,1393,2025-01-09 20:16:50
154,17,2025-01-09 20:18:50,1393,2025-01-09 20:18:50
155,18,2025-01-09 20:20:50,1393,2025-01-09 20:20:50
156,19,2025-01-09 20:22:50,1393,2025-01-09 20:22:50
157,20,2025-01-09 20:24:50,1393,2025-01-09 20:24:50
158,21,2025-01-09 20:26:50,1393,2025-01-09 20:26:50
159,22,2025-01-09 20:28:50,1393,2025-01-09 20:28:50
160,23,2025-01-09 20:30:50,1393,2025-01-09 20:30:50
161,24,2025-01-09 20:32:50,1393,2025-01-09 20:32:50
162,25,2025-01-09 20:34:50,1393,2025-01-09 20:34:50
163,26,2025-01-09 20:36:50,1393,2025-01-09 20:36:50
164,27,2025-01-09 20:38:50,1393,2025-01-09 20:38:50
165,28,2025-01-09 20:41:50,1393,2025-01-09 20:41:50
166,29,2025-01-09 20:43:50,1393,2025-01-09 20:43:50
167,30,2025-01-09 20:45:50,1393,2025-01-09 20:45:50
168,31,2025-01-09 20:48:50,1393,2025-01-09 20:48:50
137,0,2025-01-09 19:47:50,1394,2025-01-09 19:47:50
138,1,2025-01-09 19:50:50,1394,2025-01-09 19:50:50
139,2,2025-01-09 19:52:50,1394,2025-01-09 19:52:50
140,3,2025-01-09 19:54:50,1394,2025-01-09 19:54:50
141,4,2025-01-09 19:55:50,1394,2025-01-09 19:55:50
142,5,2025-01-09 19:59:50,1394,2025-01-09 19:59:50
143,6,2025-01-09 20:02:50,1394,2025-01-09 20:02:50
144,7,2025-01-09 20:04:50,1394,2025-01-09 20:04:50
145,8,2025-01-09 20:06:50,1394,2025-01-09 20:06:50
146,9,2025-01-09 20:08:50,1394,2025-01-09 20:08:50
147,10,2025-01-09 20:10:50,1394,2025-01-09 20:10:50
148,11,2025-01-09 20:12:50,1394,2025-01-09 20:12:50
149,12,2025-01-09 20:14:50,1394,2025-01-09 20:14:50
150,13,2025-01-09 20:16:50,1394,2025-01-09 20:16:50
151,14,2025-01-09 20:17:50,1394,2025-01-09 20:17:50
152,15,2025-01-09 20:19:50,1394,2025-01-09 20:19:50
153,16,2025-01-09 20:22:50,1394,2025-01-09 20:22:50
154,17,2025-01-09 20:24:50,1394,2025-01-09 20:24:50
155,18,2025-01-09 20:26:50,1394,2025-01-09 20:26:50
156,19,2025-01-09 20:28:50,1394,2025-01-09 20:28:50
157,20,2025-01-09 20:30:50,1394,2025-01-09 20:30:50
158,21,2025-01-09 20:32:50,1394,2025-01-09 20:32:50
159,22,2025-01-09 20:34:50,1394,2025-01-09 20:34:50
160,23,2025-01-09 20:36:50,1394,2025-01-09 20:36:50
161,24,2025-01-09 20:38:50,1394,2025-01-09 20:38:50
162,25,2025-01-09 20:40:50,1394,2025-01-09 20:40:50
163,26,2025-01-09 20:42:50,1394,2025-01-09 20:42:50
164,27,2025-01-09 20:44:50,1394,2025-01-09 20:44:50
165,28,2025-01-09 20:47:50,1394,2025-01-09 20:47:50
166,29,2025-01-09 20:49:50,1394,2025-01-09 20:49:50
167,30,2025-01-09 20:51:50,1394,2025-01-09 20:51:50
168,31,2025-01-09 20:54:50,1394,2025-01-09 20:54:50
137,0,2025-01-09 19:53:50,1395,2025-01-09 19:53:50
138,1,2025-01-09 19:56:50,1395,2025-01-09 19:56:50
139,2,2025-01-09 19:58:50,1395,2025-01-09 19:58:50
140,3,2025-01-09 20:00:50,1395,2025-01-09 20:00:50
141,4,2025-01-09 20:01:50,1395,2025-01-09 20:01:50
142,5,2025-01-09 20:05:50,1395,2025-01-09 20:05:50
143,6,2025-01-09 20:08:50,1395,2025-01-09 20:08:50
144,7,2025-01-09 20:10:50,1395,2025-01-09 20:10:50
145,8,2025-01-09 20:12:50,1395,2025-01-09 20:12:50
146,9,2025-01-09 20:14:50,1395,2025-01-09 20:14:50
147,10,2025-01-09 20:16:50,1395,2025-01-09 20:16:50
148,11,2025-01-09 20:18:50,1395,2025-01-09 20:18:50
149,12,2025-01-09 20:20:50,1395,2025-01-09 20:20:50
150,13,2025-01-09 20:22:50,1395,2025-01-09 20:22:50
151,14,2025-01-09 20:23:50,1395,2025-01-09 20:23:50
152,15,2025-01-09 20:25:50,1395,2025-01-09 20:25:50
153,16,2025-01-09 20:28:50,1395,2025-01-09 20:28:50
154,17,2025-01-09 20:30:50,1395,2025-01-09 20:30:50
155,18,2025-01-09 20:32:50,1395,2025-01-09 20:32:50
156,19,2025-01-09 20:34:50,1395,2025-01-09 20:34:50
157,20,2025-01-09 20:36:50,1395,2025-01-09 20:36:50
158,21,2025-01-09 20:38:50,1395,2025-01-09 20:38:50
159,22,2025-01-09 20:40:50,1395,2025-01-09 20:40:50
160,23,2025-01-09 20:42:50,1395,2025-01-09 20:42:50
161,24,2025-01-09 20:44:50,1395,2025-01-09 20:44:50
162,25,2025-01-09 20:46:50,1395,2025-01-09 20:46:50
163,26,2025-01-09 20:48:50,1395,2025-01-09 20:48:50
164,27,2025-01-09 20:50:50,1395,2025-01-09 20:50:50
165,28,2025-01-09 20:53:50,1395,2025-01-09 20:53:50
166,29,2025-01-09 20:55:50,1395,2025-01-09 20:55:50
167,30,2025-01-09 20:57:50,1395,2025-01-09 20:57:50
168,31,2025-01-09 21:00:50,1395,2025-01-09 21:00:50
137,0,2025-01-09 19:59:50,1396,2025-01-09 19:59:50
138,1,2025-01-09 20:02:50,1396,2025-01-09 20:02:50
139,2,2025-01-09 20:04:50,1396,2025-01-09 20:04:50
140,3,2025-01-09 20:06:50,1396,2025-01-09 20:06:50
141,4,2025-01-09 20:07:50,1396,2025-01-09 20:07:50
142,5,2025-01-09 20:11:50,1396,2025-01-09 20:11:50
143,6,2025-01-09 20:14:50,1396,2025-01-09 20:14:50
144,7,2025-01-09 20:16:50,1396,2025-01-09 20:16:50
145,8,2025-01-09 20:18:50,1396,2025-01-09 20:18:50
146,9,2025-01-09 20:20:50,1396,2025-01-09 20:20:50
147,10,2025-01-09 20:22:50,1396,2025-01-09 20:22:50
148,11,2025-01-09 20:24:50,1396,2025-01-09 20:24:50
149,12,2025-01-09 20:26:50,1396,2025-01-09 20:26:50
150,13,2025-01-09 20:28:50,1396,2025-01-09 20:28:50
151,14,2025-01-09 20:29:50,1396,2025-01-09 20:29:50
152,15,2025-01-09 20:31:50,1396,2025-01-09 20:31:50
153,16,2025-01-09 20:34:50,1396,2025-01-09 20:34:50
154,17,2025-01-09 20:36:50,1396,2025-01-09 20:36:50
155,18,2025-01-09 20:38:50,1396,2025-01-09 20:38:50
156,19,2025-01-09 20:40:50,1396,2025-01-09 20:40:50
157,20,2025-01-09 20:42:50,1396,2025-01-09 20:42:50
158,21,2025-01-09 20:44:50,1396,2025-01-09 20:44:50
159,22,2025-01-09 20:46:50,1396,2025-01-09 20:46:50
160,23,2025-01-09 20:48:50,1396,2025-01-09 20:48:50
161,24,2025-01-09 20:50:50,1396,2025-01-09 20:50:50
162,25,2025-01-09 20:52:50,1396,2025-01-09 20:52:50
163,26,2025-01-09 20:54:50,1396,2025-01-09 20:54:50
164,27,2025-01-09 20:56:50,1396,2025-01-09 20:56:50
165,28,2025-01-09 20:59:50,1396,2025-01-09 20:59:50
166,29,2025-01-09 21:01:50,1396,2025-01-09 21:01:50
167,30,2025-01-09 21:03:50,1396,2025-01-09 21:03:50
168,31,2025-01-09 21:06:50,1396,2025-01-09 21:06:50
137,0,2025-01-09 20:07:50,1397,2025-01-09 20:07:50
138,1,2025-01-09 20:10:50,1397,2025-01-09 20:10:50
139,2,2025-01-09 20:12:50,1397,2025-01-09 20:12:50
140,3,2025-01-09 20:14:50,1397,2025-01-09 20:14:50
141,4,2025-01-09 20:15:50,1397,2025-01-09 20:15:50
142,5,2025-01-09 20:19:50,1397,2025-01-09 20:19:50
143,6,2025-01-09 20:22:50,1397,2025-01-09 20:22:50
144,7,2025-01-09 20:24:50,1397,2025-01-09 20:24:50
145,8,2025-01-09 20:26:50,1397,2025-01-09 20:26:50
146,9,2025-01-09 20:28:50,1397,2025-01-09 20:28:50
147,10,2025-01-09 20:30:50,1397,2025-01-09 20:30:50
148,11,2025-01-09 20:32:50,1397,2025-01-09 20:32:50
149,12,2025-01-09 20:34:50,1397,2025-01-09 20:34:50
150,13,2025-01-09 20:36:50,1397,2025-01-09 20:36:50
151,14,2025-01-09 20:37:50,1397,2025-01-09 20:37:50
152,15,2025-01-09 20:39:50,1397,2025-01-09 20:39:50
153,16,2025-01-09 20:42:50,1397,2025-01-09 20:42:50
154,17,2025-01-09 20:44:50,1397,2025-01-09 20:44:50
155,18,2025-01-09 20:46:50,1397,2025-01-09 20:46:50
156,19,2025-01-09 20:48:50,1397,2025-01-09 20:48:50
157,20,2025-01-09 20:50:50,1397,2025-01-09 20:50:50
158,21,2025-01-09 20:52:50,1397,2025-01-09 20:52:50
159,22,2025-01-09 20:54:50,1397,2025-01-09 20:54:50
160,23,2025-01-09 20:56:50,1397,2025-01-09 20:56:50
161,24,2025-01-09 20:58:50,1397,2025-01-09 20:58:50
162,25,2025-01-09 21:00:50,1397,2025-01-09 21:00:50
163,26,2025-01-09 21:02:50,1397,2025-01-09 21:02:50
164,27,2025-01-09 21:04:50,1397,2025-01-09 21:04:50
165,28,2025-01-09 21:07:50,1397,2025-01-09 21:07:50
166,29,2025-01-09 21:09:50,1397,2025-01-09 21:09:50
167,30,2025-01-09 21:11:50,1397,2025-01-09 21:11:50
168,31,2025-01-09 21:14:50,1397,2025-01-09 21:14:50
137,0,2025-01-09 20:15:50,1398,2025-01-09 20:15:50
138,1,2025-01-09 20:18:50,1398,2025-01-09 20:18:50
139,2,2025-01-09 20:20:50,1398,2025-01-09 20:20:50
140,3,2025-01-09 20:22:50,1398,2025-01-09 20:22:50
141,4,2025-01-09 20:23:50,1398,2025-01-09 20:23:50
142,5,2025-01-09 20:27:50,1398,2025-01-09 20:27:50
143,6,2025-01-09 20:30:50,1398,2025-01-09 20:30:50
144,7,2025-01-09 20:32:50,1398,2025-01-09 20:32:50
145,8,2025-01-09 20:34:50,1398,2025-01-09 20:34:50
146,9,2025-01-09 20:36:50,1398,2025-01-09 20:36:50
147,10,2025-01-09 20:38:50,1398,2025-01-09 20:38:50
148,11,2025-01-09 20:40:50,1398,2025-01-09 20:40:50
149,12,2025-01-09 20:42:50,1398,2025-01-09 20:42:50
150,13,2025-01-09 20:44:50,1398,2025-01-09 20:44:50
151,14,2025-01-09 20:45:50,1398,2025-01-09 20:45:50
152,15,2025-01-09 20:47:50,1398,2025-01-09 20:47:50
153,16,2025-01-09 20:50:50,1398,2025-01-09 20:50:50
154,17,2025-01-09 20:52:50,1398,2025-01-09 20:52:50
155,18,2025-01-09 20:54:50,1398,2025-01-09 20:54:50
156,19,2025-01-09 20:56:50,1398,2025-01-09 20:56:50
157,20,2025-01-09 20:58:50,1398,2025-01-09 20:58:50
158,21,2025-01-09 21:00:50,1398,2025-01-09 21:00:50
159,22,2025-01-09 21:02:50,1398,2025-01-09 21:02:50
160,23,2025-01-09 21:04:50,1398,2025-01-09 21:04:50
161,24,2025-01-09 21:06:50,1398,2025-01-09 21:06:50
162,25,2025-01-09 21:08:50,1398,2025-01-09 21:08:50
163,26,2025-01-09 21:10:50,1398,2025-01-09 21:10:50
164,27,2025-01-09 21:12:50,1398,2025-01-09 21:12:50
165,28,2025-01-09 21:15:50,1398,2025-01-09 21:15:50
166,29,2025-01-09 21:17:50,1398,2025-01-09 21:17:50
167,30,2025-01-09 21:19:50,1398,2025-01-09 21:19:50
168,31,2025-01-09 21:22:50,1398,2025-01-09 21:22:50
137,0,2025-01-09 20:23:50,1399,2025-01-09 20:23:50
138,1,2025-01-09 20:26:50,1399,2025-01-09 20:26:50
139,2,2025-01-09 20:28:50,1399,2025-01-09 20:28:50
140,3,2025-01-09 20:30:50,1399,2025-01-09 20:30:50
141,4,2025-01-09 20:31:50,1399,2025-01-09 20:31:50
142,5,2025-01-09 20:35:50,1399,2025-01-09 20:35:50
143,6,2025-01-09 20:38:50,1399,2025-01-09 20:38:50
144,7,2025-01-09 20:40:50,1399,2025-01-09 20:40:50
145,8,2025-01-09 20:42:50,1399,2025-01-09 20:42:50
146,9,2025-01-09 20:44:50,1399,2025-01-09 20:44:50
147,10,2025-01-09 20:46:50,1399,2025-01-09 20:46:50
148,11,2025-01-09 20:48:50,1399,2025-01-09 20:48:50
149,12,2025-01-09 20:50:50,1399,2025-01-09 20:50:50
150,13,2025-01-09 20:52:50,1399,2025-01-09 20:52:50
151,14,2025-01-09 20:53:50,1399,2025-01-09 20:53:50
152,15,2025-01-09 20:55:50,1399,2025-01-09 20:55:50
153,16,2025-01-09 20:58:50,1399,2025-01-09 20:58:50
154,17,2025-01-09 21:00:50,1399,2025-01-09 21:00:50
155,18,2025-01-09 21:02:50,1399,2025-01-09 21:02:50
156,19,2025-01-09 21:04:50,1399,2025-01-09 21:04:50
157,20,2025-01-09 21:06:50,1399,2025-01-09 21:06:50
158,21,2025-01-09 21:08:50,1399,2025-01-09 21:08:50
159,22,2025-01-09 21:10:50,1399,2025-01-09 21:10:50
160,23,2025-01-09 21:12:50,1399,2025-01-09 21:12:50
161,24,2025-01-09 21:14:50,1399,2025-01-09 21:14:50
162,25,2025-01-09 21:16:50,1399,2025-01-09 21:16:50
163,26,2025-01-09 21:18:50,1399,2025-01-09 21:18:50
164,27,2025-01-09 21:20:50,1399,2025-01-09 21:20:50
165,28,2025-01-09 21:23:50,1399,2025-01-09 21:23:50
166,29,2025-01-09 21:25:50,1399,2025-01-09 21:25:50
167,30,2025-01-09 21:27:50,1399,2025-01-09 21:27:50
168,31,2025-01-09 21:30:50,1399,2025-01-09 21:30:50
137,0,2025-01-09 20:31:50,1400,2025-01-09 20:31:50
138,1,2025-01-09 20:34:50,1400,2025-01-09 20:34:50
139,2,2025-01-09 20:36:50,1400,2025-01-09 20:36:50
140,3,2025-01-09 20:38:50,1400,2025-01-09 20:38:50
141,4,2025-01-09 20:39:50,1400,2025-01-09 20:39:50
142,5,2025-01-09 20:43:50,1400,2025-01-09 20:43:50
143,6,2025-01-09 20:46:50,1400,2025-01-09 20:46:50
144,7,2025-01-09 20:48:50,1400,2025-01-09 20:48:50
145,8,2025-01-09 20:50:50,1400,2025-01-09 20:50:50
146,9,2025-01-09 20:52:50,1400,2025-01-09 20:52:50
147,10,2025-01-09 20:54:50,1400,2025-01-09 20:54:50
148,11,2025-01-09 20:56:50,1400,2025-01-09 20:56:50
149,12,2025-01-09 20:58:50,1400,2025-01-09 20:58:50
150,13,2025-01-09 21:00:50,1400,2025-01-09 21:00:50
151,14,2025-01-09 21:01:50,1400,2025-01-09 21:01:50
152,15,2025-01-09 21:03:50,1400,2025-01-09 21:03:50
153,16,2025-01-09 21:06:50,1400,2025-01-09 21:06:50
154,17,2025-01-09 21:08:50,1400,2025-01-09 21:08:50
155,18,2025-01-09 21:10:50,1400,2025-01-09 21:10:50
156,19,2025-01-09 21:12:50,1400,2025-01-09 21:12:50
157,20,2025-01-09 21:14:50,1400,2025-01-09 21:14:50
158,21,2025-01-09 21:16:50,1400,2025-01-09 21:16:50
159,22,2025-01-09 21:18:50,1400,2025-01-09 21:18:50
160,23,2025-01-09 21:20:50,1400,2025-01-09 21:20:50
161,24,2025-01-09 21:22:50,1400,2025-01-09 21:22:50
162,25,2025-01-09 21:24:50,1400,2025-01-09 21:24:50
163,26,2025-01-09 21:26:50,1400,2025-01-09 21:26:50
164,27,2025-01-09 21:28:50,1400,2025-01-09 21:28:50
165,28,2025-01-09 21:31:50,1400,2025-01-09 21:31:50
166,29,2025-01-09 21:33:50,1400,2025-01-09 21:33:50
167,30,2025-01-09 21:35:50,1400,2025-01-09 21:35:50
168,31,2025-01-09 21:38:50,1400,2025-01-09 21:38:50
137,0,2025-01-09 20:39:50,1401,2025-01-09 20:39:50
138,1,2025-01-09 20:42:50,1401,2025-01-09 20:42:50
139,2,2025-01-09 20:44:50,1401,2025-01-09 20:44:50
140,3,2025-01-09 20:46:50,1401,2025-01-09 20:46:50
141,4,2025-01-09 20:47:50,1401,2025-01-09 20:47:50
142,5,2025-01-09 20:51:50,1401,2025-01-09 20:51:50
143,6,2025-01-09 20:54:50,1401,2025-01-09 20:54:50
144,7,2025-01-09 20:56:50,1401,2025-01-09 20:56:50
145,8,2025-01-09 20:58:50,1401,2025-01-09 20:58:50
146,9,2025-01-09 21:00:50,1401,2025-01-09 21:00:50
147,10,2025-01-09 21:02:50,1401,2025-01-09 21:02:50
148,11,2025-01-09 21:04:50,1401,2025-01-09 21:04:50
149,12,2025-01-09 21:06:50,1401,2025-01-09 21:06:50
150,13,2025-01-09 21:08:50,1401,2025-01-09 21:08:50
151,14,2025-01-09 21:09:50,1401,2025-01-09 21:09:50
152,15,2025-01-09 21:11:50,1401,2025-01-09 21:11:50
153,16,2025-01-09 21:14:50,1401,2025-01-09 21:14:50
154,17,2025-01-09 21:16:50,1401,2025-01-09 21:16:50
155,18,2025-01-09 21:18:50,1401,2025-01-09 21:18:50
156,19,2025-01-09 21:20:50,1401,2025-01-09 21:20:50
157,20,2025-01-09 21:22:50,1401,2025-01-09 21:22:50
158,21,2025-01-09 21:24:50,1401,2025-01-09 21:24:50
159,22,2025-01-09 21:26:50,1401,2025-01-09 21:26:50
160,23,2025-01-09 21:28:50,1401,2025-01-09 21:28:50
161,24,2025-01-09 21:30:50,1401,2025-01-09 21:30:50
162,25,2025-01-09 21:32:50,1401,2025-01-09 21:32:50
163,26,2025-01-09 21:34:50,1401,2025-01-09 21:34:50
164,27,2025-01-09 21:36:50,1401,2025-01-09 21:36:50
165,28,2025-01-09 21:39:50,1401,2025-01-09 21:39:50
166,29,2025-01-09 21:41:50,1401,2025-01-09 21:41:50
167,30,2025-01-09 21:43:50,1401,2025-01-09 21:43:50
168,31,2025-01-09 21:46:50,1401,2025-01-09 21:46:50
137,0,2025-01-09 20:49:50,1402,2025-01-09 20:49:50
138,1,2025-01-09 20:52:50,1402,2025-01-09 20:52:50
139,2,2025-01-09 20:54:50,1402,2025-01-09 20:54:50
140,3,2025-01-09 20:56:50,1402,2025-01-09 20:56:50
141,4,2025-01-09 20:57:50,1402,2025-01-09 20:57:50
142,5,2025-01-09 21:01:50,1402,2025-01-09 21:01:50
143,6,2025-01-09 21:04:50,1402,2025-01-09 21:04:50
144,7,2025-01-09 21:06:50,1402,2025-01-09 21:06:50
145,8,2025-01-09 21:08:50,1402,2025-01-09 21:08:50
146,9,2025-01-09 21:10:50,1402,2025-01-09 21:10:50
147,10,2025-01-09 21:12:50,1402,2025-01-09 21:12:50
148,11,2025-01-09 21:14:50,1402,2025-01-09 21:14:50
149,12,2025-01-09 21:16:50,1402,2025-01-09 21:16:50
150,13,2025-01-09 21:18:50,1402,2025-01-09 21:18:50
151,14,2025-01-09 21:19:50,1402,2025-01-09 21:19:50
152,15,2025-01-09 21:21:50,1402,2025-01-09 21:21:50
153,16,2025-01-09 21:24:50,1402,2025-01-09 21:24:50
154,17,2025-01-09 21:26:50,1402,2025-01-09 21:26:50
155,18,2025-01-09 21:28:50,1402,2025-01-09 21:28:50
156,19,2025-01-09 21:30:50,1402,2025-01-09 21:30:50
157,20,2025-01-09 21:32:50,1402,2025-01-09 21:32:50
158,21,2025-01-09 21:34:50,1402,2025-01-09 21:34:50
159,22,2025-01-09 21:36:50,1402,2025-01-09 21:36:50
160,23,2025-01-09 21:38:50,1402,2025-01-09 21:38:50
161,24,2025-01-09 21:40:50,1402,2025-01-09 21:40:50
162,25,2025-01-09 21:42:50,1402,2025-01-09 21:42:50
163,26,2025-01-09 21:44:50,1402,2025-01-09 21:44:50
164,27,2025-01-09 21:46:50,1402,2025-01-09 21:46:50
165,28,2025-01-09 21:49:50,1402,2025-01-09 21:49:50
166,29,2025-01-09 21:51:50,1402,2025-01-09 21:51:50
167,30,2025-01-09 21:53:50,1402,2025-01-09 21:53:50
168,31,2025-01-09 21:56:50,1402,2025-01-09 21:56:50
137,0,2025-01-09 20:59:50,1403,2025-01-09 20:59:50
138,1,2025-01-09 21:02:50,1403,2025-01-09 21:02:50
139,2,2025-01-09 21:04:50,1403,2025-01-09 21:04:50
140,3,2025-01-09 21:06:50,1403,2025-01-09 21:06:50
141,4,2025-01-09 21:07:50,1403,2025-01-09 21:07:50
142,5,2025-01-09 21:11:50,1403,2025-01-09 21:11:50
143,6,2025-01-09 21:14:50,1403,2025-01-09 21:14:50
144,7,2025-01-09 21:16:50,1403,2025-01-09 21:16:50
145,8,2025-01-09 21:18:50,1403,2025-01-09 21:18:50
146,9,2025-01-09 21:20:50,1403,2025-01-09 21:20:50
147,10,2025-01-09 21:22:50,1403,2025-01-09 21:22:50
148,11,2025-01-09 21:24:50,1403,2025-01-09 21:24:50
149,12,2025-01-09 21:26:50,1403,2025-01-09 21:26:50
150,13,2025-01-09 21:28:50,1403,2025-01-09 21:28:50
151,14,2025-01-09 21:29:50,1403,2025-01-09 21:29:50
152,15,2025-01-09 21:31:50,1403,2025-01-09 21:31:50
153,16,2025-01-09 21:34:50,1403,2025-01-09 21:34:50
154,17,2025-01-09 21:36:50,1403,2025-01-09 21:36:50
155,18,2025-01-09 21:38:50,1403,2025-01-09 21:38:50
156,19,2025-01-09 21:40:50,1403,2025-01-09 21:40:50
157,20,2025-01-09 21:42:50,1403,2025-01-09 21:42:50
158,21,2025-01-09 21:44:50,1403,2025-01-09 21:44:50
159,22,2025-01-09 21:46:50,1403,2025-01-09 21:46:50
160,23,2025-01-09 21:48:50,1403,2025-01-09 21:48:50
161,24,2025-01-09 21:50:50,1403,2025-01-09 21:50:50
162,25,2025-01-09 21:52:50,1403,2025-01-09 21:52:50
163,26,2025-01-09 21:54:50,1403,2025-01-09 21:54:50
164,27,2025-01-09 21:56:50,1403,2025-01-09 21:56:50
165,28,2025-01-09 21:59:50,1403,2025-01-09 21:59:50
166,29,2025-01-09 22:01:50,1403,2025-01-09 22:01:50
167,30,2025-01-09 22:03:50,1403,2025-01-09 22:03:50
168,31,2025-01-09 22:06:50,1403,2025-01-09 22:06:50
137,0,2025-01-09 21:09:50,1404,2025-01-09 21:09:50
138,1,2025-01-09 21:12:50,1404,2025-01-09 21:12:50
139,2,2025-01-09 21:14:50,1404,2025-01-09 21:14:50
140,3,2025-01-09 21:16:50,1404,2025-01-09 21:16:50
141,4,2025-01-09 21:17:50,1404,2025-01-09 21:17:50
142,5,2025-01-09 21:21:50,1404,2025-01-09 21:21:50
143,6,2025-01-09 21:24:50,1404,2025-01-09 21:24:50
144,7,2025-01-09 21:26:50,1404,2025-01-09 21:26:50
145,8,2025-01-09 21:28:50,1404,2025-01-09 21:28:50
146,9,2025-01-09 21:30:50,1404,2025-01-09 21:30:50
147,10,2025-01-09 21:32:50,1404,2025-01-09 21:32:50
148,11,2025-01-09 21:34:50,1404,2025-01-09 21:34:50
149,12,2025-01-09 21:36:50,1404,2025-01-09 21:36:50
150,13,2025-01-09 21:38:50,1404,2025-01-09 21:38:50
151,14,2025-01-09 21:39:50,1404,2025-01-09 21:39:50
152,15,2025-01-09 21:41:50,1404,2025-01-09 21:41:50
153,16,2025-01-09 21:44:50,1404,2025-01-09 21:44:50
154,17,2025-01-09 21:46:50,1404,2025-01-09 21:46:50
155,18,2025-01-09 21:48:50,1404,2025-01-09 21:48:50
156,19,2025-01-09 21:50:50,1404,2025-01-09 21:50:50
157,20,2025-01-09 21:52:50,1404,2025-01-09 21:52:50
158,21,2025-01-09 21:54:50,1404,2025-01-09 21:54:50
159,22,2025-01-09 21:56:50,1404,2025-01-09 21:56:50
160,23,2025-01-09 21:58:50,1404,2025-01-09 21:58:50
161,24,2025-01-09 22:00:50,1404,2025-01-09 22:00:50
162,25,2025-01-09 22:02:50,1404,2025-01-09 22:02:50
163,26,2025-01-09 22:04:50,1404,2025-01-09 22:04:50
164,27,2025-01-09 22:06:50,1404,2025-01-09 22:06:50
165,28,2025-01-09 22:09:50,1404,2025-01-09 22:09:50
166,29,2025-01-09 22:11:50,1404,2025-01-09 22:11:50
167,30,2025-01-09 22:13:50,1404,2025-01-09 22:13:50
168,31,2025-01-09 22:16:50,1404,2025-01-09 22:16:50
137,0,2025-01-09 21:19:50,1405,2025-01-09 21:19:50
138,1,2025-01-09 21:22:50,1405,2025-01-09 21:22:50
139,2,2025-01-09 21:24:50,1405,2025-01-09 21:24:50
140,3,2025-01-09 21:26:50,1405,2025-01-09 21:26:50
141,4,2025-01-09 21:27:50,1405,2025-01-09 21:27:50
142,5,2025-01-09 21:31:50,1405,2025-01-09 21:31:50
143,6,2025-01-09 21:34:50,1405,2025-01-09 21:34:50
144,7,2025-01-09 21:36:50,1405,2025-01-09 21:36:50
145,8,2025-01-09 21:38:50,1405,2025-01-09 21:38:50
146,9,2025-01-09 21:40:50,1405,2025-01-09 21:40:50
147,10,2025-01-09 21:42:50,1405,2025-01-09 21:42:50
148,11,2025-01-09 21:44:50,1405,2025-01-09 21:44:50
149,12,2025-01-09 21:46:50,1405,2025-01-09 21:46:50
150,13,2025-01-09 21:48:50,1405,2025-01-09 21:48:50
151,14,2025-01-09 21:49:50,1405,2025-01-09 21:49:50
152,15,2025-01-09 21:51:50,1405,2025-01-09 21:51:50
153,16,2025-01-09 21:54:50,1405,2025-01-09 21:54:50
154,17,2025-01-09 21:56:50,1405,2025-01-09 21:56:50
155,18,2025-01-09 21:58:50,1405,2025-01-09 21:58:50
156,19,2025-01-09 22:00:50,1405,2025-01-09 22:00:50
157,20,2025-01-09 22:02:50,1405,2025-01-09 22:02:50
158,21,2025-01-09 22:04:50,1405,2025-01-09 22:04:50
159,22,2025-01-09 22:06:50,1405,2025-01-09 22:06:50
160,23,2025-01-09 22:08:50,1405,2025-01-09 22:08:50
161,24,2025-01-09 22:10:50,1405,2025-01-09 22:10:50
162,25,2025-01-09 22:12:50,1405,2025-01-09 22:12:50
163,26,2025-01-09 22:14:50,1405,2025-01-09 22:14:50
164,27,2025-01-09 22:16:50,1405,2025-01-09 22:16:50
165,28,2025-01-09 22:19:50,1405,2025-01-09 22:19:50
166,29,2025-01-09 22:21:50,1405,2025-01-09 22:21:50
167,30,2025-01-09 22:23:50,1405,2025-01-09 22:23:50
168,31,2025-01-09 22:26:50,1405,2025-01-09 22:26:50
137,0,2025-01-09 21:29:50,1406,2025-01-09 21:29:50
138,1,2025-01-09 21:32:50,1406,2025-01-09 21:32:50
139,2,2025-01-09 21:34:50,1406,2025-01-09 21:34:50
140,3,2025-01-09 21:36:50,1406,2025-01-09 21:36:50
141,4,2025-01-09 21:37:50,1406,2025-01-09 21:37:50
142,5,2025-01-09 21:41:50,1406,2025-01-09 21:41:50
143,6,2025-01-09 21:44:50,1406,2025-01-09 21:44:50
144,7,2025-01-09 21:46:50,1406,2025-01-09 21:46:50
145,8,2025-01-09 21:48:50,1406,2025-01-09 21:48:50
146,9,2025-01-09 21:50:50,1406,2025-01-09 21:50:50
147,10,2025-01-09 21:52:50,1406,2025-01-09 21:52:50
148,11,2025-01-09 21:54:50,1406,2025-01-09 21:54:50
149,12,2025-01-09 21:56:50,1406,2025-01-09 21:56:50
150,13,2025-01-09 21:58:50,1406,2025-01-09 21:58:50
151,14,2025-01-09 21:59:50,1406,2025-01-09 21:59:50
152,15,2025-01-09 22:01:50,1406,2025-01-09 22:01:50
153,16,2025-01-09 22:04:50,1406,2025-01-09 22:04:50
154,17,2025-01-09 22:06:50,1406,2025-01-09 22:06:50
155,18,2025-01-09 22:08:50,1406,2025-01-09 22:08:50
156,19,2025-01-09 22:10:50,1406,2025-01-09 22:10:50
157,20,2025-01-09 22:12:50,1406,2025-01-09 22:12:50
158,21,2025-01-09 22:14:50,1406,2025-01-09 22:14:50
159,22,2025-01-09 22:16:50,1406,2025-01-09 22:16:50
160,23,2025-01-09 22:18:50,1406,2025-01-09 22:18:50
161,24,2025-01-09 22:20:50,1406,2025-01-09 22:20:50
162,25,2025-01-09 22:22:50,1406,2025-01-09 22:22:50
163,26,2025-01-09 22:24:50,1406,2025-01-09 22:24:50
164,27,2025-01-09 22:26:50,1406,2025-01-09 22:26:50
165,28,2025-01-09 22:29:50,1406,2025-01-09 22:29:50
166,29,2025-01-09 22:31:50,1406,2025-01-09 22:31:50
167,30,2025-01-09 22:33:50,1406,2025-01-09 22:33:50
168,31,2025-01-09 22:36:50,1406,2025-01-09 22:36:50
137,0,2025-01-09 21:39:50,1407,2025-01-09 21:39:50
138,1,2025-01-09 21:42:50,1407,2025-01-09 21:42:50
139,2,2025-01-09 21:44:50,1407,2025-01-09 21:44:50
140,3,2025-01-09 21:46:50,1407,2025-01-09 21:46:50
141,4,2025-01-09 21:47:50,1407,2025-01-09 21:47:50
142,5,2025-01-09 21:51:50,1407,2025-01-09 21:51:50
143,6,2025-01-09 21:54:50,1407,2025-01-09 21:54:50
144,7,2025-01-09 21:56:50,1407,2025-01-09 21:56:50
145,8,2025-01-09 21:58:50,1407,2025-01-09 21:58:50
146,9,2025-01-09 22:00:50,1407,2025-01-09 22:00:50
147,10,2025-01-09 22:02:50,1407,2025-01-09 22:02:50
148,11,2025-01-09 22:04:50,1407,2025-01-09 22:04:50
149,12,2025-01-09 22:06:50,1407,2025-01-09 22:06:50
150,13,2025-01-09 22:08:50,1407,2025-01-09 22:08:50
151,14,2025-01-09 22:09:50,1407,2025-01-09 22:09:50
152,15,2025-01-09 22:11:50,1407,2025-01-09 22:11:50
153,16,2025-01-09 22:14:50,1407,2025-01-09 22:14:50
154,17,2025-01-09 22:16:50,1407,2025-01-09 22:16:50
155,18,2025-01-09 22:18:50,1407,2025-01-09 22:18:50
156,19,2025-01-09 22:20:50,1407,2025-01-09 22:20:50
157,20,2025-01-09 22:22:50,1407,2025-01-09 22:22:50
158,21,2025-01-09 22:24:50,1407,2025-01-09 22:24:50
159,22,2025-01-09 22:26:50,1407,2025-01-09 22:26:50
160,23,2025-01-09 22:28:50,1407,2025-01-09 22:28:50
161,24,2025-01-09 22:30:50,1407,2025-01-09 22:30:50
162,25,2025-01-09 22:32:50,1407,2025-01-09 22:32:50
163,26,2025-01-09 22:34:50,1407,2025-01-09 22:34:50
164,27,2025-01-09 22:36:50,1407,2025-01-09 22:36:50
165,28,2025-01-09 22:39:50,1407,2025-01-09 22:39:50
166,29,2025-01-09 22:41:50,1407,2025-01-09 22:41:50
167,30,2025-01-09 22:43:50,1407,2025-01-09 22:43:50
168,31,2025-01-09 22:46:50,1407,2025-01-09 22:46:50
137,0,2025-01-09 21:49:50,1408,2025-01-09 21:49:50
138,1,2025-01-09 21:52:50,1408,2025-01-09 21:52:50
139,2,2025-01-09 21:54:50,1408,2025-01-09 21:54:50
140,3,2025-01-09 21:56:50,1408,2025-01-09 21:56:50
141,4,2025-01-09 21:57:50,1408,2025-01-09 21:57:50
142,5,2025-01-09 22:01:50,1408,2025-01-09 22:01:50
143,6,2025-01-09 22:04:50,1408,2025-01-09 22:04:50
144,7,2025-01-09 22:06:50,1408,2025-01-09 22:06:50
145,8,2025-01-09 22:08:50,1408,2025-01-09 22:08:50
146,9,2025-01-09 22:10:50,1408,2025-01-09 22:10:50
147,10,2025-01-09 22:12:50,1408,2025-01-09 22:12:50
148,11,2025-01-09 22:14:50,1408,2025-01-09 22:14:50
149,12,2025-01-09 22:16:50,1408,2025-01-09 22:16:50
150,13,2025-01-09 22:18:50,1408,2025-01-09 22:18:50
151,14,2025-01-09 22:19:50,1408,2025-01-09 22:19:50
152,15,2025-01-09 22:21:50,1408,2025-01-09 22:21:50
153,16,2025-01-09 22:24:50,1408,2025-01-09 22:24:50
154,17,2025-01-09 22:26:50,1408,2025-01-09 22:26:50
155,18,2025-01-09 22:28:50,1408,2025-01-09 22:28:50
156,19,2025-01-09 22:30:50,1408,2025-01-09 22:30:50
157,20,2025-01-09 22:32:50,1408,2025-01-09 22:32:50
158,21,2025-01-09 22:34:50,1408,2025-01-09 22:34:50
159,22,2025-01-09 22:36:50,1408,2025-01-09 22:36:50
160,23,2025-01-09 22:38:50,1408,2025-01-09 22:38:50
161,24,2025-01-09 22:40:50,1408,2025-01-09 22:40:50
162,25,2025-01-09 22:42:50,1408,2025-01-09 22:42:50
163,26,2025-01-09 22:44:50,1408,2025-01-09 22:44:50
164,27,2025-01-09 22:46:50,1408,2025-01-09 22:46:50
165,28,2025-01-09 22:49:50,1408,2025-01-09 22:49:50
166,29,2025-01-09 22:51:50,1408,2025-01-09 22:51:50
167,30,2025-01-09 22:53:50,1408,2025-01-09 22:53:50
168,31,2025-01-09 22:56:50,1408,2025-01-09 22:56:50
137,0,2025-01-09 21:59:50,1409,2025-01-09 21:59:50
138,1,2025-01-09 22:02:50,1409,2025-01-09 22:02:50
139,2,2025-01-09 22:04:50,1409,2025-01-09 22:04:50
140,3,2025-01-09 22:06:50,1409,2025-01-09 22:06:50
141,4,2025-01-09 22:07:50,1409,2025-01-09 22:07:50
142,5,2025-01-09 22:11:50,1409,2025-01-09 22:11:50
143,6,2025-01-09 22:14:50,1409,2025-01-09 22:14:50
144,7,2025-01-09 22:16:50,1409,2025-01-09 22:16:50
145,8,2025-01-09 22:18:50,1409,2025-01-09 22:18:50
146,9,2025-01-09 22:20:50,1409,2025-01-09 22:20:50
147,10,2025-01-09 22:22:50,1409,2025-01-09 22:22:50
148,11,2025-01-09 22:24:50,1409,2025-01-09 22:24:50
149,12,2025-01-09 22:26:50,1409,2025-01-09 22:26:50
150,13,2025-01-09 22:28:50,1409,2025-01-09 22:28:50
151,14,2025-01-09 22:29:50,1409,2025-01-09 22:29:50
152,15,2025-01-09 22:31:50,1409,2025-01-09 22:31:50
153,16,2025-01-09 22:34:50,1409,2025-01-09 22:34:50
154,17,2025-01-09 22:36:50,1409,2025-01-09 22:36:50
155,18,2025-01-09 22:38:50,1409,2025-01-09 22:38:50
156,19,2025-01-09 22:40:50,1409,2025-01-09 22:40:50
157,20,2025-01-09 22:42:50,1409,2025-01-09 22:42:50
158,21,2025-01-09 22:44:50,1409,2025-01-09 22:44:50
159,22,2025-01-09 22:46:50,1409,2025-01-09 22:46:50
160,23,2025-01-09 22:48:50,1409,2025-01-09 22:48:50
161,24,2025-01-09 22:50:50,1409,2025-01-09 22:50:50
162,25,2025-01-09 22:52:50,1409,2025-01-09 22:52:50
163,26,2025-01-09 22:54:50,1409,2025-01-09 22:54:50
164,27,2025-01-09 22:56:50,1409,2025-01-09 22:56:50
165,28,2025-01-09 22:59:50,1409,2025-01-09 22:59:50
166,29,2025-01-09 23:01:50,1409,2025-01-09 23:01:50
167,30,2025-01-09 23:03:50,1409,2025-01-09 23:03:50
168,31,2025-01-09 23:06:50,1409,2025-01-09 23:06:50
137,0,2025-01-09 22:09:50,1410,2025-01-09 22:09:50
138,1,2025-01-09 22:12:50,1410,2025-01-09 22:12:50
139,2,2025-01-09 22:14:50,1410,2025-01-09 22:14:50
140,3,2025-01-09 22:16:50,1410,2025-01-09 22:16:50
141,4,2025-01-09 22:17:50,1410,2025-01-09 22:17:50
142,5,2025-01-09 22:21:50,1410,2025-01-09 22:21:50
143,6,2025-01-09 22:24:50,1410,2025-01-09 22:24:50
144,7,2025-01-09 22:26:50,1410,2025-01-09 22:26:50
145,8,2025-01-09 22:28:50,1410,2025-01-09 22:28:50
146,9,2025-01-09 22:30:50,1410,2025-01-09 22:30:50
147,10,2025-01-09 22:32:50,1410,2025-01-09 22:32:50
148,11,2025-01-09 22:34:50,1410,2025-01-09 22:34:50
149,12,2025-01-09 22:36:50,1410,2025-01-09 22:36:50
150,13,2025-01-09 22:38:50,1410,2025-01-09 22:38:50
151,14,2025-01-09 22:39:50,1410,2025-01-09 22:39:50
152,15,2025-01-09 22:41:50,1410,2025-01-09 22:41:50
153,16,2025-01-09 22:44:50,1410,2025-01-09 22:44:50
154,17,2025-01-09 22:46:50,1410,2025-01-09 22:46:50
155,18,2025-01-09 22:48:50,1410,2025-01-09 22:48:50
156,19,2025-01-09 22:50:50,1410,2025-01-09 22:50:50
157,20,2025-01-09 22:52:50,1410,2025-01-09 22:52:50
158,21,2025-01-09 22:54:50,1410,2025-01-09 22:54:50
159,22,2025-01-09 22:56:50,1410,2025-01-09 22:56:50
160,23,2025-01-09 22:58:50,1410,2025-01-09 22:58:50
161,24,2025-01-09 23:00:50,1410,2025-01-09 23:00:50
162,25,2025-01-09 23:02:50,1410,2025-01-09 23:02:50
163,26,2025-01-09 23:04:50,1410,2025-01-09 23:04:50
164,27,2025-01-09 23:06:50,1410,2025-01-09 23:06:50
165,28,2025-01-09 23:09:50,1410,2025-01-09 23:09:50
166,29,2025-01-09 23:11:50,1410,2025-01-09 23:11:50
167,30,2025-01-09 23:13:50,1410,2025-01-09 23:13:50
168,31,2025-01-09 23:16:50,1410,2025-01-09 23:16:50
137,0,2025-01-09 22:24:50,1411,2025-01-09 22:24:50
138,1,2025-01-09 22:27:50,1411,2025-01-09 22:27:50
139,2,2025-01-09 22:29:50,1411,2025-01-09 22:29:50
140,3,2025-01-09 22:31:50,1411,2025-01-09 22:31:50
141,4,2025-01-09 22:32:50,1411,2025-01-09 22:32:50
142,5,2025-01-09 22:36:50,1411,2025-01-09 22:36:50
143,6,2025-01-09 22:39:50,1411,2025-01-09 22:39:50
144,7,2025-01-09 22:41:50,1411,2025-01-09 22:41:50
145,8,2025-01-09 22:43:50,1411,2025-01-09 22:43:50
146,9,2025-01-09 22:45:50,1411,2025-01-09 22:45:50
147,10,2025-01-09 22:47:50,1411,2025-01-09 22:47:50
148,11,2025-01-09 22:49:50,1411,2025-01-09 22:49:50
149,12,2025-01-09 22:51:50,1411,2025-01-09 22:51:50
150,13,2025-01-09 22:53:50,1411,2025-01-09 22:53:50
151,14,2025-01-09 22:54:50,1411,2025-01-09 22:54:50
152,15,2025-01-09 22:56:50,1411,2025-01-09 22:56:50
153,16,2025-01-09 22:59:50,1411,2025-01-09 22:59:50
154,17,2025-01-09 23:01:50,1411,2025-01-09 23:01:50
155,18,2025-01-09 23:03:50,1411,2025-01-09 23:03:50
156,19,2025-01-09 23:05:50,1411,2025-01-09 23:05:50
157,20,2025-01-09 23:07:50,1411,2025-01-09 23:07:50
158,21,2025-01-09 23:09:50,1411,2025-01-09 23:09:50
159,22,2025-01-09 23:11:50,1411,2025-01-09 23:11:50
160,23,2025-01-09 23:13:50,1411,2025-01-09 23:13:50
161,24,2025-01-09 23:15:50,1411,2025-01-09 23:15:50
162,25,2025-01-09 23:17:50,1411,2025-01-09 23:17:50
163,26,2025-01-09 23:19:50,1411,2025-01-09 23:19:50
164,27,2025-01-09 23:21:50,1411,2025-01-09 23:21:50
165,28,2025-01-09 23:24:50,1411,2025-01-09 23:24:50
166,29,2025-01-09 23:26:50,1411,2025-01-09 23:26:50
167,30,2025-01-09 23:28:50,1411,2025-01-09 23:28:50
168,31,2025-01-09 23:31:50,1411,2025-01-09 23:31:50
137,0,2025-01-09 22:39:50,1412,2025-01-09 22:39:50
138,1,2025-01-09 22:42:50,1412,2025-01-09 22:42:50
139,2,2025-01-09 22:44:50,1412,2025-01-09 22:44:50
140,3,2025-01-09 22:46:50,1412,2025-01-09 22:46:50
141,4,2025-01-09 22:47:50,1412,2025-01-09 22:47:50
142,5,2025-01-09 22:51:50,1412,2025-01-09 22:51:50
143,6,2025-01-09 22:54:50,1412,2025-01-09 22:54:50
144,7,2025-01-09 22:56:50,1412,2025-01-09 22:56:50
145,8,2025-01-09 22:58:50,1412,2025-01-09 22:58:50
146,9,2025-01-09 23:00:50,1412,2025-01-09 23:00:50
147,10,2025-01-09 23:02:50,1412,2025-01-09 23:02:50
148,11,2025-01-09 23:04:50,1412,2025-01-09 23:04:50
149,12,2025-01-09 23:06:50,1412,2025-01-09 23:06:50
150,13,2025-01-09 23:08:50,1412,2025-01-09 23:08:50
151,14,2025-01-09 23:09:50,1412,2025-01-09 23:09:50
152,15,2025-01-09 23:11:50,1412,2025-01-09 23:11:50
153,16,2025-01-09 23:14:50,1412,2025-01-09 23:14:50
154,17,2025-01-09 23:16:50,1412,2025-01-09 23:16:50
155,18,2025-01-09 23:18:50,1412,2025-01-09 23:18:50
156,19,2025-01-09 23:20:50,1412,2025-01-09 23:20:50
157,20,2025-01-09 23:22:50,1412,2025-01-09 23:22:50
158,21,2025-01-09 23:24:50,1412,2025-01-09 23:24:50
159,22,2025-01-09 23:26:50,1412,2025-01-09 23:26:50
160,23,2025-01-09 23:28:50,1412,2025-01-09 23:28:50
161,24,2025-01-09 23:30:50,1412,2025-01-09 23:30:50
162,25,2025-01-09 23:32:50,1412,2025-01-09 23:32:50
163,26,2025-01-09 23:34:50,1412,2025-01-09 23:34:50
164,27,2025-01-09 23:36:50,1412,2025-01-09 23:36:50
165,28,2025-01-09 23:39:50,1412,2025-01-09 23:39:50
166,29,2025-01-09 23:41:50,1412,2025-01-09 23:41:50
167,30,2025-01-09 23:43:50,1412,2025-01-09 23:43:50
168,31,2025-01-09 23:46:50,1412,2025-01-09 23:46:50
137,0,2025-01-09 22:54:50,1413,2025-01-09 22:54:50
138,1,2025-01-09 22:57:50,1413,2025-01-09 22:57:50
139,2,2025-01-09 22:59:50,1413,2025-01-09 22:59:50
140,3,2025-01-09 23:01:50,1413,2025-01-09 23:01:50
141,4,2025-01-09 23:02:50,1413,2025-01-09 23:02:50
142,5,2025-01-09 23:06:50,1413,2025-01-09 23:06:50
143,6,2025-01-09 23:09:50,1413,2025-01-09 23:09:50
144,7,2025-01-09 23:11:50,1413,2025-01-09 23:11:50
145,8,2025-01-09 23:13:50,1413,2025-01-09 23:13:50
146,9,2025-01-09 23:15:50,1413,2025-01-09 23:15:50
147,10,2025-01-09 23:17:50,1413,2025-01-09 23:17:50
148,11,2025-01-09 23:19:50,1413,2025-01-09 23:19:50
149,12,2025-01-09 23:21:50,1413,2025-01-09 23:21:50
150,13,2025-01-09 23:23:50,1413,2025-01-09 23:23:50
151,14,2025-01-09 23:24:50,1413,2025-01-09 23:24:50
152,15,2025-01-09 23:26:50,1413,2025-01-09 23:26:50
153,16,2025-01-09 23:29:50,1413,2025-01-09 23:29:50
154,17,2025-01-09 23:31:50,1413,2025-01-09 23:31:50
155,18,2025-01-09 23:33:50,1413,2025-01-09 23:33:50
156,19,2025-01-09 23:35:50,1413,2025-01-09 23:35:50
157,20,2025-01-09 23:37:50,1413,2025-01-09 23:37:50
158,21,2025-01-09 23:39:50,1413,2025-01-09 23:39:50
159,22,2025-01-09 23:41:50,1413,2025-01-09 23:41:50
160,23,2025-01-09 23:43:50,1413,2025-01-09 23:43:50
161,24,2025-01-09 23:45:50,1413,2025-01-09 23:45:50
162,25,2025-01-09 23:47:50,1413,2025-01-09 23:47:50
163,26,2025-01-09 23:49:50,1413,2025-01-09 23:49:50
164,27,2025-01-09 23:51:50,1413,2025-01-09 23:51:50
165,28,2025-01-09 23:54:50,1413,2025-01-09 23:54:50
166,29,2025-01-09 23:56:50,1413,2025-01-09 23:56:50
167,30,2025-01-09 23:58:50,1413,2025-01-09 23:58:50
168,31,2025-01-10 00:01:50,1413,2025-01-10 00:01:50
168,0,2025-01-09 05:00:00,1414,2025-01-09 05:00:00
167,1,2025-01-09 05:03:00,1414,2025-01-09 05:03:00
166,2,2025-01-09 05:05:00,1414,2025-01-09 05:05:00
165,3,2025-01-09 05:07:00,1414,2025-01-09 05:07:00
164,4,2025-01-09 05:10:00,1414,2025-01-09 05:10:00
163,5,2025-01-09 05:12:00,1414,2025-01-09 05:12:00
162,6,2025-01-09 05:14:00,1414,2025-01-09 05:14:00
161,7,2025-01-09 05:16:00,1414,2025-01-09 05:16:00
160,8,2025-01-09 05:18:00,1414,2025-01-09 05:18:00
159,9,2025-01-09 05:20:00,1414,2025-01-09 05:20:00
158,10,2025-01-09 05:22:00,1414,2025-01-09 05:22:00
157,11,2025-01-09 05:24:00,1414,2025-01-09 05:24:00
156,12,2025-01-09 05:26:00,1414,2025-01-09 05:26:00
155,13,2025-01-09 05:28:00,1414,2025-01-09 05:28:00
154,14,2025-01-09 05:30:00,1414,2025-01-09 05:30:00
153,15,2025-01-09 05:32:00,1414,2025-01-09 05:32:00
152,16,2025-01-09 05:35:00,1414,2025-01-09 05:35:00
151,17,2025-01-09 05:37:00,1414,2025-01-09 05:37:00
150,18,2025-01-09 05:38:00,1414,2025-01-09 05:38:00
149,19,2025-01-09 05:40:00,1414,2025-01-09 05:40:00
148,20,2025-01-09 05:42:00,1414,2025-01-09 05:42:00
147,21,2025-01-09 05:44:00,1414,2025-01-09 05:44:00
146,22,2025-01-09 05:46:00,1414,2025-01-09 05:46:00
145,23,2025-01-09 05:48:00,1414,2025-01-09 05:48:00
144,24,2025-01-09 05:50:00,1414,2025-01-09 05:50:00
143,25,2025-01-09 05:52:00,1414,2025-01-09 05:52:00
142,26,2025-01-09 05:55:00,1414,2025-01-09 05:55:00
141,27,2025-01-09 05:59:00,1414,2025-01-09 05:59:00
140,28,2025-01-09 06:00:00,1414,2025-01-09 06:00:00
139,29,2025-01-09 06:02:00,1414,2025-01-09 06:02:00
138,30,2025-01-09 06:04:00,1414,2025-01-09 06:04:00
137,31,2025-01-09 06:07:00,1414,2025-01-09 06:07:00
168,0,2025-01-09 05:15:00,1415,2025-01-09 05:15:00
167,1,2025-01-09 05:18:00,1415,2025-01-09 05:18:00
166,2,2025-01-09 05:20:00,1415,2025-01-09 05:20:00
165,3,2025-01-09 05:22:00,1415,2025-01-09 05:22:00
164,4,2025-01-09 05:25:00,1415,2025-01-09 05:25:00
163,5,2025-01-09 05:27:00,1415,2025-01-09 05:27:00
162,6,2025-01-09 05:29:00,1415,2025-01-09 05:29:00
161,7,2025-01-09 05:31:00,1415,2025-01-09 05:31:00
160,8,2025-01-09 05:33:00,1415,2025-01-09 05:33:00
159,9,2025-01-09 05:35:00,1415,2025-01-09 05:35:00
158,10,2025-01-09 05:37:00,1415,2025-01-09 05:37:00
157,11,2025-01-09 05:39:00,1415,2025-01-09 05:39:00
156,12,2025-01-09 05:41:00,1415,2025-01-09 05:41:00
155,13,2025-01-09 05:43:00,1415,2025-01-09 05:43:00
154,14,2025-01-09 05:45:00,1415,2025-01-09 05:45:00
153,15,2025-01-09 05:47:00,1415,2025-01-09 05:47:00
152,16,2025-01-09 05:50:00,1415,2025-01-09 05:50:00
151,17,2025-01-09 05:52:00,1415,2025-01-09 05:52:00
150,18,2025-01-09 05:53:00,1415,2025-01-09 05:53:00
149,19,2025-01-09 05:55:00,1415,2025-01-09 05:55:00
148,20,2025-01-09 05:57:00,1415,2025-01-09 05:57:00
147,21,2025-01-09 05:59:00,1415,2025-01-09 05:59:00
146,22,2025-01-09 06:01:00,1415,2025-01-09 06:01:00
145,23,2025-01-09 06:03:00,1415,2025-01-09 06:03:00
144,24,2025-01-09 06:05:00,1415,2025-01-09 06:05:00
143,25,2025-01-09 06:07:00,1415,2025-01-09 06:07:00
142,26,2025-01-09 06:10:00,1415,2025-01-09 06:10:00
141,27,2025-01-09 06:14:00,1415,2025-01-09 06:14:00
140,28,2025-01-09 06:15:00,1415,2025-01-09 06:15:00
139,29,2025-01-09 06:17:00,1415,2025-01-09 06:17:00
138,30,2025-01-09 06:19:00,1415,2025-01-09 06:19:00
137,31,2025-01-09 06:22:00,1415,2025-01-09 06:22:00
168,0,2025-01-09 05:30:00,1416,2025-01-09 05:30:00
167,1,2025-01-09 05:33:00,1416,2025-01-09 05:33:00
166,2,2025-01-09 05:35:00,1416,2025-01-09 05:35:00
165,3,2025-01-09 05:37:00,1416,2025-01-09 05:37:00
164,4,2025-01-09 05:40:00,1416,2025-01-09 05:40:00
163,5,2025-01-09 05:42:00,1416,2025-01-09 05:42:00
162,6,2025-01-09 05:44:00,1416,2025-01-09 05:44:00
161,7,2025-01-09 05:46:00,1416,2025-01-09 05:46:00
160,8,2025-01-09 05:48:00,1416,2025-01-09 05:48:00
159,9,2025-01-09 05:50:00,1416,2025-01-09 05:50:00
158,10,2025-01-09 05:52:00,1416,2025-01-09 05:52:00
157,11,2025-01-09 05:54:00,1416,2025-01-09 05:54:00
156,12,2025-01-09 05:56:00,1416,2025-01-09 05:56:00
155,13,2025-01-09 05:58:00,1416,2025-01-09 05:58:00
154,14,2025-01-09 06:00:00,1416,2025-01-09 06:00:00
153,15,2025-01-09 06:02:00,1416,2025-01-09 06:02:00
152,16,2025-01-09 06:05:00,1416,2025-01-09 06:05:00
151,17,2025-01-09 06:07:00,1416,2025-01-09 06:07:00
150,18,2025-01-09 06:08:00,1416,2025-01-09 06:08:00
149,19,2025-01-09 06:10:00,1416,2025-01-09 06:10:00
148,20,2025-01-09 06:12:00,1416,2025-01-09 06:12:00
147,21,2025-01-09 06:14:00,1416,2025-01-09 06:14:00
146,22,2025-01-09 06:16:00,1416,2025-01-09 06:16:00
145,23,2025-01-09 06:18:00,1416,2025-01-09 06:18:00
144,24,2025-01-09 06:20:00,1416,2025-01-09 06:20:00
143,25,2025-01-09 06:22:00,1416,2025-01-09 06:22:00
142,26,2025-01-09 06:25:00,1416,2025-01-09 06:25:00
141,27,2025-01-09 06:29:00,1416,2025-01-09 06:29:00
140,28,2025-01-09 06:30:00,1416,2025-01-09 06:30:00
139,29,2025-01-09 06:32:00,1416,2025-01-09 06:32:00
138,30,2025-01-09 06:34:00,1416,2025-01-09 06:34:00
137,31,2025-01-09 06:37:00,1416,2025-01-09 06:37:00
168,0,2025-01-09 05:45:00,1417,2025-01-09 05:45:00
167,1,2025-01-09 05:48:00,1417,2025-01-09 05:48:00
166,2,2025-01-09 05:50:00,1417,2025-01-09 05:50:00
165,3,2025-01-09 05:52:00,1417,2025-01-09 05:52:00
164,4,2025-01-09 05:55:00,1417,2025-01-09 05:55:00
163,5,2025-01-09 05:57:00,1417,2025-01-09 05:57:00
162,6,2025-01-09 05:59:00,1417,2025-01-09 05:59:00
161,7,2025-01-09 06:01:00,1417,2025-01-09 06:01:00
160,8,2025-01-09 06:03:00,1417,2025-01-09 06:03:00
159,9,2025-01-09 06:05:00,1417,2025-01-09 06:05:00
158,10,2025-01-09 06:07:00,1417,2025-01-09 06:07:00
157,11,2025-01-09 06:09:00,1417,2025-01-09 06:09:00
156,12,2025-01-09 06:11:00,1417,2025-01-09 06:11:00
155,13,2025-01-09 06:13:00,1417,2025-01-09 06:13:00
154,14,2025-01-09 06:15:00,1417,2025-01-09 06:15:00
153,15,2025-01-09 06:17:00,1417,2025-01-09 06:17:00
152,16,2025-01-09 06:20:00,1417,2025-01-09 06:20:00
151,17,2025-01-09 06:22:00,1417,2025-01-09 06:22:00
150,18,2025-01-09 06:23:00,1417,2025-01-09 06:23:00
149,19,2025-01-09 06:25:00,1417,2025-01-09 06:25:00
148,20,2025-01-09 06:27:00,1417,2025-01-09 06:27:00
147,21,2025-01-09 06:29:00,1417,2025-01-09 06:29:00
146,22,2025-01-09 06:31:00,1417,2025-01-09 06:31:00
145,23,2025-01-09 06:33:00,1417,2025-01-09 06:33:00
144,24,2025-01-09 06:35:00,1417,2025-01-09 06:35:00
143,25,2025-01-09 06:37:00,1417,2025-01-09 06:37:00
142,26,2025-01-09 06:40:00,1417,2025-01-09 06:40:00
141,27,2025-01-09 06:44:00,1417,2025-01-09 06:44:00
140,28,2025-01-09 06:45:00,1417,2025-01-09 06:45:00
139,29,2025-01-09 06:47:00,1417,2025-01-09 06:47:00
138,30,2025-01-09 06:49:00,1417,2025-01-09 06:49:00
137,31,2025-01-09 06:52:00,1417,2025-01-09 06:52:00
168,0,2025-01-09 06:00:00,1418,2025-01-09 06:00:00
167,1,2025-01-09 06:03:00,1418,2025-01-09 06:03:00
166,2,2025-01-09 06:05:00,1418,2025-01-09 06:05:00
165,3,2025-01-09 06:07:00,1418,2025-01-09 06:07:00
164,4,2025-01-09 06:10:00,1418,2025-01-09 06:10:00
163,5,2025-01-09 06:12:00,1418,2025-01-09 06:12:00
162,6,2025-01-09 06:14:00,1418,2025-01-09 06:14:00
161,7,2025-01-09 06:16:00,1418,2025-01-09 06:16:00
160,8,2025-01-09 06:18:00,1418,2025-01-09 06:18:00
159,9,2025-01-09 06:20:00,1418,2025-01-09 06:20:00
158,10,2025-01-09 06:22:00,1418,2025-01-09 06:22:00
157,11,2025-01-09 06:24:00,1418,2025-01-09 06:24:00
156,12,2025-01-09 06:26:00,1418,2025-01-09 06:26:00
155,13,2025-01-09 06:28:00,1418,2025-01-09 06:28:00
154,14,2025-01-09 06:30:00,1418,2025-01-09 06:30:00
153,15,2025-01-09 06:32:00,1418,2025-01-09 06:32:00
152,16,2025-01-09 06:35:00,1418,2025-01-09 06:35:00
151,17,2025-01-09 06:37:00,1418,2025-01-09 06:37:00
150,18,2025-01-09 06:38:00,1418,2025-01-09 06:38:00
149,19,2025-01-09 06:40:00,1418,2025-01-09 06:40:00
148,20,2025-01-09 06:42:00,1418,2025-01-09 06:42:00
147,21,2025-01-09 06:44:00,1418,2025-01-09 06:44:00
146,22,2025-01-09 06:46:00,1418,2025-01-09 06:46:00
145,23,2025-01-09 06:48:00,1418,2025-01-09 06:48:00
144,24,2025-01-09 06:50:00,1418,2025-01-09 06:50:00
143,25,2025-01-09 06:52:00,1418,2025-01-09 06:52:00
142,26,2025-01-09 06:55:00,1418,2025-01-09 06:55:00
141,27,2025-01-09 06:59:00,1418,2025-01-09 06:59:00
140,28,2025-01-09 07:00:00,1418,2025-01-09 07:00:00
139,29,2025-01-09 07:02:00,1418,2025-01-09 07:02:00
138,30,2025-01-09 07:04:00,1418,2025-01-09 07:04:00
137,31,2025-01-09 07:07:00,1418,2025-01-09 07:07:00
168,0,2025-01-09 06:15:00,1419,2025-01-09 06:15:00
167,1,2025-01-09 06:18:00,1419,2025-01-09 06:18:00
166,2,2025-01-09 06:20:00,1419,2025-01-09 06:20:00
165,3,2025-01-09 06:22:00,1419,2025-01-09 06:22:00
164,4,2025-01-09 06:25:00,1419,2025-01-09 06:25:00
163,5,2025-01-09 06:27:00,1419,2025-01-09 06:27:00
162,6,2025-01-09 06:29:00,1419,2025-01-09 06:29:00
161,7,2025-01-09 06:31:00,1419,2025-01-09 06:31:00
160,8,2025-01-09 06:33:00,1419,2025-01-09 06:33:00
159,9,2025-01-09 06:35:00,1419,2025-01-09 06:35:00
158,10,2025-01-09 06:37:00,1419,2025-01-09 06:37:00
157,11,2025-01-09 06:39:00,1419,2025-01-09 06:39:00
156,12,2025-01-09 06:41:00,1419,2025-01-09 06:41:00
155,13,2025-01-09 06:43:00,1419,2025-01-09 06:43:00
154,14,2025-01-09 06:45:00,1419,2025-01-09 06:45:00
153,15,2025-01-09 06:47:00,1419,2025-01-09 06:47:00
152,16,2025-01-09 06:50:00,1419,2025-01-09 06:50:00
151,17,2025-01-09 06:52:00,1419,2025-01-09 06:52:00
150,18,2025-01-09 06:53:00,1419,2025-01-09 06:53:00
149,19,2025-01-09 06:55:00,1419,2025-01-09 06:55:00
148,20,2025-01-09 06:57:00,1419,2025-01-09 06:57:00
147,21,2025-01-09 06:59:00,1419,2025-01-09 06:59:00
146,22,2025-01-09 07:01:00,1419,2025-01-09 07:01:00
145,23,2025-01-09 07:03:00,1419,2025-01-09 07:03:00
144,24,2025-01-09 07:05:00,1419,2025-01-09 07:05:00
143,25,2025-01-09 07:07:00,1419,2025-01-09 07:07:00
142,26,2025-01-09 07:10:00,1419,2025-01-09 07:10:00
141,27,2025-01-09 07:14:00,1419,2025-01-09 07:14:00
140,28,2025-01-09 07:15:00,1419,2025-01-09 07:15:00
139,29,2025-01-09 07:17:00,1419,2025-01-09 07:17:00
138,30,2025-01-09 07:19:00,1419,2025-01-09 07:19:00
137,31,2025-01-09 07:22:00,1419,2025-01-09 07:22:00
168,0,2025-01-09 06:25:00,1420,2025-01-09 06:25:00
167,1,2025-01-09 06:28:00,1420,2025-01-09 06:28:00
166,2,2025-01-09 06:30:00,1420,2025-01-09 06:30:00
165,3,2025-01-09 06:32:00,1420,2025-01-09 06:32:00
164,4,2025-01-09 06:35:00,1420,2025-01-09 06:35:00
163,5,2025-01-09 06:37:00,1420,2025-01-09 06:37:00
162,6,2025-01-09 06:39:00,1420,2025-01-09 06:39:00
161,7,2025-01-09 06:41:00,1420,2025-01-09 06:41:00
160,8,2025-01-09 06:43:00,1420,2025-01-09 06:43:00
159,9,2025-01-09 06:45:00,1420,2025-01-09 06:45:00
158,10,2025-01-09 06:47:00,1420,2025-01-09 06:47:00
157,11,2025-01-09 06:49:00,1420,2025-01-09 06:49:00
156,12,2025-01-09 06:51:00,1420,2025-01-09 06:51:00
155,13,2025-01-09 06:53:00,1420,2025-01-09 06:53:00
154,14,2025-01-09 06:55:00,1420,2025-01-09 06:55:00
153,15,2025-01-09 06:57:00,1420,2025-01-09 06:57:00
152,16,2025-01-09 07:00:00,1420,2025-01-09 07:00:00
151,17,2025-01-09 07:02:00,1420,2025-01-09 07:02:00
150,18,2025-01-09 07:03:00,1420,2025-01-09 07:03:00
149,19,2025-01-09 07:05:00,1420,2025-01-09 07:05:00
148,20,2025-01-09 07:07:00,1420,2025-01-09 07:07:00
147,21,2025-01-09 07:09:00,1420,2025-01-09 07:09:00
146,22,2025-01-09 07:11:00,1420,2025-01-09 07:11:00
145,23,2025-01-09 07:13:00,1420,2025-01-09 07:13:00
144,24,2025-01-09 07:15:00,1420,2025-01-09 07:15:00
143,25,2025-01-09 07:17:00,1420,2025-01-09 07:17:00
142,26,2025-01-09 07:20:00,1420,2025-01-09 07:20:00
141,27,2025-01-09 07:24:00,1420,2025-01-09 07:24:00
140,28,2025-01-09 07:25:00,1420,2025-01-09 07:25:00
139,29,2025-01-09 07:27:00,1420,2025-01-09 07:27:00
138,30,2025-01-09 07:29:00,1420,2025-01-09 07:29:00
137,31,2025-01-09 07:32:00,1420,2025-01-09 07:32:00
168,0,2025-01-09 06:35:00,1421,2025-01-09 06:35:00
167,1,2025-01-09 06:38:00,1421,2025-01-09 06:38:00
166,2,2025-01-09 06:40:00,1421,2025-01-09 06:40:00
165,3,2025-01-09 06:42:00,1421,2025-01-09 06:42:00
164,4,2025-01-09 06:45:00,1421,2025-01-09 06:45:00
163,5,2025-01-09 06:47:00,1421,2025-01-09 06:47:00
162,6,2025-01-09 06:49:00,1421,2025-01-09 06:49:00
161,7,2025-01-09 06:51:00,1421,2025-01-09 06:51:00
160,8,2025-01-09 06:53:00,1421,2025-01-09 06:53:00
159,9,2025-01-09 06:55:00,1421,2025-01-09 06:55:00
158,10,2025-01-09 06:57:00,1421,2025-01-09 06:57:00
157,11,2025-01-09 06:59:00,1421,2025-01-09 06:59:00
156,12,2025-01-09 07:01:00,1421,2025-01-09 07:01:00
155,13,2025-01-09 07:03:00,1421,2025-01-09 07:03:00
154,14,2025-01-09 07:05:00,1421,2025-01-09 07:05:00
153,15,2025-01-09 07:07:00,1421,2025-01-09 07:07:00
152,16,2025-01-09 07:10:00,1421,2025-01-09 07:10:00
151,17,2025-01-09 07:12:00,1421,2025-01-09 07:12:00
150,18,2025-01-09 07:13:00,1421,2025-01-09 07:13:00
149,19,2025-01-09 07:15:00,1421,2025-01-09 07:15:00
148,20,2025-01-09 07:17:00,1421,2025-01-09 07:17:00
147,21,2025-01-09 07:19:00,1421,2025-01-09 07:19:00
146,22,2025-01-09 07:21:00,1421,2025-01-09 07:21:00
145,23,2025-01-09 07:23:00,1421,2025-01-09 07:23:00
144,24,2025-01-09 07:25:00,1421,2025-01-09 07:25:00
143,25,2025-01-09 07:27:00,1421,2025-01-09 07:27:00
142,26,2025-01-09 07:30:00,1421,2025-01-09 07:30:00
141,27,2025-01-09 07:34:00,1421,2025-01-09 07:34:00
140,28,2025-01-09 07:35:00,1421,2025-01-09 07:35:00
139,29,2025-01-09 07:37:00,1421,2025-01-09 07:37:00
138,30,2025-01-09 07:39:00,1421,2025-01-09 07:39:00
137,31,2025-01-09 07:42:00,1421,2025-01-09 07:42:00
168,0,2025-01-09 06:45:00,1422,2025-01-09 06:45:00
167,1,2025-01-09 06:48:00,1422,2025-01-09 06:48:00
166,2,2025-01-09 06:50:00,1422,2025-01-09 06:50:00
165,3,2025-01-09 06:52:00,1422,2025-01-09 06:52:00
164,4,2025-01-09 06:55:00,1422,2025-01-09 06:55:00
163,5,2025-01-09 06:57:00,1422,2025-01-09 06:57:00
162,6,2025-01-09 06:59:00,1422,2025-01-09 06:59:00
161,7,2025-01-09 07:01:00,1422,2025-01-09 07:01:00
160,8,2025-01-09 07:03:00,1422,2025-01-09 07:03:00
159,9,2025-01-09 07:05:00,1422,2025-01-09 07:05:00
158,10,2025-01-09 07:07:00,1422,2025-01-09 07:07:00
157,11,2025-01-09 07:09:00,1422,2025-01-09 07:09:00
156,12,2025-01-09 07:11:00,1422,2025-01-09 07:11:00
155,13,2025-01-09 07:13:00,1422,2025-01-09 07:13:00
154,14,2025-01-09 07:15:00,1422,2025-01-09 07:15:00
153,15,2025-01-09 07:17:00,1422,2025-01-09 07:17:00
152,16,2025-01-09 07:20:00,1422,2025-01-09 07:20:00
151,17,2025-01-09 07:22:00,1422,2025-01-09 07:22:00
150,18,2025-01-09 07:23:00,1422,2025-01-09 07:23:00
149,19,2025-01-09 07:25:00,1422,2025-01-09 07:25:00
148,20,2025-01-09 07:27:00,1422,2025-01-09 07:27:00
147,21,2025-01-09 07:29:00,1422,2025-01-09 07:29:00
146,22,2025-01-09 07:31:00,1422,2025-01-09 07:31:00
145,23,2025-01-09 07:33:00,1422,2025-01-09 07:33:00
144,24,2025-01-09 07:35:00,1422,2025-01-09 07:35:00
143,25,2025-01-09 07:37:00,1422,2025-01-09 07:37:00
142,26,2025-01-09 07:40:00,1422,2025-01-09 07:40:00
141,27,2025-01-09 07:44:00,1422,2025-01-09 07:44:00
140,28,2025-01-09 07:45:00,1422,2025-01-09 07:45:00
139,29,2025-01-09 07:47:00,1422,2025-01-09 07:47:00
138,30,2025-01-09 07:49:00,1422,2025-01-09 07:49:00
137,31,2025-01-09 07:52:00,1422,2025-01-09 07:52:00
168,0,2025-01-09 06:55:00,1423,2025-01-09 06:55:00
167,1,2025-01-09 06:58:00,1423,2025-01-09 06:58:00
166,2,2025-01-09 07:00:00,1423,2025-01-09 07:00:00
165,3,2025-01-09 07:02:00,1423,2025-01-09 07:02:00
164,4,2025-01-09 07:05:00,1423,2025-01-09 07:05:00
163,5,2025-01-09 07:07:00,1423,2025-01-09 07:07:00
162,6,2025-01-09 07:09:00,1423,2025-01-09 07:09:00
161,7,2025-01-09 07:11:00,1423,2025-01-09 07:11:00
160,8,2025-01-09 07:13:00,1423,2025-01-09 07:13:00
159,9,2025-01-09 07:15:00,1423,2025-01-09 07:15:00
158,10,2025-01-09 07:17:00,1423,2025-01-09 07:17:00
157,11,2025-01-09 07:19:00,1423,2025-01-09 07:19:00
156,12,2025-01-09 07:21:00,1423,2025-01-09 07:21:00
155,13,2025-01-09 07:23:00,1423,2025-01-09 07:23:00
154,14,2025-01-09 07:25:00,1423,2025-01-09 07:25:00
153,15,2025-01-09 07:27:00,1423,2025-01-09 07:27:00
152,16,2025-01-09 07:30:00,1423,2025-01-09 07:30:00
151,17,2025-01-09 07:32:00,1423,2025-01-09 07:32:00
150,18,2025-01-09 07:33:00,1423,2025-01-09 07:33:00
149,19,2025-01-09 07:35:00,1423,2025-01-09 07:35:00
148,20,2025-01-09 07:37:00,1423,2025-01-09 07:37:00
147,21,2025-01-09 07:39:00,1423,2025-01-09 07:39:00
146,22,2025-01-09 07:41:00,1423,2025-01-09 07:41:00
145,23,2025-01-09 07:43:00,1423,2025-01-09 07:43:00
144,24,2025-01-09 07:45:00,1423,2025-01-09 07:45:00
143,25,2025-01-09 07:47:00,1423,2025-01-09 07:47:00
142,26,2025-01-09 07:50:00,1423,2025-01-09 07:50:00
141,27,2025-01-09 07:54:00,1423,2025-01-09 07:54:00
140,28,2025-01-09 07:55:00,1423,2025-01-09 07:55:00
139,29,2025-01-09 07:57:00,1423,2025-01-09 07:57:00
138,30,2025-01-09 07:59:00,1423,2025-01-09 07:59:00
137,31,2025-01-09 08:02:00,1423,2025-01-09 08:02:00
168,0,2025-01-09 07:05:00,1424,2025-01-09 07:05:00
167,1,2025-01-09 07:08:00,1424,2025-01-09 07:08:00
166,2,2025-01-09 07:10:00,1424,2025-01-09 07:10:00
165,3,2025-01-09 07:12:00,1424,2025-01-09 07:12:00
164,4,2025-01-09 07:15:00,1424,2025-01-09 07:15:00
163,5,2025-01-09 07:17:00,1424,2025-01-09 07:17:00
162,6,2025-01-09 07:19:00,1424,2025-01-09 07:19:00
161,7,2025-01-09 07:21:00,1424,2025-01-09 07:21:00
160,8,2025-01-09 07:23:00,1424,2025-01-09 07:23:00
159,9,2025-01-09 07:25:00,1424,2025-01-09 07:25:00
158,10,2025-01-09 07:27:00,1424,2025-01-09 07:27:00
157,11,2025-01-09 07:29:00,1424,2025-01-09 07:29:00
156,12,2025-01-09 07:31:00,1424,2025-01-09 07:31:00
155,13,2025-01-09 07:33:00,1424,2025-01-09 07:33:00
154,14,2025-01-09 07:35:00,1424,2025-01-09 07:35:00
153,15,2025-01-09 07:37:00,1424,2025-01-09 07:37:00
152,16,2025-01-09 07:40:00,1424,2025-01-09 07:40:00
151,17,2025-01-09 07:42:00,1424,2025-01-09 07:42:00
150,18,2025-01-09 07:43:00,1424,2025-01-09 07:43:00
149,19,2025-01-09 07:45:00,1424,2025-01-09 07:45:00
148,20,2025-01-09 07:47:00,1424,2025-01-09 07:47:00
147,21,2025-01-09 07:49:00,1424,2025-01-09 07:49:00
146,22,2025-01-09 07:51:00,1424,2025-01-09 07:51:00
145,23,2025-01-09 07:53:00,1424,2025-01-09 07:53:00
144,24,2025-01-09 07:55:00,1424,2025-01-09 07:55:00
143,25,2025-01-09 07:57:00,1424,2025-01-09 07:57:00
142,26,2025-01-09 08:00:00,1424,2025-01-09 08:00:00
141,27,2025-01-09 08:04:00,1424,2025-01-09 08:04:00
140,28,2025-01-09 08:05:00,1424,2025-01-09 08:05:00
139,29,2025-01-09 08:07:00,1424,2025-01-09 08:07:00
138,30,2025-01-09 08:09:00,1424,2025-01-09 08:09:00
137,31,2025-01-09 08:12:00,1424,2025-01-09 08:12:00
168,0,2025-01-09 07:15:00,1425,2025-01-09 07:15:00
167,1,2025-01-09 07:18:00,1425,2025-01-09 07:18:00
166,2,2025-01-09 07:20:00,1425,2025-01-09 07:20:00
165,3,2025-01-09 07:22:00,1425,2025-01-09 07:22:00
164,4,2025-01-09 07:25:00,1425,2025-01-09 07:25:00
163,5,2025-01-09 07:27:00,1425,2025-01-09 07:27:00
162,6,2025-01-09 07:29:00,1425,2025-01-09 07:29:00
161,7,2025-01-09 07:31:00,1425,2025-01-09 07:31:00
160,8,2025-01-09 07:33:00,1425,2025-01-09 07:33:00
159,9,2025-01-09 07:35:00,1425,2025-01-09 07:35:00
158,10,2025-01-09 07:37:00,1425,2025-01-09 07:37:00
157,11,2025-01-09 07:39:00,1425,2025-01-09 07:39:00
156,12,2025-01-09 07:41:00,1425,2025-01-09 07:41:00
155,13,2025-01-09 07:43:00,1425,2025-01-09 07:43:00
154,14,2025-01-09 07:45:00,1425,2025-01-09 07:45:00
153,15,2025-01-09 07:47:00,1425,2025-01-09 07:47:00
152,16,2025-01-09 07:50:00,1425,2025-01-09 07:50:00
151,17,2025-01-09 07:52:00,1425,2025-01-09 07:52:00
150,18,2025-01-09 07:53:00,1425,2025-01-09 07:53:00
149,19,2025-01-09 07:55:00,1425,2025-01-09 07:55:00
148,20,2025-01-09 07:57:00,1425,2025-01-09 07:57:00
147,21,2025-01-09 07:59:00,1425,2025-01-09 07:59:00
146,22,2025-01-09 08:01:00,1425,2025-01-09 08:01:00
145,23,2025-01-09 08:03:00,1425,2025-01-09 08:03:00
144,24,2025-01-09 08:05:00,1425,2025-01-09 08:05:00
143,25,2025-01-09 08:07:00,1425,2025-01-09 08:07:00
142,26,2025-01-09 08:10:00,1425,2025-01-09 08:10:00
141,27,2025-01-09 08:14:00,1425,2025-01-09 08:14:00
140,28,2025-01-09 08:15:00,1425,2025-01-09 08:15:00
139,29,2025-01-09 08:17:00,1425,2025-01-09 08:17:00
138,30,2025-01-09 08:19:00,1425,2025-01-09 08:19:00
137,31,2025-01-09 08:22:00,1425,2025-01-09 08:22:00
168,0,2025-01-09 07:25:00,1426,2025-01-09 07:25:00
167,1,2025-01-09 07:28:00,1426,2025-01-09 07:28:00
166,2,2025-01-09 07:30:00,1426,2025-01-09 07:30:00
165,3,2025-01-09 07:32:00,1426,2025-01-09 07:32:00
164,4,2025-01-09 07:35:00,1426,2025-01-09 07:35:00
163,5,2025-01-09 07:37:00,1426,2025-01-09 07:37:00
162,6,2025-01-09 07:39:00,1426,2025-01-09 07:39:00
161,7,2025-01-09 07:41:00,1426,2025-01-09 07:41:00
160,8,2025-01-09 07:43:00,1426,2025-01-09 07:43:00
159,9,2025-01-09 07:45:00,1426,2025-01-09 07:45:00
158,10,2025-01-09 07:47:00,1426,2025-01-09 07:47:00
157,11,2025-01-09 07:49:00,1426,2025-01-09 07:49:00
156,12,2025-01-09 07:51:00,1426,2025-01-09 07:51:00
155,13,2025-01-09 07:53:00,1426,2025-01-09 07:53:00
154,14,2025-01-09 07:55:00,1426,2025-01-09 07:55:00
153,15,2025-01-09 07:57:00,1426,2025-01-09 07:57:00
152,16,2025-01-09 08:00:00,1426,2025-01-09 08:00:00
151,17,2025-01-09 08:02:00,1426,2025-01-09 08:02:00
150,18,2025-01-09 08:03:00,1426,2025-01-09 08:03:00
149,19,2025-01-09 08:05:00,1426,2025-01-09 08:05:00
148,20,2025-01-09 08:07:00,1426,2025-01-09 08:07:00
147,21,2025-01-09 08:09:00,1426,2025-01-09 08:09:00
146,22,2025-01-09 08:11:00,1426,2025-01-09 08:11:00
145,23,2025-01-09 08:13:00,1426,2025-01-09 08:13:00
144,24,2025-01-09 08:15:00,1426,2025-01-09 08:15:00
143,25,2025-01-09 08:17:00,1426,2025-01-09 08:17:00
142,26,2025-01-09 08:20:00,1426,2025-01-09 08:20:00
141,27,2025-01-09 08:24:00,1426,2025-01-09 08:24:00
140,28,2025-01-09 08:25:00,1426,2025-01-09 08:25:00
139,29,2025-01-09 08:27:00,1426,2025-01-09 08:27:00
138,30,2025-01-09 08:29:00,1426,2025-01-09 08:29:00
137,31,2025-01-09 08:32:00,1426,2025-01-09 08:32:00
168,0,2025-01-09 07:35:00,1427,2025-01-09 07:35:00
167,1,2025-01-09 07:38:00,1427,2025-01-09 07:38:00
166,2,2025-01-09 07:40:00,1427,2025-01-09 07:40:00
165,3,2025-01-09 07:42:00,1427,2025-01-09 07:42:00
164,4,2025-01-09 07:45:00,1427,2025-01-09 07:45:00
163,5,2025-01-09 07:47:00,1427,2025-01-09 07:47:00
162,6,2025-01-09 07:49:00,1427,2025-01-09 07:49:00
161,7,2025-01-09 07:51:00,1427,2025-01-09 07:51:00
160,8,2025-01-09 07:53:00,1427,2025-01-09 07:53:00
159,9,2025-01-09 07:55:00,1427,2025-01-09 07:55:00
158,10,2025-01-09 07:57:00,1427,2025-01-09 07:57:00
157,11,2025-01-09 07:59:00,1427,2025-01-09 07:59:00
156,12,2025-01-09 08:01:00,1427,2025-01-09 08:01:00
155,13,2025-01-09 08:03:00,1427,2025-01-09 08:03:00
154,14,2025-01-09 08:05:00,1427,2025-01-09 08:05:00
153,15,2025-01-09 08:07:00,1427,2025-01-09 08:07:00
152,16,2025-01-09 08:10:00,1427,2025-01-09 08:10:00
151,17,2025-01-09 08:12:00,1427,2025-01-09 08:12:00
150,18,2025-01-09 08:13:00,1427,2025-01-09 08:13:00
149,19,2025-01-09 08:15:00,1427,2025-01-09 08:15:00
148,20,2025-01-09 08:17:00,1427,2025-01-09 08:17:00
147,21,2025-01-09 08:19:00,1427,2025-01-09 08:19:00
146,22,2025-01-09 08:21:00,1427,2025-01-09 08:21:00
145,23,2025-01-09 08:23:00,1427,2025-01-09 08:23:00
144,24,2025-01-09 08:25:00,1427,2025-01-09 08:25:00
143,25,2025-01-09 08:27:00,1427,2025-01-09 08:27:00
142,26,2025-01-09 08:30:00,1427,2025-01-09 08:30:00
141,27,2025-01-09 08:34:00,1427,2025-01-09 08:34:00
140,28,2025-01-09 08:35:00,1427,2025-01-09 08:35:00
139,29,2025-01-09 08:37:00,1427,2025-01-09 08:37:00
138,30,2025-01-09 08:39:00,1427,2025-01-09 08:39:00
137,31,2025-01-09 08:42:00,1427,2025-01-09 08:42:00
168,0,2025-01-09 07:45:00,1428,2025-01-09 07:45:00
167,1,2025-01-09 07:48:00,1428,2025-01-09 07:48:00
166,2,2025-01-09 07:50:00,1428,2025-01-09 07:50:00
165,3,2025-01-09 07:52:00,1428,2025-01-09 07:52:00
164,4,2025-01-09 07:55:00,1428,2025-01-09 07:55:00
163,5,2025-01-09 07:57:00,1428,2025-01-09 07:57:00
162,6,2025-01-09 07:59:00,1428,2025-01-09 07:59:00
161,7,2025-01-09 08:01:00,1428,2025-01-09 08:01:00
160,8,2025-01-09 08:03:00,1428,2025-01-09 08:03:00
159,9,2025-01-09 08:05:00,1428,2025-01-09 08:05:00
158,10,2025-01-09 08:07:00,1428,2025-01-09 08:07:00
157,11,2025-01-09 08:09:00,1428,2025-01-09 08:09:00
156,12,2025-01-09 08:11:00,1428,2025-01-09 08:11:00
155,13,2025-01-09 08:13:00,1428,2025-01-09 08:13:00
154,14,2025-01-09 08:15:00,1428,2025-01-09 08:15:00
153,15,2025-01-09 08:17:00,1428,2025-01-09 08:17:00
152,16,2025-01-09 08:20:00,1428,2025-01-09 08:20:00
151,17,2025-01-09 08:22:00,1428,2025-01-09 08:22:00
150,18,2025-01-09 08:23:00,1428,2025-01-09 08:23:00
149,19,2025-01-09 08:25:00,1428,2025-01-09 08:25:00
148,20,2025-01-09 08:27:00,1428,2025-01-09 08:27:00
147,21,2025-01-09 08:29:00,1428,2025-01-09 08:29:00
146,22,2025-01-09 08:31:00,1428,2025-01-09 08:31:00
145,23,2025-01-09 08:33:00,1428,2025-01-09 08:33:00
144,24,2025-01-09 08:35:00,1428,2025-01-09 08:35:00
143,25,2025-01-09 08:37:00,1428,2025-01-09 08:37:00
142,26,2025-01-09 08:40:00,1428,2025-01-09 08:40:00
141,27,2025-01-09 08:44:00,1428,2025-01-09 08:44:00
140,28,2025-01-09 08:45:00,1428,2025-01-09 08:45:00
139,29,2025-01-09 08:47:00,1428,2025-01-09 08:47:00
138,30,2025-01-09 08:49:00,1428,2025-01-09 08:49:00
137,31,2025-01-09 08:52:00,1428,2025-01-09 08:52:00
168,0,2025-01-09 07:55:00,1429,2025-01-09 07:55:00
167,1,2025-01-09 07:58:00,1429,2025-01-09 07:58:00
166,2,2025-01-09 08:00:00,1429,2025-01-09 08:00:00
165,3,2025-01-09 08:02:00,1429,2025-01-09 08:02:00
164,4,2025-01-09 08:05:00,1429,2025-01-09 08:05:00
163,5,2025-01-09 08:07:00,1429,2025-01-09 08:07:00
162,6,2025-01-09 08:09:00,1429,2025-01-09 08:09:00
161,7,2025-01-09 08:11:00,1429,2025-01-09 08:11:00
160,8,2025-01-09 08:13:00,1429,2025-01-09 08:13:00
159,9,2025-01-09 08:15:00,1429,2025-01-09 08:15:00
158,10,2025-01-09 08:17:00,1429,2025-01-09 08:17:00
157,11,2025-01-09 08:19:00,1429,2025-01-09 08:19:00
156,12,2025-01-09 08:21:00,1429,2025-01-09 08:21:00
155,13,2025-01-09 08:23:00,1429,2025-01-09 08:23:00
154,14,2025-01-09 08:25:00,1429,2025-01-09 08:25:00
153,15,2025-01-09 08:27:00,1429,2025-01-09 08:27:00
152,16,2025-01-09 08:30:00,1429,2025-01-09 08:30:00
151,17,2025-01-09 08:32:00,1429,2025-01-09 08:32:00
150,18,2025-01-09 08:33:00,1429,2025-01-09 08:33:00
149,19,2025-01-09 08:35:00,1429,2025-01-09 08:35:00
148,20,2025-01-09 08:37:00,1429,2025-01-09 08:37:00
147,21,2025-01-09 08:39:00,1429,2025-01-09 08:39:00
146,22,2025-01-09 08:41:00,1429,2025-01-09 08:41:00
145,23,2025-01-09 08:43:00,1429,2025-01-09 08:43:00
144,24,2025-01-09 08:45:00,1429,2025-01-09 08:45:00
143,25,2025-01-09 08:47:00,1429,2025-01-09 08:47:00
142,26,2025-01-09 08:50:00,1429,2025-01-09 08:50:00
141,27,2025-01-09 08:54:00,1429,2025-01-09 08:54:00
140,28,2025-01-09 08:55:00,1429,2025-01-09 08:55:00
139,29,2025-01-09 08:57:00,1429,2025-01-09 08:57:00
138,30,2025-01-09 08:59:00,1429,2025-01-09 08:59:00
137,31,2025-01-09 09:02:00,1429,2025-01-09 09:02:00
168,0,2025-01-09 08:05:00,1430,2025-01-09 08:05:00
167,1,2025-01-09 08:08:00,1430,2025-01-09 08:08:00
166,2,2025-01-09 08:10:00,1430,2025-01-09 08:10:00
165,3,2025-01-09 08:12:00,1430,2025-01-09 08:12:00
164,4,2025-01-09 08:15:00,1430,2025-01-09 08:15:00
163,5,2025-01-09 08:17:00,1430,2025-01-09 08:17:00
162,6,2025-01-09 08:19:00,1430,2025-01-09 08:19:00
161,7,2025-01-09 08:21:00,1430,2025-01-09 08:21:00
160,8,2025-01-09 08:23:00,1430,2025-01-09 08:23:00
159,9,2025-01-09 08:25:00,1430,2025-01-09 08:25:00
158,10,2025-01-09 08:27:00,1430,2025-01-09 08:27:00
157,11,2025-01-09 08:29:00,1430,2025-01-09 08:29:00
156,12,2025-01-09 08:31:00,1430,2025-01-09 08:31:00
155,13,2025-01-09 08:33:00,1430,2025-01-09 08:33:00
154,14,2025-01-09 08:35:00,1430,2025-01-09 08:35:00
153,15,2025-01-09 08:37:00,1430,2025-01-09 08:37:00
152,16,2025-01-09 08:40:00,1430,2025-01-09 08:40:00
151,17,2025-01-09 08:42:00,1430,2025-01-09 08:42:00
150,18,2025-01-09 08:43:00,1430,2025-01-09 08:43:00
149,19,2025-01-09 08:45:00,1430,2025-01-09 08:45:00
148,20,2025-01-09 08:47:00,1430,2025-01-09 08:47:00
147,21,2025-01-09 08:49:00,1430,2025-01-09 08:49:00
146,22,2025-01-09 08:51:00,1430,2025-01-09 08:51:00
145,23,2025-01-09 08:53:00,1430,2025-01-09 08:53:00
144,24,2025-01-09 08:55:00,1430,2025-01-09 08:55:00
143,25,2025-01-09 08:57:00,1430,2025-01-09 08:57:00
142,26,2025-01-09 09:00:00,1430,2025-01-09 09:00:00
141,27,2025-01-09 09:04:00,1430,2025-01-09 09:04:00
140,28,2025-01-09 09:05:00,1430,2025-01-09 09:05:00
139,29,2025-01-09 09:07:00,1430,2025-01-09 09:07:00
138,30,2025-01-09 09:09:00,1430,2025-01-09 09:09:00
137,31,2025-01-09 09:12:00,1430,2025-01-09 09:12:00
168,0,2025-01-09 08:15:00,1431,2025-01-09 08:15:00
167,1,2025-01-09 08:18:00,1431,2025-01-09 08:18:00
166,2,2025-01-09 08:20:00,1431,2025-01-09 08:20:00
165,3,2025-01-09 08:22:00,1431,2025-01-09 08:22:00
164,4,2025-01-09 08:25:00,1431,2025-01-09 08:25:00
163,5,2025-01-09 08:27:00,1431,2025-01-09 08:27:00
162,6,2025-01-09 08:29:00,1431,2025-01-09 08:29:00
161,7,2025-01-09 08:31:00,1431,2025-01-09 08:31:00
160,8,2025-01-09 08:33:00,1431,2025-01-09 08:33:00
159,9,2025-01-09 08:35:00,1431,2025-01-09 08:35:00
158,10,2025-01-09 08:37:00,1431,2025-01-09 08:37:00
157,11,2025-01-09 08:39:00,1431,2025-01-09 08:39:00
156,12,2025-01-09 08:41:00,1431,2025-01-09 08:41:00
155,13,2025-01-09 08:43:00,1431,2025-01-09 08:43:00
154,14,2025-01-09 08:45:00,1431,2025-01-09 08:45:00
153,15,2025-01-09 08:47:00,1431,2025-01-09 08:47:00
152,16,2025-01-09 08:50:00,1431,2025-01-09 08:50:00
151,17,2025-01-09 08:52:00,1431,2025-01-09 08:52:00
150,18,2025-01-09 08:53:00,1431,2025-01-09 08:53:00
149,19,2025-01-09 08:55:00,1431,2025-01-09 08:55:00
148,20,2025-01-09 08:57:00,1431,2025-01-09 08:57:00
147,21,2025-01-09 08:59:00,1431,2025-01-09 08:59:00
146,22,2025-01-09 09:01:00,1431,2025-01-09 09:01:00
145,23,2025-01-09 09:03:00,1431,2025-01-09 09:03:00
144,24,2025-01-09 09:05:00,1431,2025-01-09 09:05:00
143,25,2025-01-09 09:07:00,1431,2025-01-09 09:07:00
142,26,2025-01-09 09:10:00,1431,2025-01-09 09:10:00
141,27,2025-01-09 09:14:00,1431,2025-01-09 09:14:00
140,28,2025-01-09 09:15:00,1431,2025-01-09 09:15:00
139,29,2025-01-09 09:17:00,1431,2025-01-09 09:17:00
138,30,2025-01-09 09:19:00,1431,2025-01-09 09:19:00
137,31,2025-01-09 09:22:00,1431,2025-01-09 09:22:00
168,0,2025-01-09 08:25:00,1432,2025-01-09 08:25:00
167,1,2025-01-09 08:28:00,1432,2025-01-09 08:28:00
166,2,2025-01-09 08:30:00,1432,2025-01-09 08:30:00
165,3,2025-01-09 08:32:00,1432,2025-01-09 08:32:00
164,4,2025-01-09 08:35:00,1432,2025-01-09 08:35:00
163,5,2025-01-09 08:37:00,1432,2025-01-09 08:37:00
162,6,2025-01-09 08:39:00,1432,2025-01-09 08:39:00
161,7,2025-01-09 08:41:00,1432,2025-01-09 08:41:00
160,8,2025-01-09 08:43:00,1432,2025-01-09 08:43:00
159,9,2025-01-09 08:45:00,1432,2025-01-09 08:45:00
158,10,2025-01-09 08:47:00,1432,2025-01-09 08:47:00
157,11,2025-01-09 08:49:00,1432,2025-01-09 08:49:00
156,12,2025-01-09 08:51:00,1432,2025-01-09 08:51:00
155,13,2025-01-09 08:53:00,1432,2025-01-09 08:53:00
154,14,2025-01-09 08:55:00,1432,2025-01-09 08:55:00
153,15,2025-01-09 08:57:00,1432,2025-01-09 08:57:00
152,16,2025-01-09 09:00:00,1432,2025-01-09 09:00:00
151,17,2025-01-09 09:02:00,1432,2025-01-09 09:02:00
150,18,2025-01-09 09:03:00,1432,2025-01-09 09:03:00
149,19,2025-01-09 09:05:00,1432,2025-01-09 09:05:00
148,20,2025-01-09 09:07:00,1432,2025-01-09 09:07:00
147,21,2025-01-09 09:09:00,1432,2025-01-09 09:09:00
146,22,2025-01-09 09:11:00,1432,2025-01-09 09:11:00
145,23,2025-01-09 09:13:00,1432,2025-01-09 09:13:00
144,24,2025-01-09 09:15:00,1432,2025-01-09 09:15:00
143,25,2025-01-09 09:17:00,1432,2025-01-09 09:17:00
142,26,2025-01-09 09:20:00,1432,2025-01-09 09:20:00
141,27,2025-01-09 09:24:00,1432,2025-01-09 09:24:00
140,28,2025-01-09 09:25:00,1432,2025-01-09 09:25:00
139,29,2025-01-09 09:27:00,1432,2025-01-09 09:27:00
138,30,2025-01-09 09:29:00,1432,2025-01-09 09:29:00
137,31,2025-01-09 09:32:00,1432,2025-01-09 09:32:00
168,0,2025-01-09 08:35:00,1433,2025-01-09 08:35:00
167,1,2025-01-09 08:38:00,1433,2025-01-09 08:38:00
166,2,2025-01-09 08:40:00,1433,2025-01-09 08:40:00
165,3,2025-01-09 08:42:00,1433,2025-01-09 08:42:00
164,4,2025-01-09 08:45:00,1433,2025-01-09 08:45:00
163,5,2025-01-09 08:47:00,1433,2025-01-09 08:47:00
162,6,2025-01-09 08:49:00,1433,2025-01-09 08:49:00
161,7,2025-01-09 08:51:00,1433,2025-01-09 08:51:00
160,8,2025-01-09 08:53:00,1433,2025-01-09 08:53:00
159,9,2025-01-09 08:55:00,1433,2025-01-09 08:55:00
158,10,2025-01-09 08:57:00,1433,2025-01-09 08:57:00
157,11,2025-01-09 08:59:00,1433,2025-01-09 08:59:00
156,12,2025-01-09 09:01:00,1433,2025-01-09 09:01:00
155,13,2025-01-09 09:03:00,1433,2025-01-09 09:03:00
154,14,2025-01-09 09:05:00,1433,2025-01-09 09:05:00
153,15,2025-01-09 09:07:00,1433,2025-01-09 09:07:00
152,16,2025-01-09 09:10:00,1433,2025-01-09 09:10:00
151,17,2025-01-09 09:12:00,1433,2025-01-09 09:12:00
150,18,2025-01-09 09:13:00,1433,2025-01-09 09:13:00
149,19,2025-01-09 09:15:00,1433,2025-01-09 09:15:00
148,20,2025-01-09 09:17:00,1433,2025-01-09 09:17:00
147,21,2025-01-09 09:19:00,1433,2025-01-09 09:19:00
146,22,2025-01-09 09:21:00,1433,2025-01-09 09:21:00
145,23,2025-01-09 09:23:00,1433,2025-01-09 09:23:00
144,24,2025-01-09 09:25:00,1433,2025-01-09 09:25:00
143,25,2025-01-09 09:27:00,1433,2025-01-09 09:27:00
142,26,2025-01-09 09:30:00,1433,2025-01-09 09:30:00
141,27,2025-01-09 09:34:00,1433,2025-01-09 09:34:00
140,28,2025-01-09 09:35:00,1433,2025-01-09 09:35:00
139,29,2025-01-09 09:37:00,1433,2025-01-09 09:37:00
138,30,2025-01-09 09:39:00,1433,2025-01-09 09:39:00
137,31,2025-01-09 09:42:00,1433,2025-01-09 09:42:00
168,0,2025-01-09 08:45:00,1434,2025-01-09 08:45:00
167,1,2025-01-09 08:48:00,1434,2025-01-09 08:48:00
166,2,2025-01-09 08:50:00,1434,2025-01-09 08:50:00
165,3,2025-01-09 08:52:00,1434,2025-01-09 08:52:00
164,4,2025-01-09 08:55:00,1434,2025-01-09 08:55:00
163,5,2025-01-09 08:57:00,1434,2025-01-09 08:57:00
162,6,2025-01-09 08:59:00,1434,2025-01-09 08:59:00
161,7,2025-01-09 09:01:00,1434,2025-01-09 09:01:00
160,8,2025-01-09 09:03:00,1434,2025-01-09 09:03:00
159,9,2025-01-09 09:05:00,1434,2025-01-09 09:05:00
158,10,2025-01-09 09:07:00,1434,2025-01-09 09:07:00
157,11,2025-01-09 09:09:00,1434,2025-01-09 09:09:00
156,12,2025-01-09 09:11:00,1434,2025-01-09 09:11:00
155,13,2025-01-09 09:13:00,1434,2025-01-09 09:13:00
154,14,2025-01-09 09:15:00,1434,2025-01-09 09:15:00
153,15,2025-01-09 09:17:00,1434,2025-01-09 09:17:00
152,16,2025-01-09 09:20:00,1434,2025-01-09 09:20:00
151,17,2025-01-09 09:22:00,1434,2025-01-09 09:22:00
150,18,2025-01-09 09:23:00,1434,2025-01-09 09:23:00
149,19,2025-01-09 09:25:00,1434,2025-01-09 09:25:00
148,20,2025-01-09 09:27:00,1434,2025-01-09 09:27:00
147,21,2025-01-09 09:29:00,1434,2025-01-09 09:29:00
146,22,2025-01-09 09:31:00,1434,2025-01-09 09:31:00
145,23,2025-01-09 09:33:00,1434,2025-01-09 09:33:00
144,24,2025-01-09 09:35:00,1434,2025-01-09 09:35:00
143,25,2025-01-09 09:37:00,1434,2025-01-09 09:37:00
142,26,2025-01-09 09:40:00,1434,2025-01-09 09:40:00
141,27,2025-01-09 09:44:00,1434,2025-01-09 09:44:00
140,28,2025-01-09 09:45:00,1434,2025-01-09 09:45:00
139,29,2025-01-09 09:47:00,1434,2025-01-09 09:47:00
138,30,2025-01-09 09:49:00,1434,2025-01-09 09:49:00
137,31,2025-01-09 09:52:00,1434,2025-01-09 09:52:00
168,0,2025-01-09 08:55:00,1435,2025-01-09 08:55:00
167,1,2025-01-09 08:58:00,1435,2025-01-09 08:58:00
166,2,2025-01-09 09:00:00,1435,2025-01-09 09:00:00
165,3,2025-01-09 09:02:00,1435,2025-01-09 09:02:00
164,4,2025-01-09 09:05:00,1435,2025-01-09 09:05:00
163,5,2025-01-09 09:07:00,1435,2025-01-09 09:07:00
162,6,2025-01-09 09:09:00,1435,2025-01-09 09:09:00
161,7,2025-01-09 09:11:00,1435,2025-01-09 09:11:00
160,8,2025-01-09 09:13:00,1435,2025-01-09 09:13:00
159,9,2025-01-09 09:15:00,1435,2025-01-09 09:15:00
158,10,2025-01-09 09:17:00,1435,2025-01-09 09:17:00
157,11,2025-01-09 09:19:00,1435,2025-01-09 09:19:00
156,12,2025-01-09 09:21:00,1435,2025-01-09 09:21:00
155,13,2025-01-09 09:23:00,1435,2025-01-09 09:23:00
154,14,2025-01-09 09:25:00,1435,2025-01-09 09:25:00
153,15,2025-01-09 09:27:00,1435,2025-01-09 09:27:00
152,16,2025-01-09 09:30:00,1435,2025-01-09 09:30:00
151,17,2025-01-09 09:32:00,1435,2025-01-09 09:32:00
150,18,2025-01-09 09:33:00,1435,2025-01-09 09:33:00
149,19,2025-01-09 09:35:00,1435,2025-01-09 09:35:00
148,20,2025-01-09 09:37:00,1435,2025-01-09 09:37:00
147,21,2025-01-09 09:39:00,1435,2025-01-09 09:39:00
146,22,2025-01-09 09:41:00,1435,2025-01-09 09:41:00
145,23,2025-01-09 09:43:00,1435,2025-01-09 09:43:00
144,24,2025-01-09 09:45:00,1435,2025-01-09 09:45:00
143,25,2025-01-09 09:47:00,1435,2025-01-09 09:47:00
142,26,2025-01-09 09:50:00,1435,2025-01-09 09:50:00
141,27,2025-01-09 09:54:00,1435,2025-01-09 09:54:00
140,28,2025-01-09 09:55:00,1435,2025-01-09 09:55:00
139,29,2025-01-09 09:57:00,1435,2025-01-09 09:57:00
138,30,2025-01-09 09:59:00,1435,2025-01-09 09:59:00
137,31,2025-01-09 10:02:00,1435,2025-01-09 10:02:00
168,0,2025-01-09 09:04:00,1436,2025-01-09 09:04:00
167,1,2025-01-09 09:07:00,1436,2025-01-09 09:07:00
166,2,2025-01-09 09:09:00,1436,2025-01-09 09:09:00
165,3,2025-01-09 09:11:00,1436,2025-01-09 09:11:00
164,4,2025-01-09 09:14:00,1436,2025-01-09 09:14:00
163,5,2025-01-09 09:16:00,1436,2025-01-09 09:16:00
162,6,2025-01-09 09:18:00,1436,2025-01-09 09:18:00
161,7,2025-01-09 09:20:00,1436,2025-01-09 09:20:00
160,8,2025-01-09 09:22:00,1436,2025-01-09 09:22:00
159,9,2025-01-09 09:24:00,1436,2025-01-09 09:24:00
158,10,2025-01-09 09:26:00,1436,2025-01-09 09:26:00
157,11,2025-01-09 09:28:00,1436,2025-01-09 09:28:00
156,12,2025-01-09 09:30:00,1436,2025-01-09 09:30:00
155,13,2025-01-09 09:32:00,1436,2025-01-09 09:32:00
154,14,2025-01-09 09:34:00,1436,2025-01-09 09:34:00
153,15,2025-01-09 09:36:00,1436,2025-01-09 09:36:00
152,16,2025-01-09 09:39:00,1436,2025-01-09 09:39:00
151,17,2025-01-09 09:41:00,1436,2025-01-09 09:41:00
150,18,2025-01-09 09:42:00,1436,2025-01-09 09:42:00
149,19,2025-01-09 09:44:00,1436,2025-01-09 09:44:00
148,20,2025-01-09 09:46:00,1436,2025-01-09 09:46:00
147,21,2025-01-09 09:48:00,1436,2025-01-09 09:48:00
146,22,2025-01-09 09:50:00,1436,2025-01-09 09:50:00
145,23,2025-01-09 09:52:00,1436,2025-01-09 09:52:00
144,24,2025-01-09 09:54:00,1436,2025-01-09 09:54:00
143,25,2025-01-09 09:56:00,1436,2025-01-09 09:56:00
142,26,2025-01-09 09:59:00,1436,2025-01-09 09:59:00
141,27,2025-01-09 10:03:00,1436,2025-01-09 10:03:00
140,28,2025-01-09 10:04:00,1436,2025-01-09 10:04:00
139,29,2025-01-09 10:06:00,1436,2025-01-09 10:06:00
138,30,2025-01-09 10:08:00,1436,2025-01-09 10:08:00
137,31,2025-01-09 10:11:00,1436,2025-01-09 10:11:00
168,0,2025-01-09 09:13:00,1437,2025-01-09 09:13:00
167,1,2025-01-09 09:16:00,1437,2025-01-09 09:16:00
166,2,2025-01-09 09:18:00,1437,2025-01-09 09:18:00
165,3,2025-01-09 09:20:00,1437,2025-01-09 09:20:00
164,4,2025-01-09 09:23:00,1437,2025-01-09 09:23:00
163,5,2025-01-09 09:25:00,1437,2025-01-09 09:25:00
162,6,2025-01-09 09:27:00,1437,2025-01-09 09:27:00
161,7,2025-01-09 09:29:00,1437,2025-01-09 09:29:00
160,8,2025-01-09 09:31:00,1437,2025-01-09 09:31:00
159,9,2025-01-09 09:33:00,1437,2025-01-09 09:33:00
158,10,2025-01-09 09:35:00,1437,2025-01-09 09:35:00
157,11,2025-01-09 09:37:00,1437,2025-01-09 09:37:00
156,12,2025-01-09 09:39:00,1437,2025-01-09 09:39:00
155,13,2025-01-09 09:41:00,1437,2025-01-09 09:41:00
154,14,2025-01-09 09:43:00,1437,2025-01-09 09:43:00
153,15,2025-01-09 09:45:00,1437,2025-01-09 09:45:00
152,16,2025-01-09 09:48:00,1437,2025-01-09 09:48:00
151,17,2025-01-09 09:50:00,1437,2025-01-09 09:50:00
150,18,2025-01-09 09:51:00,1437,2025-01-09 09:51:00
149,19,2025-01-09 09:53:00,1437,2025-01-09 09:53:00
148,20,2025-01-09 09:55:00,1437,2025-01-09 09:55:00
147,21,2025-01-09 09:57:00,1437,2025-01-09 09:57:00
146,22,2025-01-09 09:59:00,1437,2025-01-09 09:59:00
145,23,2025-01-09 10:01:00,1437,2025-01-09 10:01:00
144,24,2025-01-09 10:03:00,1437,2025-01-09 10:03:00
143,25,2025-01-09 10:05:00,1437,2025-01-09 10:05:00
142,26,2025-01-09 10:08:00,1437,2025-01-09 10:08:00
141,27,2025-01-09 10:12:00,1437,2025-01-09 10:12:00
140,28,2025-01-09 10:13:00,1437,2025-01-09 10:13:00
139,29,2025-01-09 10:15:00,1437,2025-01-09 10:15:00
138,30,2025-01-09 10:17:00,1437,2025-01-09 10:17:00
137,31,2025-01-09 10:20:00,1437,2025-01-09 10:20:00
168,0,2025-01-09 09:22:00,1438,2025-01-09 09:22:00
167,1,2025-01-09 09:25:00,1438,2025-01-09 09:25:00
166,2,2025-01-09 09:27:00,1438,2025-01-09 09:27:00
165,3,2025-01-09 09:29:00,1438,2025-01-09 09:29:00
164,4,2025-01-09 09:32:00,1438,2025-01-09 09:32:00
163,5,2025-01-09 09:34:00,1438,2025-01-09 09:34:00
162,6,2025-01-09 09:36:00,1438,2025-01-09 09:36:00
161,7,2025-01-09 09:38:00,1438,2025-01-09 09:38:00
160,8,2025-01-09 09:40:00,1438,2025-01-09 09:40:00
159,9,2025-01-09 09:42:00,1438,2025-01-09 09:42:00
158,10,2025-01-09 09:44:00,1438,2025-01-09 09:44:00
157,11,2025-01-09 09:46:00,1438,2025-01-09 09:46:00
156,12,2025-01-09 09:48:00,1438,2025-01-09 09:48:00
155,13,2025-01-09 09:50:00,1438,2025-01-09 09:50:00
154,14,2025-01-09 09:52:00,1438,2025-01-09 09:52:00
153,15,2025-01-09 09:54:00,1438,2025-01-09 09:54:00
152,16,2025-01-09 09:57:00,1438,2025-01-09 09:57:00
151,17,2025-01-09 09:59:00,1438,2025-01-09 09:59:00
150,18,2025-01-09 10:00:00,1438,2025-01-09 10:00:00
149,19,2025-01-09 10:02:00,1438,2025-01-09 10:02:00
148,20,2025-01-09 10:04:00,1438,2025-01-09 10:04:00
147,21,2025-01-09 10:06:00,1438,2025-01-09 10:06:00
146,22,2025-01-09 10:08:00,1438,2025-01-09 10:08:00
145,23,2025-01-09 10:10:00,1438,2025-01-09 10:10:00
144,24,2025-01-09 10:12:00,1438,2025-01-09 10:12:00
143,25,2025-01-09 10:14:00,1438,2025-01-09 10:14:00
142,26,2025-01-09 10:17:00,1438,2025-01-09 10:17:00
141,27,2025-01-09 10:21:00,1438,2025-01-09 10:21:00
140,28,2025-01-09 10:22:00,1438,2025-01-09 10:22:00
139,29,2025-01-09 10:24:00,1438,2025-01-09 10:24:00
138,30,2025-01-09 10:26:00,1438,2025-01-09 10:26:00
137,31,2025-01-09 10:29:00,1438,2025-01-09 10:29:00
168,0,2025-01-09 09:31:00,1439,2025-01-09 09:31:00
167,1,2025-01-09 09:34:00,1439,2025-01-09 09:34:00
166,2,2025-01-09 09:36:00,1439,2025-01-09 09:36:00
165,3,2025-01-09 09:38:00,1439,2025-01-09 09:38:00
164,4,2025-01-09 09:41:00,1439,2025-01-09 09:41:00
163,5,2025-01-09 09:43:00,1439,2025-01-09 09:43:00
162,6,2025-01-09 09:45:00,1439,2025-01-09 09:45:00
161,7,2025-01-09 09:47:00,1439,2025-01-09 09:47:00
160,8,2025-01-09 09:49:00,1439,2025-01-09 09:49:00
159,9,2025-01-09 09:51:00,1439,2025-01-09 09:51:00
158,10,2025-01-09 09:53:00,1439,2025-01-09 09:53:00
157,11,2025-01-09 09:55:00,1439,2025-01-09 09:55:00
156,12,2025-01-09 09:57:00,1439,2025-01-09 09:57:00
155,13,2025-01-09 09:59:00,1439,2025-01-09 09:59:00
154,14,2025-01-09 10:01:00,1439,2025-01-09 10:01:00
153,15,2025-01-09 10:03:00,1439,2025-01-09 10:03:00
152,16,2025-01-09 10:06:00,1439,2025-01-09 10:06:00
151,17,2025-01-09 10:08:00,1439,2025-01-09 10:08:00
150,18,2025-01-09 10:09:00,1439,2025-01-09 10:09:00
149,19,2025-01-09 10:11:00,1439,2025-01-09 10:11:00
148,20,2025-01-09 10:13:00,1439,2025-01-09 10:13:00
147,21,2025-01-09 10:15:00,1439,2025-01-09 10:15:00
146,22,2025-01-09 10:17:00,1439,2025-01-09 10:17:00
145,23,2025-01-09 10:19:00,1439,2025-01-09 10:19:00
144,24,2025-01-09 10:21:00,1439,2025-01-09 10:21:00
143,25,2025-01-09 10:23:00,1439,2025-01-09 10:23:00
142,26,2025-01-09 10:26:00,1439,2025-01-09 10:26:00
141,27,2025-01-09 10:30:00,1439,2025-01-09 10:30:00
140,28,2025-01-09 10:31:00,1439,2025-01-09 10:31:00
139,29,2025-01-09 10:33:00,1439,2025-01-09 10:33:00
138,30,2025-01-09 10:35:00,1439,2025-01-09 10:35:00
137,31,2025-01-09 10:38:00,1439,2025-01-09 10:38:00
168,0,2025-01-09 09:40:00,1440,2025-01-09 09:40:00
167,1,2025-01-09 09:43:00,1440,2025-01-09 09:43:00
166,2,2025-01-09 09:45:00,1440,2025-01-09 09:45:00
165,3,2025-01-09 09:47:00,1440,2025-01-09 09:47:00
164,4,2025-01-09 09:50:00,1440,2025-01-09 09:50:00
163,5,2025-01-09 09:52:00,1440,2025-01-09 09:52:00
162,6,2025-01-09 09:54:00,1440,2025-01-09 09:54:00
161,7,2025-01-09 09:56:00,1440,2025-01-09 09:56:00
160,8,2025-01-09 09:58:00,1440,2025-01-09 09:58:00
159,9,2025-01-09 10:00:00,1440,2025-01-09 10:00:00
158,10,2025-01-09 10:02:00,1440,2025-01-09 10:02:00
157,11,2025-01-09 10:04:00,1440,2025-01-09 10:04:00
156,12,2025-01-09 10:06:00,1440,2025-01-09 10:06:00
155,13,2025-01-09 10:08:00,1440,2025-01-09 10:08:00
154,14,2025-01-09 10:10:00,1440,2025-01-09 10:10:00
153,15,2025-01-09 10:12:00,1440,2025-01-09 10:12:00
152,16,2025-01-09 10:15:00,1440,2025-01-09 10:15:00
151,17,2025-01-09 10:17:00,1440,2025-01-09 10:17:00
150,18,2025-01-09 10:18:00,1440,2025-01-09 10:18:00
149,19,2025-01-09 10:20:00,1440,2025-01-09 10:20:00
148,20,2025-01-09 10:22:00,1440,2025-01-09 10:22:00
147,21,2025-01-09 10:24:00,1440,2025-01-09 10:24:00
146,22,2025-01-09 10:26:00,1440,2025-01-09 10:26:00
145,23,2025-01-09 10:28:00,1440,2025-01-09 10:28:00
144,24,2025-01-09 10:30:00,1440,2025-01-09 10:30:00
143,25,2025-01-09 10:32:00,1440,2025-01-09 10:32:00
142,26,2025-01-09 10:35:00,1440,2025-01-09 10:35:00
141,27,2025-01-09 10:39:00,1440,2025-01-09 10:39:00
140,28,2025-01-09 10:40:00,1440,2025-01-09 10:40:00
139,29,2025-01-09 10:42:00,1440,2025-01-09 10:42:00
138,30,2025-01-09 10:44:00,1440,2025-01-09 10:44:00
137,31,2025-01-09 10:47:00,1440,2025-01-09 10:47:00
168,0,2025-01-09 09:49:00,1441,2025-01-09 09:49:00
167,1,2025-01-09 09:52:00,1441,2025-01-09 09:52:00
166,2,2025-01-09 09:54:00,1441,2025-01-09 09:54:00
165,3,2025-01-09 09:56:00,1441,2025-01-09 09:56:00
164,4,2025-01-09 09:59:00,1441,2025-01-09 09:59:00
163,5,2025-01-09 10:01:00,1441,2025-01-09 10:01:00
162,6,2025-01-09 10:03:00,1441,2025-01-09 10:03:00
161,7,2025-01-09 10:05:00,1441,2025-01-09 10:05:00
160,8,2025-01-09 10:07:00,1441,2025-01-09 10:07:00
159,9,2025-01-09 10:09:00,1441,2025-01-09 10:09:00
158,10,2025-01-09 10:11:00,1441,2025-01-09 10:11:00
157,11,2025-01-09 10:13:00,1441,2025-01-09 10:13:00
156,12,2025-01-09 10:15:00,1441,2025-01-09 10:15:00
155,13,2025-01-09 10:17:00,1441,2025-01-09 10:17:00
154,14,2025-01-09 10:19:00,1441,2025-01-09 10:19:00
153,15,2025-01-09 10:21:00,1441,2025-01-09 10:21:00
152,16,2025-01-09 10:24:00,1441,2025-01-09 10:24:00
151,17,2025-01-09 10:26:00,1441,2025-01-09 10:26:00
150,18,2025-01-09 10:27:00,1441,2025-01-09 10:27:00
149,19,2025-01-09 10:29:00,1441,2025-01-09 10:29:00
148,20,2025-01-09 10:31:00,1441,2025-01-09 10:31:00
147,21,2025-01-09 10:33:00,1441,2025-01-09 10:33:00
146,22,2025-01-09 10:35:00,1441,2025-01-09 10:35:00
145,23,2025-01-09 10:37:00,1441,2025-01-09 10:37:00
144,24,2025-01-09 10:39:00,1441,2025-01-09 10:39:00
143,25,2025-01-09 10:41:00,1441,2025-01-09 10:41:00
142,26,2025-01-09 10:44:00,1441,2025-01-09 10:44:00
141,27,2025-01-09 10:48:00,1441,2025-01-09 10:48:00
140,28,2025-01-09 10:49:00,1441,2025-01-09 10:49:00
139,29,2025-01-09 10:51:00,1441,2025-01-09 10:51:00
138,30,2025-01-09 10:53:00,1441,2025-01-09 10:53:00
137,31,2025-01-09 10:56:00,1441,2025-01-09 10:56:00
168,0,2025-01-09 09:58:00,1442,2025-01-09 09:58:00
167,1,2025-01-09 10:01:00,1442,2025-01-09 10:01:00
166,2,2025-01-09 10:03:00,1442,2025-01-09 10:03:00
165,3,2025-01-09 10:05:00,1442,2025-01-09 10:05:00
164,4,2025-01-09 10:08:00,1442,2025-01-09 10:08:00
163,5,2025-01-09 10:10:00,1442,2025-01-09 10:10:00
162,6,2025-01-09 10:12:00,1442,2025-01-09 10:12:00
161,7,2025-01-09 10:14:00,1442,2025-01-09 10:14:00
160,8,2025-01-09 10:16:00,1442,2025-01-09 10:16:00
159,9,2025-01-09 10:18:00,1442,2025-01-09 10:18:00
158,10,2025-01-09 10:20:00,1442,2025-01-09 10:20:00
157,11,2025-01-09 10:22:00,1442,2025-01-09 10:22:00
156,12,2025-01-09 10:24:00,1442,2025-01-09 10:24:00
155,13,2025-01-09 10:26:00,1442,2025-01-09 10:26:00
154,14,2025-01-09 10:28:00,1442,2025-01-09 10:28:00
153,15,2025-01-09 10:30:00,1442,2025-01-09 10:30:00
152,16,2025-01-09 10:33:00,1442,2025-01-09 10:33:00
151,17,2025-01-09 10:35:00,1442,2025-01-09 10:35:00
150,18,2025-01-09 10:36:00,1442,2025-01-09 10:36:00
149,19,2025-01-09 10:38:00,1442,2025-01-09 10:38:00
148,20,2025-01-09 10:40:00,1442,2025-01-09 10:40:00
147,21,2025-01-09 10:42:00,1442,2025-01-09 10:42:00
146,22,2025-01-09 10:44:00,1442,2025-01-09 10:44:00
145,23,2025-01-09 10:46:00,1442,2025-01-09 10:46:00
144,24,2025-01-09 10:48:00,1442,2025-01-09 10:48:00
143,25,2025-01-09 10:50:00,1442,2025-01-09 10:50:00
142,26,2025-01-09 10:53:00,1442,2025-01-09 10:53:00
141,27,2025-01-09 10:57:00,1442,2025-01-09 10:57:00
140,28,2025-01-09 10:58:00,1442,2025-01-09 10:58:00
139,29,2025-01-09 11:00:00,1442,2025-01-09 11:00:00
138,30,2025-01-09 11:02:00,1442,2025-01-09 11:02:00
137,31,2025-01-09 11:05:00,1442,2025-01-09 11:05:00
168,0,2025-01-09 10:08:00,1443,2025-01-09 10:08:00
167,1,2025-01-09 10:11:00,1443,2025-01-09 10:11:00
166,2,2025-01-09 10:13:00,1443,2025-01-09 10:13:00
165,3,2025-01-09 10:15:00,1443,2025-01-09 10:15:00
164,4,2025-01-09 10:18:00,1443,2025-01-09 10:18:00
163,5,2025-01-09 10:20:00,1443,2025-01-09 10:20:00
162,6,2025-01-09 10:22:00,1443,2025-01-09 10:22:00
161,7,2025-01-09 10:24:00,1443,2025-01-09 10:24:00
160,8,2025-01-09 10:26:00,1443,2025-01-09 10:26:00
159,9,2025-01-09 10:28:00,1443,2025-01-09 10:28:00
158,10,2025-01-09 10:30:00,1443,2025-01-09 10:30:00
157,11,2025-01-09 10:32:00,1443,2025-01-09 10:32:00
156,12,2025-01-09 10:34:00,1443,2025-01-09 10:34:00
155,13,2025-01-09 10:36:00,1443,2025-01-09 10:36:00
154,14,2025-01-09 10:38:00,1443,2025-01-09 10:38:00
153,15,2025-01-09 10:40:00,1443,2025-01-09 10:40:00
152,16,2025-01-09 10:43:00,1443,2025-01-09 10:43:00
151,17,2025-01-09 10:45:00,1443,2025-01-09 10:45:00
150,18,2025-01-09 10:46:00,1443,2025-01-09 10:46:00
149,19,2025-01-09 10:48:00,1443,2025-01-09 10:48:00
148,20,2025-01-09 10:50:00,1443,2025-01-09 10:50:00
147,21,2025-01-09 10:52:00,1443,2025-01-09 10:52:00
146,22,2025-01-09 10:54:00,1443,2025-01-09 10:54:00
145,23,2025-01-09 10:56:00,1443,2025-01-09 10:56:00
144,24,2025-01-09 10:58:00,1443,2025-01-09 10:58:00
143,25,2025-01-09 11:00:00,1443,2025-01-09 11:00:00
142,26,2025-01-09 11:03:00,1443,2025-01-09 11:03:00
141,27,2025-01-09 11:07:00,1443,2025-01-09 11:07:00
140,28,2025-01-09 11:08:00,1443,2025-01-09 11:08:00
139,29,2025-01-09 11:10:00,1443,2025-01-09 11:10:00
138,30,2025-01-09 11:12:00,1443,2025-01-09 11:12:00
137,31,2025-01-09 11:15:00,1443,2025-01-09 11:15:00
168,0,2025-01-09 10:18:00,1444,2025-01-09 10:18:00
167,1,2025-01-09 10:21:00,1444,2025-01-09 10:21:00
166,2,2025-01-09 10:23:00,1444,2025-01-09 10:23:00
165,3,2025-01-09 10:25:00,1444,2025-01-09 10:25:00
164,4,2025-01-09 10:28:00,1444,2025-01-09 10:28:00
163,5,2025-01-09 10:30:00,1444,2025-01-09 10:30:00
162,6,2025-01-09 10:32:00,1444,2025-01-09 10:32:00
161,7,2025-01-09 10:34:00,1444,2025-01-09 10:34:00
160,8,2025-01-09 10:36:00,1444,2025-01-09 10:36:00
159,9,2025-01-09 10:38:00,1444,2025-01-09 10:38:00
158,10,2025-01-09 10:40:00,1444,2025-01-09 10:40:00
157,11,2025-01-09 10:42:00,1444,2025-01-09 10:42:00
156,12,2025-01-09 10:44:00,1444,2025-01-09 10:44:00
155,13,2025-01-09 10:46:00,1444,2025-01-09 10:46:00
154,14,2025-01-09 10:48:00,1444,2025-01-09 10:48:00
153,15,2025-01-09 10:50:00,1444,2025-01-09 10:50:00
152,16,2025-01-09 10:53:00,1444,2025-01-09 10:53:00
151,17,2025-01-09 10:55:00,1444,2025-01-09 10:55:00
150,18,2025-01-09 10:56:00,1444,2025-01-09 10:56:00
149,19,2025-01-09 10:58:00,1444,2025-01-09 10:58:00
148,20,2025-01-09 11:00:00,1444,2025-01-09 11:00:00
147,21,2025-01-09 11:02:00,1444,2025-01-09 11:02:00
146,22,2025-01-09 11:04:00,1444,2025-01-09 11:04:00
145,23,2025-01-09 11:06:00,1444,2025-01-09 11:06:00
144,24,2025-01-09 11:08:00,1444,2025-01-09 11:08:00
143,25,2025-01-09 11:10:00,1444,2025-01-09 11:10:00
142,26,2025-01-09 11:13:00,1444,2025-01-09 11:13:00
141,27,2025-01-09 11:17:00,1444,2025-01-09 11:17:00
140,28,2025-01-09 11:18:00,1444,2025-01-09 11:18:00
139,29,2025-01-09 11:20:00,1444,2025-01-09 11:20:00
138,30,2025-01-09 11:22:00,1444,2025-01-09 11:22:00
137,31,2025-01-09 11:25:00,1444,2025-01-09 11:25:00
168,0,2025-01-09 10:28:00,1445,2025-01-09 10:28:00
167,1,2025-01-09 10:31:00,1445,2025-01-09 10:31:00
166,2,2025-01-09 10:33:00,1445,2025-01-09 10:33:00
165,3,2025-01-09 10:35:00,1445,2025-01-09 10:35:00
164,4,2025-01-09 10:38:00,1445,2025-01-09 10:38:00
163,5,2025-01-09 10:40:00,1445,2025-01-09 10:40:00
162,6,2025-01-09 10:42:00,1445,2025-01-09 10:42:00
161,7,2025-01-09 10:44:00,1445,2025-01-09 10:44:00
160,8,2025-01-09 10:46:00,1445,2025-01-09 10:46:00
159,9,2025-01-09 10:48:00,1445,2025-01-09 10:48:00
158,10,2025-01-09 10:50:00,1445,2025-01-09 10:50:00
157,11,2025-01-09 10:52:00,1445,2025-01-09 10:52:00
156,12,2025-01-09 10:54:00,1445,2025-01-09 10:54:00
155,13,2025-01-09 10:56:00,1445,2025-01-09 10:56:00
154,14,2025-01-09 10:58:00,1445,2025-01-09 10:58:00
153,15,2025-01-09 11:00:00,1445,2025-01-09 11:00:00
152,16,2025-01-09 11:03:00,1445,2025-01-09 11:03:00
151,17,2025-01-09 11:05:00,1445,2025-01-09 11:05:00
150,18,2025-01-09 11:06:00,1445,2025-01-09 11:06:00
149,19,2025-01-09 11:08:00,1445,2025-01-09 11:08:00
148,20,2025-01-09 11:10:00,1445,2025-01-09 11:10:00
147,21,2025-01-09 11:12:00,1445,2025-01-09 11:12:00
146,22,2025-01-09 11:14:00,1445,2025-01-09 11:14:00
145,23,2025-01-09 11:16:00,1445,2025-01-09 11:16:00
144,24,2025-01-09 11:18:00,1445,2025-01-09 11:18:00
143,25,2025-01-09 11:20:00,1445,2025-01-09 11:20:00
142,26,2025-01-09 11:23:00,1445,2025-01-09 11:23:00
141,27,2025-01-09 11:27:00,1445,2025-01-09 11:27:00
140,28,2025-01-09 11:28:00,1445,2025-01-09 11:28:00
139,29,2025-01-09 11:30:00,1445,2025-01-09 11:30:00
138,30,2025-01-09 11:32:00,1445,2025-01-09 11:32:00
137,31,2025-01-09 11:35:00,1445,2025-01-09 11:35:00
168,0,2025-01-09 10:38:00,1446,2025-01-09 10:38:00
167,1,2025-01-09 10:41:00,1446,2025-01-09 10:41:00
166,2,2025-01-09 10:43:00,1446,2025-01-09 10:43:00
165,3,2025-01-09 10:45:00,1446,2025-01-09 10:45:00
164,4,2025-01-09 10:48:00,1446,2025-01-09 10:48:00
163,5,2025-01-09 10:50:00,1446,2025-01-09 10:50:00
162,6,2025-01-09 10:52:00,1446,2025-01-09 10:52:00
161,7,2025-01-09 10:54:00,1446,2025-01-09 10:54:00
160,8,2025-01-09 10:56:00,1446,2025-01-09 10:56:00
159,9,2025-01-09 10:58:00,1446,2025-01-09 10:58:00
158,10,2025-01-09 11:00:00,1446,2025-01-09 11:00:00
157,11,2025-01-09 11:02:00,1446,2025-01-09 11:02:00
156,12,2025-01-09 11:04:00,1446,2025-01-09 11:04:00
155,13,2025-01-09 11:06:00,1446,2025-01-09 11:06:00
154,14,2025-01-09 11:08:00,1446,2025-01-09 11:08:00
153,15,2025-01-09 11:10:00,1446,2025-01-09 11:10:00
152,16,2025-01-09 11:13:00,1446,2025-01-09 11:13:00
151,17,2025-01-09 11:15:00,1446,2025-01-09 11:15:00
150,18,2025-01-09 11:16:00,1446,2025-01-09 11:16:00
149,19,2025-01-09 11:18:00,1446,2025-01-09 11:18:00
148,20,2025-01-09 11:20:00,1446,2025-01-09 11:20:00
147,21,2025-01-09 11:22:00,1446,2025-01-09 11:22:00
146,22,2025-01-09 11:24:00,1446,2025-01-09 11:24:00
145,23,2025-01-09 11:26:00,1446,2025-01-09 11:26:00
144,24,2025-01-09 11:28:00,1446,2025-01-09 11:28:00
143,25,2025-01-09 11:30:00,1446,2025-01-09 11:30:00
142,26,2025-01-09 11:33:00,1446,2025-01-09 11:33:00
141,27,2025-01-09 11:37:00,1446,2025-01-09 11:37:00
140,28,2025-01-09 11:38:00,1446,2025-01-09 11:38:00
139,29,2025-01-09 11:40:00,1446,2025-01-09 11:40:00
138,30,2025-01-09 11:42:00,1446,2025-01-09 11:42:00
137,31,2025-01-09 11:45:00,1446,2025-01-09 11:45:00
168,0,2025-01-09 10:48:00,1447,2025-01-09 10:48:00
167,1,2025-01-09 10:51:00,1447,2025-01-09 10:51:00
166,2,2025-01-09 10:53:00,1447,2025-01-09 10:53:00
165,3,2025-01-09 10:55:00,1447,2025-01-09 10:55:00
164,4,2025-01-09 10:58:00,1447,2025-01-09 10:58:00
163,5,2025-01-09 11:00:00,1447,2025-01-09 11:00:00
162,6,2025-01-09 11:02:00,1447,2025-01-09 11:02:00
161,7,2025-01-09 11:04:00,1447,2025-01-09 11:04:00
160,8,2025-01-09 11:06:00,1447,2025-01-09 11:06:00
159,9,2025-01-09 11:08:00,1447,2025-01-09 11:08:00
158,10,2025-01-09 11:10:00,1447,2025-01-09 11:10:00
157,11,2025-01-09 11:12:00,1447,2025-01-09 11:12:00
156,12,2025-01-09 11:14:00,1447,2025-01-09 11:14:00
155,13,2025-01-09 11:16:00,1447,2025-01-09 11:16:00
154,14,2025-01-09 11:18:00,1447,2025-01-09 11:18:00
153,15,2025-01-09 11:20:00,1447,2025-01-09 11:20:00
152,16,2025-01-09 11:23:00,1447,2025-01-09 11:23:00
151,17,2025-01-09 11:25:00,1447,2025-01-09 11:25:00
150,18,2025-01-09 11:26:00,1447,2025-01-09 11:26:00
149,19,2025-01-09 11:28:00,1447,2025-01-09 11:28:00
148,20,2025-01-09 11:30:00,1447,2025-01-09 11:30:00
147,21,2025-01-09 11:32:00,1447,2025-01-09 11:32:00
146,22,2025-01-09 11:34:00,1447,2025-01-09 11:34:00
145,23,2025-01-09 11:36:00,1447,2025-01-09 11:36:00
144,24,2025-01-09 11:38:00,1447,2025-01-09 11:38:00
143,25,2025-01-09 11:40:00,1447,2025-01-09 11:40:00
142,26,2025-01-09 11:43:00,1447,2025-01-09 11:43:00
141,27,2025-01-09 11:47:00,1447,2025-01-09 11:47:00
140,28,2025-01-09 11:48:00,1447,2025-01-09 11:48:00
139,29,2025-01-09 11:50:00,1447,2025-01-09 11:50:00
138,30,2025-01-09 11:52:00,1447,2025-01-09 11:52:00
137,31,2025-01-09 11:55:00,1447,2025-01-09 11:55:00
168,0,2025-01-09 10:58:00,1448,2025-01-09 10:58:00
167,1,2025-01-09 11:01:00,1448,2025-01-09 11:01:00
166,2,2025-01-09 11:03:00,1448,2025-01-09 11:03:00
165,3,2025-01-09 11:05:00,1448,2025-01-09 11:05:00
164,4,2025-01-09 11:08:00,1448,2025-01-09 11:08:00
163,5,2025-01-09 11:10:00,1448,2025-01-09 11:10:00
162,6,2025-01-09 11:12:00,1448,2025-01-09 11:12:00
161,7,2025-01-09 11:14:00,1448,2025-01-09 11:14:00
160,8,2025-01-09 11:16:00,1448,2025-01-09 11:16:00
159,9,2025-01-09 11:18:00,1448,2025-01-09 11:18:00
158,10,2025-01-09 11:20:00,1448,2025-01-09 11:20:00
157,11,2025-01-09 11:22:00,1448,2025-01-09 11:22:00
156,12,2025-01-09 11:24:00,1448,2025-01-09 11:24:00
155,13,2025-01-09 11:26:00,1448,2025-01-09 11:26:00
154,14,2025-01-09 11:28:00,1448,2025-01-09 11:28:00
153,15,2025-01-09 11:30:00,1448,2025-01-09 11:30:00
152,16,2025-01-09 11:33:00,1448,2025-01-09 11:33:00
151,17,2025-01-09 11:35:00,1448,2025-01-09 11:35:00
150,18,2025-01-09 11:36:00,1448,2025-01-09 11:36:00
149,19,2025-01-09 11:38:00,1448,2025-01-09 11:38:00
148,20,2025-01-09 11:40:00,1448,2025-01-09 11:40:00
147,21,2025-01-09 11:42:00,1448,2025-01-09 11:42:00
146,22,2025-01-09 11:44:00,1448,2025-01-09 11:44:00
145,23,2025-01-09 11:46:00,1448,2025-01-09 11:46:00
144,24,2025-01-09 11:48:00,1448,2025-01-09 11:48:00
143,25,2025-01-09 11:50:00,1448,2025-01-09 11:50:00
142,26,2025-01-09 11:53:00,1448,2025-01-09 11:53:00
141,27,2025-01-09 11:57:00,1448,2025-01-09 11:57:00
140,28,2025-01-09 11:58:00,1448,2025-01-09 11:58:00
139,29,2025-01-09 12:00:00,1448,2025-01-09 12:00:00
138,30,2025-01-09 12:02:00,1448,2025-01-09 12:02:00
137,31,2025-01-09 12:05:00,1448,2025-01-09 12:05:00
168,0,2025-01-09 11:08:00,1449,2025-01-09 11:08:00
167,1,2025-01-09 11:11:00,1449,2025-01-09 11:11:00
166,2,2025-01-09 11:13:00,1449,2025-01-09 11:13:00
165,3,2025-01-09 11:15:00,1449,2025-01-09 11:15:00
164,4,2025-01-09 11:18:00,1449,2025-01-09 11:18:00
163,5,2025-01-09 11:20:00,1449,2025-01-09 11:20:00
162,6,2025-01-09 11:22:00,1449,2025-01-09 11:22:00
161,7,2025-01-09 11:24:00,1449,2025-01-09 11:24:00
160,8,2025-01-09 11:26:00,1449,2025-01-09 11:26:00
159,9,2025-01-09 11:28:00,1449,2025-01-09 11:28:00
158,10,2025-01-09 11:30:00,1449,2025-01-09 11:30:00
157,11,2025-01-09 11:32:00,1449,2025-01-09 11:32:00
156,12,2025-01-09 11:34:00,1449,2025-01-09 11:34:00
155,13,2025-01-09 11:36:00,1449,2025-01-09 11:36:00
154,14,2025-01-09 11:38:00,1449,2025-01-09 11:38:00
153,15,2025-01-09 11:40:00,1449,2025-01-09 11:40:00
152,16,2025-01-09 11:43:00,1449,2025-01-09 11:43:00
151,17,2025-01-09 11:45:00,1449,2025-01-09 11:45:00
150,18,2025-01-09 11:46:00,1449,2025-01-09 11:46:00
149,19,2025-01-09 11:48:00,1449,2025-01-09 11:48:00
148,20,2025-01-09 11:50:00,1449,2025-01-09 11:50:00
147,21,2025-01-09 11:52:00,1449,2025-01-09 11:52:00
146,22,2025-01-09 11:54:00,1449,2025-01-09 11:54:00
145,23,2025-01-09 11:56:00,1449,2025-01-09 11:56:00
144,24,2025-01-09 11:58:00,1449,2025-01-09 11:58:00
143,25,2025-01-09 12:00:00,1449,2025-01-09 12:00:00
142,26,2025-01-09 12:03:00,1449,2025-01-09 12:03:00
141,27,2025-01-09 12:07:00,1449,2025-01-09 12:07:00
140,28,2025-01-09 12:08:00,1449,2025-01-09 12:08:00
139,29,2025-01-09 12:10:00,1449,2025-01-09 12:10:00
138,30,2025-01-09 12:12:00,1449,2025-01-09 12:12:00
137,31,2025-01-09 12:15:00,1449,2025-01-09 12:15:00
168,0,2025-01-09 11:18:00,1450,2025-01-09 11:18:00
167,1,2025-01-09 11:21:00,1450,2025-01-09 11:21:00
166,2,2025-01-09 11:23:00,1450,2025-01-09 11:23:00
165,3,2025-01-09 11:25:00,1450,2025-01-09 11:25:00
164,4,2025-01-09 11:28:00,1450,2025-01-09 11:28:00
163,5,2025-01-09 11:30:00,1450,2025-01-09 11:30:00
162,6,2025-01-09 11:32:00,1450,2025-01-09 11:32:00
161,7,2025-01-09 11:34:00,1450,2025-01-09 11:34:00
160,8,2025-01-09 11:36:00,1450,2025-01-09 11:36:00
159,9,2025-01-09 11:38:00,1450,2025-01-09 11:38:00
158,10,2025-01-09 11:40:00,1450,2025-01-09 11:40:00
157,11,2025-01-09 11:42:00,1450,2025-01-09 11:42:00
156,12,2025-01-09 11:44:00,1450,2025-01-09 11:44:00
155,13,2025-01-09 11:46:00,1450,2025-01-09 11:46:00
154,14,2025-01-09 11:48:00,1450,2025-01-09 11:48:00
153,15,2025-01-09 11:50:00,1450,2025-01-09 11:50:00
152,16,2025-01-09 11:53:00,1450,2025-01-09 11:53:00
151,17,2025-01-09 11:55:00,1450,2025-01-09 11:55:00
150,18,2025-01-09 11:56:00,1450,2025-01-09 11:56:00
149,19,2025-01-09 11:58:00,1450,2025-01-09 11:58:00
148,20,2025-01-09 12:00:00,1450,2025-01-09 12:00:00
147,21,2025-01-09 12:02:00,1450,2025-01-09 12:02:00
146,22,2025-01-09 12:04:00,1450,2025-01-09 12:04:00
145,23,2025-01-09 12:06:00,1450,2025-01-09 12:06:00
144,24,2025-01-09 12:08:00,1450,2025-01-09 12:08:00
143,25,2025-01-09 12:10:00,1450,2025-01-09 12:10:00
142,26,2025-01-09 12:13:00,1450,2025-01-09 12:13:00
141,27,2025-01-09 12:17:00,1450,2025-01-09 12:17:00
140,28,2025-01-09 12:18:00,1450,2025-01-09 12:18:00
139,29,2025-01-09 12:20:00,1450,2025-01-09 12:20:00
138,30,2025-01-09 12:22:00,1450,2025-01-09 12:22:00
137,31,2025-01-09 12:25:00,1450,2025-01-09 12:25:00
168,0,2025-01-09 11:28:00,1451,2025-01-09 11:28:00
167,1,2025-01-09 11:31:00,1451,2025-01-09 11:31:00
166,2,2025-01-09 11:33:00,1451,2025-01-09 11:33:00
165,3,2025-01-09 11:35:00,1451,2025-01-09 11:35:00
164,4,2025-01-09 11:38:00,1451,2025-01-09 11:38:00
163,5,2025-01-09 11:40:00,1451,2025-01-09 11:40:00
162,6,2025-01-09 11:42:00,1451,2025-01-09 11:42:00
161,7,2025-01-09 11:44:00,1451,2025-01-09 11:44:00
160,8,2025-01-09 11:46:00,1451,2025-01-09 11:46:00
159,9,2025-01-09 11:48:00,1451,2025-01-09 11:48:00
158,10,2025-01-09 11:50:00,1451,2025-01-09 11:50:00
157,11,2025-01-09 11:52:00,1451,2025-01-09 11:52:00
156,12,2025-01-09 11:54:00,1451,2025-01-09 11:54:00
155,13,2025-01-09 11:56:00,1451,2025-01-09 11:56:00
154,14,2025-01-09 11:58:00,1451,2025-01-09 11:58:00
153,15,2025-01-09 12:00:00,1451,2025-01-09 12:00:00
152,16,2025-01-09 12:03:00,1451,2025-01-09 12:03:00
151,17,2025-01-09 12:05:00,1451,2025-01-09 12:05:00
150,18,2025-01-09 12:06:00,1451,2025-01-09 12:06:00
149,19,2025-01-09 12:08:00,1451,2025-01-09 12:08:00
148,20,2025-01-09 12:10:00,1451,2025-01-09 12:10:00
147,21,2025-01-09 12:12:00,1451,2025-01-09 12:12:00
146,22,2025-01-09 12:14:00,1451,2025-01-09 12:14:00
145,23,2025-01-09 12:16:00,1451,2025-01-09 12:16:00
144,24,2025-01-09 12:18:00,1451,2025-01-09 12:18:00
143,25,2025-01-09 12:20:00,1451,2025-01-09 12:20:00
142,26,2025-01-09 12:23:00,1451,2025-01-09 12:23:00
141,27,2025-01-09 12:27:00,1451,2025-01-09 12:27:00
140,28,2025-01-09 12:28:00,1451,2025-01-09 12:28:00
139,29,2025-01-09 12:30:00,1451,2025-01-09 12:30:00
138,30,2025-01-09 12:32:00,1451,2025-01-09 12:32:00
137,31,2025-01-09 12:35:00,1451,2025-01-09 12:35:00
168,0,2025-01-09 11:38:00,1452,2025-01-09 11:38:00
167,1,2025-01-09 11:41:00,1452,2025-01-09 11:41:00
166,2,2025-01-09 11:43:00,1452,2025-01-09 11:43:00
165,3,2025-01-09 11:45:00,1452,2025-01-09 11:45:00
164,4,2025-01-09 11:48:00,1452,2025-01-09 11:48:00
163,5,2025-01-09 11:50:00,1452,2025-01-09 11:50:00
162,6,2025-01-09 11:52:00,1452,2025-01-09 11:52:00
161,7,2025-01-09 11:54:00,1452,2025-01-09 11:54:00
160,8,2025-01-09 11:56:00,1452,2025-01-09 11:56:00
159,9,2025-01-09 11:58:00,1452,2025-01-09 11:58:00
158,10,2025-01-09 12:00:00,1452,2025-01-09 12:00:00
157,11,2025-01-09 12:02:00,1452,2025-01-09 12:02:00
156,12,2025-01-09 12:04:00,1452,2025-01-09 12:04:00
155,13,2025-01-09 12:06:00,1452,2025-01-09 12:06:00
154,14,2025-01-09 12:08:00,1452,2025-01-09 12:08:00
153,15,2025-01-09 12:10:00,1452,2025-01-09 12:10:00
152,16,2025-01-09 12:13:00,1452,2025-01-09 12:13:00
151,17,2025-01-09 12:15:00,1452,2025-01-09 12:15:00
150,18,2025-01-09 12:16:00,1452,2025-01-09 12:16:00
149,19,2025-01-09 12:18:00,1452,2025-01-09 12:18:00
148,20,2025-01-09 12:20:00,1452,2025-01-09 12:20:00
147,21,2025-01-09 12:22:00,1452,2025-01-09 12:22:00
146,22,2025-01-09 12:24:00,1452,2025-01-09 12:24:00
145,23,2025-01-09 12:26:00,1452,2025-01-09 12:26:00
144,24,2025-01-09 12:28:00,1452,2025-01-09 12:28:00
143,25,2025-01-09 12:30:00,1452,2025-01-09 12:30:00
142,26,2025-01-09 12:33:00,1452,2025-01-09 12:33:00
141,27,2025-01-09 12:37:00,1452,2025-01-09 12:37:00
140,28,2025-01-09 12:38:00,1452,2025-01-09 12:38:00
139,29,2025-01-09 12:40:00,1452,2025-01-09 12:40:00
138,30,2025-01-09 12:42:00,1452,2025-01-09 12:42:00
137,31,2025-01-09 12:45:00,1452,2025-01-09 12:45:00
168,0,2025-01-09 11:48:00,1453,2025-01-09 11:48:00
167,1,2025-01-09 11:51:00,1453,2025-01-09 11:51:00
166,2,2025-01-09 11:53:00,1453,2025-01-09 11:53:00
165,3,2025-01-09 11:55:00,1453,2025-01-09 11:55:00
164,4,2025-01-09 11:58:00,1453,2025-01-09 11:58:00
163,5,2025-01-09 12:00:00,1453,2025-01-09 12:00:00
162,6,2025-01-09 12:02:00,1453,2025-01-09 12:02:00
161,7,2025-01-09 12:04:00,1453,2025-01-09 12:04:00
160,8,2025-01-09 12:06:00,1453,2025-01-09 12:06:00
159,9,2025-01-09 12:08:00,1453,2025-01-09 12:08:00
158,10,2025-01-09 12:10:00,1453,2025-01-09 12:10:00
157,11,2025-01-09 12:12:00,1453,2025-01-09 12:12:00
156,12,2025-01-09 12:14:00,1453,2025-01-09 12:14:00
155,13,2025-01-09 12:16:00,1453,2025-01-09 12:16:00
154,14,2025-01-09 12:18:00,1453,2025-01-09 12:18:00
153,15,2025-01-09 12:20:00,1453,2025-01-09 12:20:00
152,16,2025-01-09 12:23:00,1453,2025-01-09 12:23:00
151,17,2025-01-09 12:25:00,1453,2025-01-09 12:25:00
150,18,2025-01-09 12:26:00,1453,2025-01-09 12:26:00
149,19,2025-01-09 12:28:00,1453,2025-01-09 12:28:00
148,20,2025-01-09 12:30:00,1453,2025-01-09 12:30:00
147,21,2025-01-09 12:32:00,1453,2025-01-09 12:32:00
146,22,2025-01-09 12:34:00,1453,2025-01-09 12:34:00
145,23,2025-01-09 12:36:00,1453,2025-01-09 12:36:00
144,24,2025-01-09 12:38:00,1453,2025-01-09 12:38:00
143,25,2025-01-09 12:40:00,1453,2025-01-09 12:40:00
142,26,2025-01-09 12:43:00,1453,2025-01-09 12:43:00
141,27,2025-01-09 12:47:00,1453,2025-01-09 12:47:00
140,28,2025-01-09 12:48:00,1453,2025-01-09 12:48:00
139,29,2025-01-09 12:50:00,1453,2025-01-09 12:50:00
138,30,2025-01-09 12:52:00,1453,2025-01-09 12:52:00
137,31,2025-01-09 12:55:00,1453,2025-01-09 12:55:00
168,0,2025-01-09 11:58:00,1454,2025-01-09 11:58:00
167,1,2025-01-09 12:01:00,1454,2025-01-09 12:01:00
166,2,2025-01-09 12:03:00,1454,2025-01-09 12:03:00
165,3,2025-01-09 12:05:00,1454,2025-01-09 12:05:00
164,4,2025-01-09 12:08:00,1454,2025-01-09 12:08:00
163,5,2025-01-09 12:10:00,1454,2025-01-09 12:10:00
162,6,2025-01-09 12:12:00,1454,2025-01-09 12:12:00
161,7,2025-01-09 12:14:00,1454,2025-01-09 12:14:00
160,8,2025-01-09 12:16:00,1454,2025-01-09 12:16:00
159,9,2025-01-09 12:18:00,1454,2025-01-09 12:18:00
158,10,2025-01-09 12:20:00,1454,2025-01-09 12:20:00
157,11,2025-01-09 12:22:00,1454,2025-01-09 12:22:00
156,12,2025-01-09 12:24:00,1454,2025-01-09 12:24:00
155,13,2025-01-09 12:26:00,1454,2025-01-09 12:26:00
154,14,2025-01-09 12:28:00,1454,2025-01-09 12:28:00
153,15,2025-01-09 12:30:00,1454,2025-01-09 12:30:00
152,16,2025-01-09 12:33:00,1454,2025-01-09 12:33:00
151,17,2025-01-09 12:35:00,1454,2025-01-09 12:35:00
150,18,2025-01-09 12:36:00,1454,2025-01-09 12:36:00
149,19,2025-01-09 12:38:00,1454,2025-01-09 12:38:00
148,20,2025-01-09 12:40:00,1454,2025-01-09 12:40:00
147,21,2025-01-09 12:42:00,1454,2025-01-09 12:42:00
146,22,2025-01-09 12:44:00,1454,2025-01-09 12:44:00
145,23,2025-01-09 12:46:00,1454,2025-01-09 12:46:00
144,24,2025-01-09 12:48:00,1454,2025-01-09 12:48:00
143,25,2025-01-09 12:50:00,1454,2025-01-09 12:50:00
142,26,2025-01-09 12:53:00,1454,2025-01-09 12:53:00
141,27,2025-01-09 12:57:00,1454,2025-01-09 12:57:00
140,28,2025-01-09 12:58:00,1454,2025-01-09 12:58:00
139,29,2025-01-09 13:00:00,1454,2025-01-09 13:00:00
138,30,2025-01-09 13:02:00,1454,2025-01-09 13:02:00
137,31,2025-01-09 13:05:00,1454,2025-01-09 13:05:00
168,0,2025-01-09 12:08:00,1455,2025-01-09 12:08:00
167,1,2025-01-09 12:11:00,1455,2025-01-09 12:11:00
166,2,2025-01-09 12:13:00,1455,2025-01-09 12:13:00
165,3,2025-01-09 12:15:00,1455,2025-01-09 12:15:00
164,4,2025-01-09 12:18:00,1455,2025-01-09 12:18:00
163,5,2025-01-09 12:20:00,1455,2025-01-09 12:20:00
162,6,2025-01-09 12:22:00,1455,2025-01-09 12:22:00
161,7,2025-01-09 12:24:00,1455,2025-01-09 12:24:00
160,8,2025-01-09 12:26:00,1455,2025-01-09 12:26:00
159,9,2025-01-09 12:28:00,1455,2025-01-09 12:28:00
158,10,2025-01-09 12:30:00,1455,2025-01-09 12:30:00
157,11,2025-01-09 12:32:00,1455,2025-01-09 12:32:00
156,12,2025-01-09 12:34:00,1455,2025-01-09 12:34:00
155,13,2025-01-09 12:36:00,1455,2025-01-09 12:36:00
154,14,2025-01-09 12:38:00,1455,2025-01-09 12:38:00
153,15,2025-01-09 12:40:00,1455,2025-01-09 12:40:00
152,16,2025-01-09 12:43:00,1455,2025-01-09 12:43:00
151,17,2025-01-09 12:45:00,1455,2025-01-09 12:45:00
150,18,2025-01-09 12:46:00,1455,2025-01-09 12:46:00
149,19,2025-01-09 12:48:00,1455,2025-01-09 12:48:00
148,20,2025-01-09 12:50:00,1455,2025-01-09 12:50:00
147,21,2025-01-09 12:52:00,1455,2025-01-09 12:52:00
146,22,2025-01-09 12:54:00,1455,2025-01-09 12:54:00
145,23,2025-01-09 12:56:00,1455,2025-01-09 12:56:00
144,24,2025-01-09 12:58:00,1455,2025-01-09 12:58:00
143,25,2025-01-09 13:00:00,1455,2025-01-09 13:00:00
142,26,2025-01-09 13:03:00,1455,2025-01-09 13:03:00
141,27,2025-01-09 13:07:00,1455,2025-01-09 13:07:00
140,28,2025-01-09 13:08:00,1455,2025-01-09 13:08:00
139,29,2025-01-09 13:10:00,1455,2025-01-09 13:10:00
138,30,2025-01-09 13:12:00,1455,2025-01-09 13:12:00
137,31,2025-01-09 13:15:00,1455,2025-01-09 13:15:00
168,0,2025-01-09 12:18:00,1456,2025-01-09 12:18:00
167,1,2025-01-09 12:21:00,1456,2025-01-09 12:21:00
166,2,2025-01-09 12:23:00,1456,2025-01-09 12:23:00
165,3,2025-01-09 12:25:00,1456,2025-01-09 12:25:00
164,4,2025-01-09 12:28:00,1456,2025-01-09 12:28:00
163,5,2025-01-09 12:30:00,1456,2025-01-09 12:30:00
162,6,2025-01-09 12:32:00,1456,2025-01-09 12:32:00
161,7,2025-01-09 12:34:00,1456,2025-01-09 12:34:00
160,8,2025-01-09 12:36:00,1456,2025-01-09 12:36:00
159,9,2025-01-09 12:38:00,1456,2025-01-09 12:38:00
158,10,2025-01-09 12:40:00,1456,2025-01-09 12:40:00
157,11,2025-01-09 12:42:00,1456,2025-01-09 12:42:00
156,12,2025-01-09 12:44:00,1456,2025-01-09 12:44:00
155,13,2025-01-09 12:46:00,1456,2025-01-09 12:46:00
154,14,2025-01-09 12:48:00,1456,2025-01-09 12:48:00
153,15,2025-01-09 12:50:00,1456,2025-01-09 12:50:00
152,16,2025-01-09 12:53:00,1456,2025-01-09 12:53:00
151,17,2025-01-09 12:55:00,1456,2025-01-09 12:55:00
150,18,2025-01-09 12:56:00,1456,2025-01-09 12:56:00
149,19,2025-01-09 12:58:00,1456,2025-01-09 12:58:00
148,20,2025-01-09 13:00:00,1456,2025-01-09 13:00:00
147,21,2025-01-09 13:02:00,1456,2025-01-09 13:02:00
146,22,2025-01-09 13:04:00,1456,2025-01-09 13:04:00
145,23,2025-01-09 13:06:00,1456,2025-01-09 13:06:00
144,24,2025-01-09 13:08:00,1456,2025-01-09 13:08:00
143,25,2025-01-09 13:10:00,1456,2025-01-09 13:10:00
142,26,2025-01-09 13:13:00,1456,2025-01-09 13:13:00
141,27,2025-01-09 13:17:00,1456,2025-01-09 13:17:00
140,28,2025-01-09 13:18:00,1456,2025-01-09 13:18:00
139,29,2025-01-09 13:20:00,1456,2025-01-09 13:20:00
138,30,2025-01-09 13:22:00,1456,2025-01-09 13:22:00
137,31,2025-01-09 13:25:00,1456,2025-01-09 13:25:00
168,0,2025-01-09 12:28:00,1457,2025-01-09 12:28:00
167,1,2025-01-09 12:31:00,1457,2025-01-09 12:31:00
166,2,2025-01-09 12:33:00,1457,2025-01-09 12:33:00
165,3,2025-01-09 12:35:00,1457,2025-01-09 12:35:00
164,4,2025-01-09 12:38:00,1457,2025-01-09 12:38:00
163,5,2025-01-09 12:40:00,1457,2025-01-09 12:40:00
162,6,2025-01-09 12:42:00,1457,2025-01-09 12:42:00
161,7,2025-01-09 12:44:00,1457,2025-01-09 12:44:00
160,8,2025-01-09 12:46:00,1457,2025-01-09 12:46:00
159,9,2025-01-09 12:48:00,1457,2025-01-09 12:48:00
158,10,2025-01-09 12:50:00,1457,2025-01-09 12:50:00
157,11,2025-01-09 12:52:00,1457,2025-01-09 12:52:00
156,12,2025-01-09 12:54:00,1457,2025-01-09 12:54:00
155,13,2025-01-09 12:56:00,1457,2025-01-09 12:56:00
154,14,2025-01-09 12:58:00,1457,2025-01-09 12:58:00
153,15,2025-01-09 13:00:00,1457,2025-01-09 13:00:00
152,16,2025-01-09 13:03:00,1457,2025-01-09 13:03:00
151,17,2025-01-09 13:05:00,1457,2025-01-09 13:05:00
150,18,2025-01-09 13:06:00,1457,2025-01-09 13:06:00
149,19,2025-01-09 13:08:00,1457,2025-01-09 13:08:00
148,20,2025-01-09 13:10:00,1457,2025-01-09 13:10:00
147,21,2025-01-09 13:12:00,1457,2025-01-09 13:12:00
146,22,2025-01-09 13:14:00,1457,2025-01-09 13:14:00
145,23,2025-01-09 13:16:00,1457,2025-01-09 13:16:00
144,24,2025-01-09 13:18:00,1457,2025-01-09 13:18:00
143,25,2025-01-09 13:20:00,1457,2025-01-09 13:20:00
142,26,2025-01-09 13:23:00,1457,2025-01-09 13:23:00
141,27,2025-01-09 13:27:00,1457,2025-01-09 13:27:00
140,28,2025-01-09 13:28:00,1457,2025-01-09 13:28:00
139,29,2025-01-09 13:30:00,1457,2025-01-09 13:30:00
138,30,2025-01-09 13:32:00,1457,2025-01-09 13:32:00
137,31,2025-01-09 13:35:00,1457,2025-01-09 13:35:00
168,0,2025-01-09 12:38:00,1458,2025-01-09 12:38:00
167,1,2025-01-09 12:41:00,1458,2025-01-09 12:41:00
166,2,2025-01-09 12:43:00,1458,2025-01-09 12:43:00
165,3,2025-01-09 12:45:00,1458,2025-01-09 12:45:00
164,4,2025-01-09 12:48:00,1458,2025-01-09 12:48:00
163,5,2025-01-09 12:50:00,1458,2025-01-09 12:50:00
162,6,2025-01-09 12:52:00,1458,2025-01-09 12:52:00
161,7,2025-01-09 12:54:00,1458,2025-01-09 12:54:00
160,8,2025-01-09 12:56:00,1458,2025-01-09 12:56:00
159,9,2025-01-09 12:58:00,1458,2025-01-09 12:58:00
158,10,2025-01-09 13:00:00,1458,2025-01-09 13:00:00
157,11,2025-01-09 13:02:00,1458,2025-01-09 13:02:00
156,12,2025-01-09 13:04:00,1458,2025-01-09 13:04:00
155,13,2025-01-09 13:06:00,1458,2025-01-09 13:06:00
154,14,2025-01-09 13:08:00,1458,2025-01-09 13:08:00
153,15,2025-01-09 13:10:00,1458,2025-01-09 13:10:00
152,16,2025-01-09 13:13:00,1458,2025-01-09 13:13:00
151,17,2025-01-09 13:15:00,1458,2025-01-09 13:15:00
150,18,2025-01-09 13:16:00,1458,2025-01-09 13:16:00
149,19,2025-01-09 13:18:00,1458,2025-01-09 13:18:00
148,20,2025-01-09 13:20:00,1458,2025-01-09 13:20:00
147,21,2025-01-09 13:22:00,1458,2025-01-09 13:22:00
146,22,2025-01-09 13:24:00,1458,2025-01-09 13:24:00
145,23,2025-01-09 13:26:00,1458,2025-01-09 13:26:00
144,24,2025-01-09 13:28:00,1458,2025-01-09 13:28:00
143,25,2025-01-09 13:30:00,1458,2025-01-09 13:30:00
142,26,2025-01-09 13:33:00,1458,2025-01-09 13:33:00
141,27,2025-01-09 13:37:00,1458,2025-01-09 13:37:00
140,28,2025-01-09 13:38:00,1458,2025-01-09 13:38:00
139,29,2025-01-09 13:40:00,1458,2025-01-09 13:40:00
138,30,2025-01-09 13:42:00,1458,2025-01-09 13:42:00
137,31,2025-01-09 13:45:00,1458,2025-01-09 13:45:00
168,0,2025-01-09 12:48:00,1459,2025-01-09 12:48:00
167,1,2025-01-09 12:51:00,1459,2025-01-09 12:51:00
166,2,2025-01-09 12:53:00,1459,2025-01-09 12:53:00
165,3,2025-01-09 12:55:00,1459,2025-01-09 12:55:00
164,4,2025-01-09 12:58:00,1459,2025-01-09 12:58:00
163,5,2025-01-09 13:00:00,1459,2025-01-09 13:00:00
162,6,2025-01-09 13:02:00,1459,2025-01-09 13:02:00
161,7,2025-01-09 13:04:00,1459,2025-01-09 13:04:00
160,8,2025-01-09 13:06:00,1459,2025-01-09 13:06:00
159,9,2025-01-09 13:08:00,1459,2025-01-09 13:08:00
158,10,2025-01-09 13:10:00,1459,2025-01-09 13:10:00
157,11,2025-01-09 13:12:00,1459,2025-01-09 13:12:00
156,12,2025-01-09 13:14:00,1459,2025-01-09 13:14:00
155,13,2025-01-09 13:16:00,1459,2025-01-09 13:16:00
154,14,2025-01-09 13:18:00,1459,2025-01-09 13:18:00
153,15,2025-01-09 13:20:00,1459,2025-01-09 13:20:00
152,16,2025-01-09 13:23:00,1459,2025-01-09 13:23:00
151,17,2025-01-09 13:25:00,1459,2025-01-09 13:25:00
150,18,2025-01-09 13:26:00,1459,2025-01-09 13:26:00
149,19,2025-01-09 13:28:00,1459,2025-01-09 13:28:00
148,20,2025-01-09 13:30:00,1459,2025-01-09 13:30:00
147,21,2025-01-09 13:32:00,1459,2025-01-09 13:32:00
146,22,2025-01-09 13:34:00,1459,2025-01-09 13:34:00
145,23,2025-01-09 13:36:00,1459,2025-01-09 13:36:00
144,24,2025-01-09 13:38:00,1459,2025-01-09 13:38:00
143,25,2025-01-09 13:40:00,1459,2025-01-09 13:40:00
142,26,2025-01-09 13:43:00,1459,2025-01-09 13:43:00
141,27,2025-01-09 13:47:00,1459,2025-01-09 13:47:00
140,28,2025-01-09 13:48:00,1459,2025-01-09 13:48:00
139,29,2025-01-09 13:50:00,1459,2025-01-09 13:50:00
138,30,2025-01-09 13:52:00,1459,2025-01-09 13:52:00
137,31,2025-01-09 13:55:00,1459,2025-01-09 13:55:00
168,0,2025-01-09 12:58:00,1460,2025-01-09 12:58:00
167,1,2025-01-09 13:01:00,1460,2025-01-09 13:01:00
166,2,2025-01-09 13:03:00,1460,2025-01-09 13:03:00
165,3,2025-01-09 13:05:00,1460,2025-01-09 13:05:00
164,4,2025-01-09 13:08:00,1460,2025-01-09 13:08:00
163,5,2025-01-09 13:10:00,1460,2025-01-09 13:10:00
162,6,2025-01-09 13:12:00,1460,2025-01-09 13:12:00
161,7,2025-01-09 13:14:00,1460,2025-01-09 13:14:00
160,8,2025-01-09 13:16:00,1460,2025-01-09 13:16:00
159,9,2025-01-09 13:18:00,1460,2025-01-09 13:18:00
158,10,2025-01-09 13:20:00,1460,2025-01-09 13:20:00
157,11,2025-01-09 13:22:00,1460,2025-01-09 13:22:00
156,12,2025-01-09 13:24:00,1460,2025-01-09 13:24:00
155,13,2025-01-09 13:26:00,1460,2025-01-09 13:26:00
154,14,2025-01-09 13:28:00,1460,2025-01-09 13:28:00
153,15,2025-01-09 13:30:00,1460,2025-01-09 13:30:00
152,16,2025-01-09 13:33:00,1460,2025-01-09 13:33:00
151,17,2025-01-09 13:35:00,1460,2025-01-09 13:35:00
150,18,2025-01-09 13:36:00,1460,2025-01-09 13:36:00
149,19,2025-01-09 13:38:00,1460,2025-01-09 13:38:00
148,20,2025-01-09 13:40:00,1460,2025-01-09 13:40:00
147,21,2025-01-09 13:42:00,1460,2025-01-09 13:42:00
146,22,2025-01-09 13:44:00,1460,2025-01-09 13:44:00
145,23,2025-01-09 13:46:00,1460,2025-01-09 13:46:00
144,24,2025-01-09 13:48:00,1460,2025-01-09 13:48:00
143,25,2025-01-09 13:50:00,1460,2025-01-09 13:50:00
142,26,2025-01-09 13:53:00,1460,2025-01-09 13:53:00
141,27,2025-01-09 13:57:00,1460,2025-01-09 13:57:00
140,28,2025-01-09 13:58:00,1460,2025-01-09 13:58:00
139,29,2025-01-09 14:00:00,1460,2025-01-09 14:00:00
138,30,2025-01-09 14:02:00,1460,2025-01-09 14:02:00
137,31,2025-01-09 14:05:00,1460,2025-01-09 14:05:00
168,0,2025-01-09 13:08:00,1461,2025-01-09 13:08:00
167,1,2025-01-09 13:11:00,1461,2025-01-09 13:11:00
166,2,2025-01-09 13:13:00,1461,2025-01-09 13:13:00
165,3,2025-01-09 13:15:00,1461,2025-01-09 13:15:00
164,4,2025-01-09 13:18:00,1461,2025-01-09 13:18:00
163,5,2025-01-09 13:20:00,1461,2025-01-09 13:20:00
162,6,2025-01-09 13:22:00,1461,2025-01-09 13:22:00
161,7,2025-01-09 13:24:00,1461,2025-01-09 13:24:00
160,8,2025-01-09 13:26:00,1461,2025-01-09 13:26:00
159,9,2025-01-09 13:28:00,1461,2025-01-09 13:28:00
158,10,2025-01-09 13:30:00,1461,2025-01-09 13:30:00
157,11,2025-01-09 13:32:00,1461,2025-01-09 13:32:00
156,12,2025-01-09 13:34:00,1461,2025-01-09 13:34:00
155,13,2025-01-09 13:36:00,1461,2025-01-09 13:36:00
154,14,2025-01-09 13:38:00,1461,2025-01-09 13:38:00
153,15,2025-01-09 13:40:00,1461,2025-01-09 13:40:00
152,16,2025-01-09 13:43:00,1461,2025-01-09 13:43:00
151,17,2025-01-09 13:45:00,1461,2025-01-09 13:45:00
150,18,2025-01-09 13:46:00,1461,2025-01-09 13:46:00
149,19,2025-01-09 13:48:00,1461,2025-01-09 13:48:00
148,20,2025-01-09 13:50:00,1461,2025-01-09 13:50:00
147,21,2025-01-09 13:52:00,1461,2025-01-09 13:52:00
146,22,2025-01-09 13:54:00,1461,2025-01-09 13:54:00
145,23,2025-01-09 13:56:00,1461,2025-01-09 13:56:00
144,24,2025-01-09 13:58:00,1461,2025-01-09 13:58:00
143,25,2025-01-09 14:00:00,1461,2025-01-09 14:00:00
142,26,2025-01-09 14:03:00,1461,2025-01-09 14:03:00
141,27,2025-01-09 14:07:00,1461,2025-01-09 14:07:00
140,28,2025-01-09 14:08:00,1461,2025-01-09 14:08:00
139,29,2025-01-09 14:10:00,1461,2025-01-09 14:10:00
138,30,2025-01-09 14:12:00,1461,2025-01-09 14:12:00
137,31,2025-01-09 14:15:00,1461,2025-01-09 14:15:00
168,0,2025-01-09 13:18:00,1462,2025-01-09 13:18:00
167,1,2025-01-09 13:21:00,1462,2025-01-09 13:21:00
166,2,2025-01-09 13:23:00,1462,2025-01-09 13:23:00
165,3,2025-01-09 13:25:00,1462,2025-01-09 13:25:00
164,4,2025-01-09 13:28:00,1462,2025-01-09 13:28:00
163,5,2025-01-09 13:30:00,1462,2025-01-09 13:30:00
162,6,2025-01-09 13:32:00,1462,2025-01-09 13:32:00
161,7,2025-01-09 13:34:00,1462,2025-01-09 13:34:00
160,8,2025-01-09 13:36:00,1462,2025-01-09 13:36:00
159,9,2025-01-09 13:38:00,1462,2025-01-09 13:38:00
158,10,2025-01-09 13:40:00,1462,2025-01-09 13:40:00
157,11,2025-01-09 13:42:00,1462,2025-01-09 13:42:00
156,12,2025-01-09 13:44:00,1462,2025-01-09 13:44:00
155,13,2025-01-09 13:46:00,1462,2025-01-09 13:46:00
154,14,2025-01-09 13:48:00,1462,2025-01-09 13:48:00
153,15,2025-01-09 13:50:00,1462,2025-01-09 13:50:00
152,16,2025-01-09 13:53:00,1462,2025-01-09 13:53:00
151,17,2025-01-09 13:55:00,1462,2025-01-09 13:55:00
150,18,2025-01-09 13:56:00,1462,2025-01-09 13:56:00
149,19,2025-01-09 13:58:00,1462,2025-01-09 13:58:00
148,20,2025-01-09 14:00:00,1462,2025-01-09 14:00:00
147,21,2025-01-09 14:02:00,1462,2025-01-09 14:02:00
146,22,2025-01-09 14:04:00,1462,2025-01-09 14:04:00
145,23,2025-01-09 14:06:00,1462,2025-01-09 14:06:00
144,24,2025-01-09 14:08:00,1462,2025-01-09 14:08:00
143,25,2025-01-09 14:10:00,1462,2025-01-09 14:10:00
142,26,2025-01-09 14:13:00,1462,2025-01-09 14:13:00
141,27,2025-01-09 14:17:00,1462,2025-01-09 14:17:00
140,28,2025-01-09 14:18:00,1462,2025-01-09 14:18:00
139,29,2025-01-09 14:20:00,1462,2025-01-09 14:20:00
138,30,2025-01-09 14:22:00,1462,2025-01-09 14:22:00
137,31,2025-01-09 14:25:00,1462,2025-01-09 14:25:00
168,0,2025-01-09 13:28:00,1463,2025-01-09 13:28:00
167,1,2025-01-09 13:31:00,1463,2025-01-09 13:31:00
166,2,2025-01-09 13:33:00,1463,2025-01-09 13:33:00
165,3,2025-01-09 13:35:00,1463,2025-01-09 13:35:00
164,4,2025-01-09 13:38:00,1463,2025-01-09 13:38:00
163,5,2025-01-09 13:40:00,1463,2025-01-09 13:40:00
162,6,2025-01-09 13:42:00,1463,2025-01-09 13:42:00
161,7,2025-01-09 13:44:00,1463,2025-01-09 13:44:00
160,8,2025-01-09 13:46:00,1463,2025-01-09 13:46:00
159,9,2025-01-09 13:48:00,1463,2025-01-09 13:48:00
158,10,2025-01-09 13:50:00,1463,2025-01-09 13:50:00
157,11,2025-01-09 13:52:00,1463,2025-01-09 13:52:00
156,12,2025-01-09 13:54:00,1463,2025-01-09 13:54:00
155,13,2025-01-09 13:56:00,1463,2025-01-09 13:56:00
154,14,2025-01-09 13:58:00,1463,2025-01-09 13:58:00
153,15,2025-01-09 14:00:00,1463,2025-01-09 14:00:00
152,16,2025-01-09 14:03:00,1463,2025-01-09 14:03:00
151,17,2025-01-09 14:05:00,1463,2025-01-09 14:05:00
150,18,2025-01-09 14:06:00,1463,2025-01-09 14:06:00
149,19,2025-01-09 14:08:00,1463,2025-01-09 14:08:00
148,20,2025-01-09 14:10:00,1463,2025-01-09 14:10:00
147,21,2025-01-09 14:12:00,1463,2025-01-09 14:12:00
146,22,2025-01-09 14:14:00,1463,2025-01-09 14:14:00
145,23,2025-01-09 14:16:00,1463,2025-01-09 14:16:00
144,24,2025-01-09 14:18:00,1463,2025-01-09 14:18:00
143,25,2025-01-09 14:20:00,1463,2025-01-09 14:20:00
142,26,2025-01-09 14:23:00,1463,2025-01-09 14:23:00
141,27,2025-01-09 14:27:00,1463,2025-01-09 14:27:00
140,28,2025-01-09 14:28:00,1463,2025-01-09 14:28:00
139,29,2025-01-09 14:30:00,1463,2025-01-09 14:30:00
138,30,2025-01-09 14:32:00,1463,2025-01-09 14:32:00
137,31,2025-01-09 14:35:00,1463,2025-01-09 14:35:00
168,0,2025-01-09 13:38:00,1464,2025-01-09 13:38:00
167,1,2025-01-09 13:41:00,1464,2025-01-09 13:41:00
166,2,2025-01-09 13:43:00,1464,2025-01-09 13:43:00
165,3,2025-01-09 13:45:00,1464,2025-01-09 13:45:00
164,4,2025-01-09 13:48:00,1464,2025-01-09 13:48:00
163,5,2025-01-09 13:50:00,1464,2025-01-09 13:50:00
162,6,2025-01-09 13:52:00,1464,2025-01-09 13:52:00
161,7,2025-01-09 13:54:00,1464,2025-01-09 13:54:00
160,8,2025-01-09 13:56:00,1464,2025-01-09 13:56:00
159,9,2025-01-09 13:58:00,1464,2025-01-09 13:58:00
158,10,2025-01-09 14:00:00,1464,2025-01-09 14:00:00
157,11,2025-01-09 14:02:00,1464,2025-01-09 14:02:00
156,12,2025-01-09 14:04:00,1464,2025-01-09 14:04:00
155,13,2025-01-09 14:06:00,1464,2025-01-09 14:06:00
154,14,2025-01-09 14:08:00,1464,2025-01-09 14:08:00
153,15,2025-01-09 14:10:00,1464,2025-01-09 14:10:00
152,16,2025-01-09 14:13:00,1464,2025-01-09 14:13:00
151,17,2025-01-09 14:15:00,1464,2025-01-09 14:15:00
150,18,2025-01-09 14:16:00,1464,2025-01-09 14:16:00
149,19,2025-01-09 14:18:00,1464,2025-01-09 14:18:00
148,20,2025-01-09 14:20:00,1464,2025-01-09 14:20:00
147,21,2025-01-09 14:22:00,1464,2025-01-09 14:22:00
146,22,2025-01-09 14:24:00,1464,2025-01-09 14:24:00
145,23,2025-01-09 14:26:00,1464,2025-01-09 14:26:00
144,24,2025-01-09 14:28:00,1464,2025-01-09 14:28:00
143,25,2025-01-09 14:30:00,1464,2025-01-09 14:30:00
142,26,2025-01-09 14:33:00,1464,2025-01-09 14:33:00
141,27,2025-01-09 14:37:00,1464,2025-01-09 14:37:00
140,28,2025-01-09 14:38:00,1464,2025-01-09 14:38:00
139,29,2025-01-09 14:40:00,1464,2025-01-09 14:40:00
138,30,2025-01-09 14:42:00,1464,2025-01-09 14:42:00
137,31,2025-01-09 14:45:00,1464,2025-01-09 14:45:00
168,0,2025-01-09 13:48:00,1465,2025-01-09 13:48:00
167,1,2025-01-09 13:51:00,1465,2025-01-09 13:51:00
166,2,2025-01-09 13:53:00,1465,2025-01-09 13:53:00
165,3,2025-01-09 13:55:00,1465,2025-01-09 13:55:00
164,4,2025-01-09 13:58:00,1465,2025-01-09 13:58:00
163,5,2025-01-09 14:00:00,1465,2025-01-09 14:00:00
162,6,2025-01-09 14:02:00,1465,2025-01-09 14:02:00
161,7,2025-01-09 14:04:00,1465,2025-01-09 14:04:00
160,8,2025-01-09 14:06:00,1465,2025-01-09 14:06:00
159,9,2025-01-09 14:08:00,1465,2025-01-09 14:08:00
158,10,2025-01-09 14:10:00,1465,2025-01-09 14:10:00
157,11,2025-01-09 14:12:00,1465,2025-01-09 14:12:00
156,12,2025-01-09 14:14:00,1465,2025-01-09 14:14:00
155,13,2025-01-09 14:16:00,1465,2025-01-09 14:16:00
154,14,2025-01-09 14:18:00,1465,2025-01-09 14:18:00
153,15,2025-01-09 14:20:00,1465,2025-01-09 14:20:00
152,16,2025-01-09 14:23:00,1465,2025-01-09 14:23:00
151,17,2025-01-09 14:25:00,1465,2025-01-09 14:25:00
150,18,2025-01-09 14:26:00,1465,2025-01-09 14:26:00
149,19,2025-01-09 14:28:00,1465,2025-01-09 14:28:00
148,20,2025-01-09 14:30:00,1465,2025-01-09 14:30:00
147,21,2025-01-09 14:32:00,1465,2025-01-09 14:32:00
146,22,2025-01-09 14:34:00,1465,2025-01-09 14:34:00
145,23,2025-01-09 14:36:00,1465,2025-01-09 14:36:00
144,24,2025-01-09 14:38:00,1465,2025-01-09 14:38:00
143,25,2025-01-09 14:40:00,1465,2025-01-09 14:40:00
142,26,2025-01-09 14:43:00,1465,2025-01-09 14:43:00
141,27,2025-01-09 14:47:00,1465,2025-01-09 14:47:00
140,28,2025-01-09 14:48:00,1465,2025-01-09 14:48:00
139,29,2025-01-09 14:50:00,1465,2025-01-09 14:50:00
138,30,2025-01-09 14:52:00,1465,2025-01-09 14:52:00
137,31,2025-01-09 14:55:00,1465,2025-01-09 14:55:00
168,0,2025-01-09 13:58:00,1466,2025-01-09 13:58:00
167,1,2025-01-09 14:01:00,1466,2025-01-09 14:01:00
166,2,2025-01-09 14:03:00,1466,2025-01-09 14:03:00
165,3,2025-01-09 14:05:00,1466,2025-01-09 14:05:00
164,4,2025-01-09 14:08:00,1466,2025-01-09 14:08:00
163,5,2025-01-09 14:10:00,1466,2025-01-09 14:10:00
162,6,2025-01-09 14:12:00,1466,2025-01-09 14:12:00
161,7,2025-01-09 14:14:00,1466,2025-01-09 14:14:00
160,8,2025-01-09 14:16:00,1466,2025-01-09 14:16:00
159,9,2025-01-09 14:18:00,1466,2025-01-09 14:18:00
158,10,2025-01-09 14:20:00,1466,2025-01-09 14:20:00
157,11,2025-01-09 14:22:00,1466,2025-01-09 14:22:00
156,12,2025-01-09 14:24:00,1466,2025-01-09 14:24:00
155,13,2025-01-09 14:26:00,1466,2025-01-09 14:26:00
154,14,2025-01-09 14:28:00,1466,2025-01-09 14:28:00
153,15,2025-01-09 14:30:00,1466,2025-01-09 14:30:00
152,16,2025-01-09 14:33:00,1466,2025-01-09 14:33:00
151,17,2025-01-09 14:35:00,1466,2025-01-09 14:35:00
150,18,2025-01-09 14:36:00,1466,2025-01-09 14:36:00
149,19,2025-01-09 14:38:00,1466,2025-01-09 14:38:00
148,20,2025-01-09 14:40:00,1466,2025-01-09 14:40:00
147,21,2025-01-09 14:42:00,1466,2025-01-09 14:42:00
146,22,2025-01-09 14:44:00,1466,2025-01-09 14:44:00
145,23,2025-01-09 14:46:00,1466,2025-01-09 14:46:00
144,24,2025-01-09 14:48:00,1466,2025-01-09 14:48:00
143,25,2025-01-09 14:50:00,1466,2025-01-09 14:50:00
142,26,2025-01-09 14:53:00,1466,2025-01-09 14:53:00
141,27,2025-01-09 14:57:00,1466,2025-01-09 14:57:00
140,28,2025-01-09 14:58:00,1466,2025-01-09 14:58:00
139,29,2025-01-09 15:00:00,1466,2025-01-09 15:00:00
138,30,2025-01-09 15:02:00,1466,2025-01-09 15:02:00
137,31,2025-01-09 15:05:00,1466,2025-01-09 15:05:00
168,0,2025-01-09 14:08:00,1467,2025-01-09 14:08:00
167,1,2025-01-09 14:11:00,1467,2025-01-09 14:11:00
166,2,2025-01-09 14:13:00,1467,2025-01-09 14:13:00
165,3,2025-01-09 14:15:00,1467,2025-01-09 14:15:00
164,4,2025-01-09 14:18:00,1467,2025-01-09 14:18:00
163,5,2025-01-09 14:20:00,1467,2025-01-09 14:20:00
162,6,2025-01-09 14:22:00,1467,2025-01-09 14:22:00
161,7,2025-01-09 14:24:00,1467,2025-01-09 14:24:00
160,8,2025-01-09 14:26:00,1467,2025-01-09 14:26:00
159,9,2025-01-09 14:28:00,1467,2025-01-09 14:28:00
158,10,2025-01-09 14:30:00,1467,2025-01-09 14:30:00
157,11,2025-01-09 14:32:00,1467,2025-01-09 14:32:00
156,12,2025-01-09 14:34:00,1467,2025-01-09 14:34:00
155,13,2025-01-09 14:36:00,1467,2025-01-09 14:36:00
154,14,2025-01-09 14:38:00,1467,2025-01-09 14:38:00
153,15,2025-01-09 14:40:00,1467,2025-01-09 14:40:00
152,16,2025-01-09 14:43:00,1467,2025-01-09 14:43:00
151,17,2025-01-09 14:45:00,1467,2025-01-09 14:45:00
150,18,2025-01-09 14:46:00,1467,2025-01-09 14:46:00
149,19,2025-01-09 14:48:00,1467,2025-01-09 14:48:00
148,20,2025-01-09 14:50:00,1467,2025-01-09 14:50:00
147,21,2025-01-09 14:52:00,1467,2025-01-09 14:52:00
146,22,2025-01-09 14:54:00,1467,2025-01-09 14:54:00
145,23,2025-01-09 14:56:00,1467,2025-01-09 14:56:00
144,24,2025-01-09 14:58:00,1467,2025-01-09 14:58:00
143,25,2025-01-09 15:00:00,1467,2025-01-09 15:00:00
142,26,2025-01-09 15:03:00,1467,2025-01-09 15:03:00
141,27,2025-01-09 15:07:00,1467,2025-01-09 15:07:00
140,28,2025-01-09 15:08:00,1467,2025-01-09 15:08:00
139,29,2025-01-09 15:10:00,1467,2025-01-09 15:10:00
138,30,2025-01-09 15:12:00,1467,2025-01-09 15:12:00
137,31,2025-01-09 15:15:00,1467,2025-01-09 15:15:00
168,0,2025-01-09 14:18:00,1468,2025-01-09 14:18:00
167,1,2025-01-09 14:21:00,1468,2025-01-09 14:21:00
166,2,2025-01-09 14:23:00,1468,2025-01-09 14:23:00
165,3,2025-01-09 14:25:00,1468,2025-01-09 14:25:00
164,4,2025-01-09 14:28:00,1468,2025-01-09 14:28:00
163,5,2025-01-09 14:30:00,1468,2025-01-09 14:30:00
162,6,2025-01-09 14:32:00,1468,2025-01-09 14:32:00
161,7,2025-01-09 14:34:00,1468,2025-01-09 14:34:00
160,8,2025-01-09 14:36:00,1468,2025-01-09 14:36:00
159,9,2025-01-09 14:38:00,1468,2025-01-09 14:38:00
158,10,2025-01-09 14:40:00,1468,2025-01-09 14:40:00
157,11,2025-01-09 14:42:00,1468,2025-01-09 14:42:00
156,12,2025-01-09 14:44:00,1468,2025-01-09 14:44:00
155,13,2025-01-09 14:46:00,1468,2025-01-09 14:46:00
154,14,2025-01-09 14:48:00,1468,2025-01-09 14:48:00
153,15,2025-01-09 14:50:00,1468,2025-01-09 14:50:00
152,16,2025-01-09 14:53:00,1468,2025-01-09 14:53:00
151,17,2025-01-09 14:55:00,1468,2025-01-09 14:55:00
150,18,2025-01-09 14:56:00,1468,2025-01-09 14:56:00
149,19,2025-01-09 14:58:00,1468,2025-01-09 14:58:00
148,20,2025-01-09 15:00:00,1468,2025-01-09 15:00:00
147,21,2025-01-09 15:02:00,1468,2025-01-09 15:02:00
146,22,2025-01-09 15:04:00,1468,2025-01-09 15:04:00
145,23,2025-01-09 15:06:00,1468,2025-01-09 15:06:00
144,24,2025-01-09 15:08:00,1468,2025-01-09 15:08:00
143,25,2025-01-09 15:10:00,1468,2025-01-09 15:10:00
142,26,2025-01-09 15:13:00,1468,2025-01-09 15:13:00
141,27,2025-01-09 15:17:00,1468,2025-01-09 15:17:00
140,28,2025-01-09 15:18:00,1468,2025-01-09 15:18:00
139,29,2025-01-09 15:20:00,1468,2025-01-09 15:20:00
138,30,2025-01-09 15:22:00,1468,2025-01-09 15:22:00
137,31,2025-01-09 15:25:00,1468,2025-01-09 15:25:00
168,0,2025-01-09 14:28:00,1469,2025-01-09 14:28:00
167,1,2025-01-09 14:31:00,1469,2025-01-09 14:31:00
166,2,2025-01-09 14:33:00,1469,2025-01-09 14:33:00
165,3,2025-01-09 14:35:00,1469,2025-01-09 14:35:00
164,4,2025-01-09 14:38:00,1469,2025-01-09 14:38:00
163,5,2025-01-09 14:40:00,1469,2025-01-09 14:40:00
162,6,2025-01-09 14:42:00,1469,2025-01-09 14:42:00
161,7,2025-01-09 14:44:00,1469,2025-01-09 14:44:00
160,8,2025-01-09 14:46:00,1469,2025-01-09 14:46:00
159,9,2025-01-09 14:48:00,1469,2025-01-09 14:48:00
158,10,2025-01-09 14:50:00,1469,2025-01-09 14:50:00
157,11,2025-01-09 14:52:00,1469,2025-01-09 14:52:00
156,12,2025-01-09 14:54:00,1469,2025-01-09 14:54:00
155,13,2025-01-09 14:56:00,1469,2025-01-09 14:56:00
154,14,2025-01-09 14:58:00,1469,2025-01-09 14:58:00
153,15,2025-01-09 15:00:00,1469,2025-01-09 15:00:00
152,16,2025-01-09 15:03:00,1469,2025-01-09 15:03:00
151,17,2025-01-09 15:05:00,1469,2025-01-09 15:05:00
150,18,2025-01-09 15:06:00,1469,2025-01-09 15:06:00
149,19,2025-01-09 15:08:00,1469,2025-01-09 15:08:00
148,20,2025-01-09 15:10:00,1469,2025-01-09 15:10:00
147,21,2025-01-09 15:12:00,1469,2025-01-09 15:12:00
146,22,2025-01-09 15:14:00,1469,2025-01-09 15:14:00
145,23,2025-01-09 15:16:00,1469,2025-01-09 15:16:00
144,24,2025-01-09 15:18:00,1469,2025-01-09 15:18:00
143,25,2025-01-09 15:20:00,1469,2025-01-09 15:20:00
142,26,2025-01-09 15:23:00,1469,2025-01-09 15:23:00
141,27,2025-01-09 15:27:00,1469,2025-01-09 15:27:00
140,28,2025-01-09 15:28:00,1469,2025-01-09 15:28:00
139,29,2025-01-09 15:30:00,1469,2025-01-09 15:30:00
138,30,2025-01-09 15:32:00,1469,2025-01-09 15:32:00
137,31,2025-01-09 15:35:00,1469,2025-01-09 15:35:00
168,0,2025-01-09 14:38:00,1470,2025-01-09 14:38:00
167,1,2025-01-09 14:41:00,1470,2025-01-09 14:41:00
166,2,2025-01-09 14:43:00,1470,2025-01-09 14:43:00
165,3,2025-01-09 14:45:00,1470,2025-01-09 14:45:00
164,4,2025-01-09 14:48:00,1470,2025-01-09 14:48:00
163,5,2025-01-09 14:50:00,1470,2025-01-09 14:50:00
162,6,2025-01-09 14:52:00,1470,2025-01-09 14:52:00
161,7,2025-01-09 14:54:00,1470,2025-01-09 14:54:00
160,8,2025-01-09 14:56:00,1470,2025-01-09 14:56:00
159,9,2025-01-09 14:58:00,1470,2025-01-09 14:58:00
158,10,2025-01-09 15:00:00,1470,2025-01-09 15:00:00
157,11,2025-01-09 15:02:00,1470,2025-01-09 15:02:00
156,12,2025-01-09 15:04:00,1470,2025-01-09 15:04:00
155,13,2025-01-09 15:06:00,1470,2025-01-09 15:06:00
154,14,2025-01-09 15:08:00,1470,2025-01-09 15:08:00
153,15,2025-01-09 15:10:00,1470,2025-01-09 15:10:00
152,16,2025-01-09 15:13:00,1470,2025-01-09 15:13:00
151,17,2025-01-09 15:15:00,1470,2025-01-09 15:15:00
150,18,2025-01-09 15:16:00,1470,2025-01-09 15:16:00
149,19,2025-01-09 15:18:00,1470,2025-01-09 15:18:00
148,20,2025-01-09 15:20:00,1470,2025-01-09 15:20:00
147,21,2025-01-09 15:22:00,1470,2025-01-09 15:22:00
146,22,2025-01-09 15:24:00,1470,2025-01-09 15:24:00
145,23,2025-01-09 15:26:00,1470,2025-01-09 15:26:00
144,24,2025-01-09 15:28:00,1470,2025-01-09 15:28:00
143,25,2025-01-09 15:30:00,1470,2025-01-09 15:30:00
142,26,2025-01-09 15:33:00,1470,2025-01-09 15:33:00
141,27,2025-01-09 15:37:00,1470,2025-01-09 15:37:00
140,28,2025-01-09 15:38:00,1470,2025-01-09 15:38:00
139,29,2025-01-09 15:40:00,1470,2025-01-09 15:40:00
138,30,2025-01-09 15:42:00,1470,2025-01-09 15:42:00
137,31,2025-01-09 15:45:00,1470,2025-01-09 15:45:00
168,0,2025-01-09 14:48:00,1471,2025-01-09 14:48:00
167,1,2025-01-09 14:51:00,1471,2025-01-09 14:51:00
166,2,2025-01-09 14:53:00,1471,2025-01-09 14:53:00
165,3,2025-01-09 14:55:00,1471,2025-01-09 14:55:00
164,4,2025-01-09 14:58:00,1471,2025-01-09 14:58:00
163,5,2025-01-09 15:00:00,1471,2025-01-09 15:00:00
162,6,2025-01-09 15:02:00,1471,2025-01-09 15:02:00
161,7,2025-01-09 15:04:00,1471,2025-01-09 15:04:00
160,8,2025-01-09 15:06:00,1471,2025-01-09 15:06:00
159,9,2025-01-09 15:08:00,1471,2025-01-09 15:08:00
158,10,2025-01-09 15:10:00,1471,2025-01-09 15:10:00
157,11,2025-01-09 15:12:00,1471,2025-01-09 15:12:00
156,12,2025-01-09 15:14:00,1471,2025-01-09 15:14:00
155,13,2025-01-09 15:16:00,1471,2025-01-09 15:16:00
154,14,2025-01-09 15:18:00,1471,2025-01-09 15:18:00
153,15,2025-01-09 15:20:00,1471,2025-01-09 15:20:00
152,16,2025-01-09 15:23:00,1471,2025-01-09 15:23:00
151,17,2025-01-09 15:25:00,1471,2025-01-09 15:25:00
150,18,2025-01-09 15:26:00,1471,2025-01-09 15:26:00
149,19,2025-01-09 15:28:00,1471,2025-01-09 15:28:00
148,20,2025-01-09 15:30:00,1471,2025-01-09 15:30:00
147,21,2025-01-09 15:32:00,1471,2025-01-09 15:32:00
146,22,2025-01-09 15:34:00,1471,2025-01-09 15:34:00
145,23,2025-01-09 15:36:00,1471,2025-01-09 15:36:00
144,24,2025-01-09 15:38:00,1471,2025-01-09 15:38:00
143,25,2025-01-09 15:40:00,1471,2025-01-09 15:40:00
142,26,2025-01-09 15:43:00,1471,2025-01-09 15:43:00
141,27,2025-01-09 15:47:00,1471,2025-01-09 15:47:00
140,28,2025-01-09 15:48:00,1471,2025-01-09 15:48:00
139,29,2025-01-09 15:50:00,1471,2025-01-09 15:50:00
138,30,2025-01-09 15:52:00,1471,2025-01-09 15:52:00
137,31,2025-01-09 15:55:00,1471,2025-01-09 15:55:00
168,0,2025-01-09 14:58:00,1472,2025-01-09 14:58:00
167,1,2025-01-09 15:01:00,1472,2025-01-09 15:01:00
166,2,2025-01-09 15:03:00,1472,2025-01-09 15:03:00
165,3,2025-01-09 15:05:00,1472,2025-01-09 15:05:00
164,4,2025-01-09 15:08:00,1472,2025-01-09 15:08:00
163,5,2025-01-09 15:10:00,1472,2025-01-09 15:10:00
162,6,2025-01-09 15:12:00,1472,2025-01-09 15:12:00
161,7,2025-01-09 15:14:00,1472,2025-01-09 15:14:00
160,8,2025-01-09 15:16:00,1472,2025-01-09 15:16:00
159,9,2025-01-09 15:18:00,1472,2025-01-09 15:18:00
158,10,2025-01-09 15:20:00,1472,2025-01-09 15:20:00
157,11,2025-01-09 15:22:00,1472,2025-01-09 15:22:00
156,12,2025-01-09 15:24:00,1472,2025-01-09 15:24:00
155,13,2025-01-09 15:26:00,1472,2025-01-09 15:26:00
154,14,2025-01-09 15:28:00,1472,2025-01-09 15:28:00
153,15,2025-01-09 15:30:00,1472,2025-01-09 15:30:00
152,16,2025-01-09 15:33:00,1472,2025-01-09 15:33:00
151,17,2025-01-09 15:35:00,1472,2025-01-09 15:35:00
150,18,2025-01-09 15:36:00,1472,2025-01-09 15:36:00
149,19,2025-01-09 15:38:00,1472,2025-01-09 15:38:00
148,20,2025-01-09 15:40:00,1472,2025-01-09 15:40:00
147,21,2025-01-09 15:42:00,1472,2025-01-09 15:42:00
146,22,2025-01-09 15:44:00,1472,2025-01-09 15:44:00
145,23,2025-01-09 15:46:00,1472,2025-01-09 15:46:00
144,24,2025-01-09 15:48:00,1472,2025-01-09 15:48:00
143,25,2025-01-09 15:50:00,1472,2025-01-09 15:50:00
142,26,2025-01-09 15:53:00,1472,2025-01-09 15:53:00
141,27,2025-01-09 15:57:00,1472,2025-01-09 15:57:00
140,28,2025-01-09 15:58:00,1472,2025-01-09 15:58:00
139,29,2025-01-09 16:00:00,1472,2025-01-09 16:00:00
138,30,2025-01-09 16:02:00,1472,2025-01-09 16:02:00
137,31,2025-01-09 16:05:00,1472,2025-01-09 16:05:00
168,0,2025-01-09 15:08:00,1473,2025-01-09 15:08:00
167,1,2025-01-09 15:11:00,1473,2025-01-09 15:11:00
166,2,2025-01-09 15:13:00,1473,2025-01-09 15:13:00
165,3,2025-01-09 15:15:00,1473,2025-01-09 15:15:00
164,4,2025-01-09 15:18:00,1473,2025-01-09 15:18:00
163,5,2025-01-09 15:20:00,1473,2025-01-09 15:20:00
162,6,2025-01-09 15:22:00,1473,2025-01-09 15:22:00
161,7,2025-01-09 15:24:00,1473,2025-01-09 15:24:00
160,8,2025-01-09 15:26:00,1473,2025-01-09 15:26:00
159,9,2025-01-09 15:28:00,1473,2025-01-09 15:28:00
158,10,2025-01-09 15:30:00,1473,2025-01-09 15:30:00
157,11,2025-01-09 15:32:00,1473,2025-01-09 15:32:00
156,12,2025-01-09 15:34:00,1473,2025-01-09 15:34:00
155,13,2025-01-09 15:36:00,1473,2025-01-09 15:36:00
154,14,2025-01-09 15:38:00,1473,2025-01-09 15:38:00
153,15,2025-01-09 15:40:00,1473,2025-01-09 15:40:00
152,16,2025-01-09 15:43:00,1473,2025-01-09 15:43:00
151,17,2025-01-09 15:45:00,1473,2025-01-09 15:45:00
150,18,2025-01-09 15:46:00,1473,2025-01-09 15:46:00
149,19,2025-01-09 15:48:00,1473,2025-01-09 15:48:00
148,20,2025-01-09 15:50:00,1473,2025-01-09 15:50:00
147,21,2025-01-09 15:52:00,1473,2025-01-09 15:52:00
146,22,2025-01-09 15:54:00,1473,2025-01-09 15:54:00
145,23,2025-01-09 15:56:00,1473,2025-01-09 15:56:00
144,24,2025-01-09 15:58:00,1473,2025-01-09 15:58:00
143,25,2025-01-09 16:00:00,1473,2025-01-09 16:00:00
142,26,2025-01-09 16:03:00,1473,2025-01-09 16:03:00
141,27,2025-01-09 16:07:00,1473,2025-01-09 16:07:00
140,28,2025-01-09 16:08:00,1473,2025-01-09 16:08:00
139,29,2025-01-09 16:10:00,1473,2025-01-09 16:10:00
138,30,2025-01-09 16:12:00,1473,2025-01-09 16:12:00
137,31,2025-01-09 16:15:00,1473,2025-01-09 16:15:00
168,0,2025-01-09 15:18:00,1474,2025-01-09 15:18:00
167,1,2025-01-09 15:21:00,1474,2025-01-09 15:21:00
166,2,2025-01-09 15:23:00,1474,2025-01-09 15:23:00
165,3,2025-01-09 15:25:00,1474,2025-01-09 15:25:00
164,4,2025-01-09 15:28:00,1474,2025-01-09 15:28:00
163,5,2025-01-09 15:30:00,1474,2025-01-09 15:30:00
162,6,2025-01-09 15:32:00,1474,2025-01-09 15:32:00
161,7,2025-01-09 15:34:00,1474,2025-01-09 15:34:00
160,8,2025-01-09 15:36:00,1474,2025-01-09 15:36:00
159,9,2025-01-09 15:38:00,1474,2025-01-09 15:38:00
158,10,2025-01-09 15:40:00,1474,2025-01-09 15:40:00
157,11,2025-01-09 15:42:00,1474,2025-01-09 15:42:00
156,12,2025-01-09 15:44:00,1474,2025-01-09 15:44:00
155,13,2025-01-09 15:46:00,1474,2025-01-09 15:46:00
154,14,2025-01-09 15:48:00,1474,2025-01-09 15:48:00
153,15,2025-01-09 15:50:00,1474,2025-01-09 15:50:00
152,16,2025-01-09 15:53:00,1474,2025-01-09 15:53:00
151,17,2025-01-09 15:55:00,1474,2025-01-09 15:55:00
150,18,2025-01-09 15:56:00,1474,2025-01-09 15:56:00
149,19,2025-01-09 15:58:00,1474,2025-01-09 15:58:00
148,20,2025-01-09 16:00:00,1474,2025-01-09 16:00:00
147,21,2025-01-09 16:02:00,1474,2025-01-09 16:02:00
146,22,2025-01-09 16:04:00,1474,2025-01-09 16:04:00
145,23,2025-01-09 16:06:00,1474,2025-01-09 16:06:00
144,24,2025-01-09 16:08:00,1474,2025-01-09 16:08:00
143,25,2025-01-09 16:10:00,1474,2025-01-09 16:10:00
142,26,2025-01-09 16:13:00,1474,2025-01-09 16:13:00
141,27,2025-01-09 16:17:00,1474,2025-01-09 16:17:00
140,28,2025-01-09 16:18:00,1474,2025-01-09 16:18:00
139,29,2025-01-09 16:20:00,1474,2025-01-09 16:20:00
138,30,2025-01-09 16:22:00,1474,2025-01-09 16:22:00
137,31,2025-01-09 16:25:00,1474,2025-01-09 16:25:00
168,0,2025-01-09 15:28:00,1475,2025-01-09 15:28:00
167,1,2025-01-09 15:31:00,1475,2025-01-09 15:31:00
166,2,2025-01-09 15:33:00,1475,2025-01-09 15:33:00
165,3,2025-01-09 15:35:00,1475,2025-01-09 15:35:00
164,4,2025-01-09 15:38:00,1475,2025-01-09 15:38:00
163,5,2025-01-09 15:40:00,1475,2025-01-09 15:40:00
162,6,2025-01-09 15:42:00,1475,2025-01-09 15:42:00
161,7,2025-01-09 15:44:00,1475,2025-01-09 15:44:00
160,8,2025-01-09 15:46:00,1475,2025-01-09 15:46:00
159,9,2025-01-09 15:48:00,1475,2025-01-09 15:48:00
158,10,2025-01-09 15:50:00,1475,2025-01-09 15:50:00
157,11,2025-01-09 15:52:00,1475,2025-01-09 15:52:00
156,12,2025-01-09 15:54:00,1475,2025-01-09 15:54:00
155,13,2025-01-09 15:56:00,1475,2025-01-09 15:56:00
154,14,2025-01-09 15:58:00,1475,2025-01-09 15:58:00
153,15,2025-01-09 16:00:00,1475,2025-01-09 16:00:00
152,16,2025-01-09 16:03:00,1475,2025-01-09 16:03:00
151,17,2025-01-09 16:05:00,1475,2025-01-09 16:05:00
150,18,2025-01-09 16:06:00,1475,2025-01-09 16:06:00
149,19,2025-01-09 16:08:00,1475,2025-01-09 16:08:00
148,20,2025-01-09 16:10:00,1475,2025-01-09 16:10:00
147,21,2025-01-09 16:12:00,1475,2025-01-09 16:12:00
146,22,2025-01-09 16:14:00,1475,2025-01-09 16:14:00
145,23,2025-01-09 16:16:00,1475,2025-01-09 16:16:00
144,24,2025-01-09 16:18:00,1475,2025-01-09 16:18:00
143,25,2025-01-09 16:20:00,1475,2025-01-09 16:20:00
142,26,2025-01-09 16:23:00,1475,2025-01-09 16:23:00
141,27,2025-01-09 16:27:00,1475,2025-01-09 16:27:00
140,28,2025-01-09 16:28:00,1475,2025-01-09 16:28:00
139,29,2025-01-09 16:30:00,1475,2025-01-09 16:30:00
138,30,2025-01-09 16:32:00,1475,2025-01-09 16:32:00
137,31,2025-01-09 16:35:00,1475,2025-01-09 16:35:00
168,0,2025-01-09 15:38:00,1476,2025-01-09 15:38:00
167,1,2025-01-09 15:41:00,1476,2025-01-09 15:41:00
166,2,2025-01-09 15:43:00,1476,2025-01-09 15:43:00
165,3,2025-01-09 15:45:00,1476,2025-01-09 15:45:00
164,4,2025-01-09 15:48:00,1476,2025-01-09 15:48:00
163,5,2025-01-09 15:50:00,1476,2025-01-09 15:50:00
162,6,2025-01-09 15:52:00,1476,2025-01-09 15:52:00
161,7,2025-01-09 15:54:00,1476,2025-01-09 15:54:00
160,8,2025-01-09 15:56:00,1476,2025-01-09 15:56:00
159,9,2025-01-09 15:58:00,1476,2025-01-09 15:58:00
158,10,2025-01-09 16:00:00,1476,2025-01-09 16:00:00
157,11,2025-01-09 16:02:00,1476,2025-01-09 16:02:00
156,12,2025-01-09 16:04:00,1476,2025-01-09 16:04:00
155,13,2025-01-09 16:06:00,1476,2025-01-09 16:06:00
154,14,2025-01-09 16:08:00,1476,2025-01-09 16:08:00
153,15,2025-01-09 16:10:00,1476,2025-01-09 16:10:00
152,16,2025-01-09 16:13:00,1476,2025-01-09 16:13:00
151,17,2025-01-09 16:15:00,1476,2025-01-09 16:15:00
150,18,2025-01-09 16:16:00,1476,2025-01-09 16:16:00
149,19,2025-01-09 16:18:00,1476,2025-01-09 16:18:00
148,20,2025-01-09 16:20:00,1476,2025-01-09 16:20:00
147,21,2025-01-09 16:22:00,1476,2025-01-09 16:22:00
146,22,2025-01-09 16:24:00,1476,2025-01-09 16:24:00
145,23,2025-01-09 16:26:00,1476,2025-01-09 16:26:00
144,24,2025-01-09 16:28:00,1476,2025-01-09 16:28:00
143,25,2025-01-09 16:30:00,1476,2025-01-09 16:30:00
142,26,2025-01-09 16:33:00,1476,2025-01-09 16:33:00
141,27,2025-01-09 16:37:00,1476,2025-01-09 16:37:00
140,28,2025-01-09 16:38:00,1476,2025-01-09 16:38:00
139,29,2025-01-09 16:40:00,1476,2025-01-09 16:40:00
138,30,2025-01-09 16:42:00,1476,2025-01-09 16:42:00
137,31,2025-01-09 16:45:00,1476,2025-01-09 16:45:00
168,0,2025-01-09 15:48:00,1477,2025-01-09 15:48:00
167,1,2025-01-09 15:51:00,1477,2025-01-09 15:51:00
166,2,2025-01-09 15:53:00,1477,2025-01-09 15:53:00
165,3,2025-01-09 15:55:00,1477,2025-01-09 15:55:00
164,4,2025-01-09 15:58:00,1477,2025-01-09 15:58:00
163,5,2025-01-09 16:00:00,1477,2025-01-09 16:00:00
162,6,2025-01-09 16:02:00,1477,2025-01-09 16:02:00
161,7,2025-01-09 16:04:00,1477,2025-01-09 16:04:00
160,8,2025-01-09 16:06:00,1477,2025-01-09 16:06:00
159,9,2025-01-09 16:08:00,1477,2025-01-09 16:08:00
158,10,2025-01-09 16:10:00,1477,2025-01-09 16:10:00
157,11,2025-01-09 16:12:00,1477,2025-01-09 16:12:00
156,12,2025-01-09 16:14:00,1477,2025-01-09 16:14:00
155,13,2025-01-09 16:16:00,1477,2025-01-09 16:16:00
154,14,2025-01-09 16:18:00,1477,2025-01-09 16:18:00
153,15,2025-01-09 16:20:00,1477,2025-01-09 16:20:00
152,16,2025-01-09 16:23:00,1477,2025-01-09 16:23:00
151,17,2025-01-09 16:25:00,1477,2025-01-09 16:25:00
150,18,2025-01-09 16:26:00,1477,2025-01-09 16:26:00
149,19,2025-01-09 16:28:00,1477,2025-01-09 16:28:00
148,20,2025-01-09 16:30:00,1477,2025-01-09 16:30:00
147,21,2025-01-09 16:32:00,1477,2025-01-09 16:32:00
146,22,2025-01-09 16:34:00,1477,2025-01-09 16:34:00
145,23,2025-01-09 16:36:00,1477,2025-01-09 16:36:00
144,24,2025-01-09 16:38:00,1477,2025-01-09 16:38:00
143,25,2025-01-09 16:40:00,1477,2025-01-09 16:40:00
142,26,2025-01-09 16:43:00,1477,2025-01-09 16:43:00
141,27,2025-01-09 16:47:00,1477,2025-01-09 16:47:00
140,28,2025-01-09 16:48:00,1477,2025-01-09 16:48:00
139,29,2025-01-09 16:50:00,1477,2025-01-09 16:50:00
138,30,2025-01-09 16:52:00,1477,2025-01-09 16:52:00
137,31,2025-01-09 16:55:00,1477,2025-01-09 16:55:00
168,0,2025-01-09 15:58:00,1478,2025-01-09 15:58:00
167,1,2025-01-09 16:01:00,1478,2025-01-09 16:01:00
166,2,2025-01-09 16:03:00,1478,2025-01-09 16:03:00
165,3,2025-01-09 16:05:00,1478,2025-01-09 16:05:00
164,4,2025-01-09 16:08:00,1478,2025-01-09 16:08:00
163,5,2025-01-09 16:10:00,1478,2025-01-09 16:10:00
162,6,2025-01-09 16:12:00,1478,2025-01-09 16:12:00
161,7,2025-01-09 16:14:00,1478,2025-01-09 16:14:00
160,8,2025-01-09 16:16:00,1478,2025-01-09 16:16:00
159,9,2025-01-09 16:18:00,1478,2025-01-09 16:18:00
158,10,2025-01-09 16:20:00,1478,2025-01-09 16:20:00
157,11,2025-01-09 16:22:00,1478,2025-01-09 16:22:00
156,12,2025-01-09 16:24:00,1478,2025-01-09 16:24:00
155,13,2025-01-09 16:26:00,1478,2025-01-09 16:26:00
154,14,2025-01-09 16:28:00,1478,2025-01-09 16:28:00
153,15,2025-01-09 16:30:00,1478,2025-01-09 16:30:00
152,16,2025-01-09 16:33:00,1478,2025-01-09 16:33:00
151,17,2025-01-09 16:35:00,1478,2025-01-09 16:35:00
150,18,2025-01-09 16:36:00,1478,2025-01-09 16:36:00
149,19,2025-01-09 16:38:00,1478,2025-01-09 16:38:00
148,20,2025-01-09 16:40:00,1478,2025-01-09 16:40:00
147,21,2025-01-09 16:42:00,1478,2025-01-09 16:42:00
146,22,2025-01-09 16:44:00,1478,2025-01-09 16:44:00
145,23,2025-01-09 16:46:00,1478,2025-01-09 16:46:00
144,24,2025-01-09 16:48:00,1478,2025-01-09 16:48:00
143,25,2025-01-09 16:50:00,1478,2025-01-09 16:50:00
142,26,2025-01-09 16:53:00,1478,2025-01-09 16:53:00
141,27,2025-01-09 16:57:00,1478,2025-01-09 16:57:00
140,28,2025-01-09 16:58:00,1478,2025-01-09 16:58:00
139,29,2025-01-09 17:00:00,1478,2025-01-09 17:00:00
138,30,2025-01-09 17:02:00,1478,2025-01-09 17:02:00
137,31,2025-01-09 17:05:00,1478,2025-01-09 17:05:00
168,0,2025-01-09 16:08:00,1479,2025-01-09 16:08:00
167,1,2025-01-09 16:11:00,1479,2025-01-09 16:11:00
166,2,2025-01-09 16:13:00,1479,2025-01-09 16:13:00
165,3,2025-01-09 16:15:00,1479,2025-01-09 16:15:00
164,4,2025-01-09 16:18:00,1479,2025-01-09 16:18:00
163,5,2025-01-09 16:20:00,1479,2025-01-09 16:20:00
162,6,2025-01-09 16:22:00,1479,2025-01-09 16:22:00
161,7,2025-01-09 16:24:00,1479,2025-01-09 16:24:00
160,8,2025-01-09 16:26:00,1479,2025-01-09 16:26:00
159,9,2025-01-09 16:28:00,1479,2025-01-09 16:28:00
158,10,2025-01-09 16:30:00,1479,2025-01-09 16:30:00
157,11,2025-01-09 16:32:00,1479,2025-01-09 16:32:00
156,12,2025-01-09 16:34:00,1479,2025-01-09 16:34:00
155,13,2025-01-09 16:36:00,1479,2025-01-09 16:36:00
154,14,2025-01-09 16:38:00,1479,2025-01-09 16:38:00
153,15,2025-01-09 16:40:00,1479,2025-01-09 16:40:00
152,16,2025-01-09 16:43:00,1479,2025-01-09 16:43:00
151,17,2025-01-09 16:45:00,1479,2025-01-09 16:45:00
150,18,2025-01-09 16:46:00,1479,2025-01-09 16:46:00
149,19,2025-01-09 16:48:00,1479,2025-01-09 16:48:00
148,20,2025-01-09 16:50:00,1479,2025-01-09 16:50:00
147,21,2025-01-09 16:52:00,1479,2025-01-09 16:52:00
146,22,2025-01-09 16:54:00,1479,2025-01-09 16:54:00
145,23,2025-01-09 16:56:00,1479,2025-01-09 16:56:00
144,24,2025-01-09 16:58:00,1479,2025-01-09 16:58:00
143,25,2025-01-09 17:00:00,1479,2025-01-09 17:00:00
142,26,2025-01-09 17:03:00,1479,2025-01-09 17:03:00
141,27,2025-01-09 17:07:00,1479,2025-01-09 17:07:00
140,28,2025-01-09 17:08:00,1479,2025-01-09 17:08:00
139,29,2025-01-09 17:10:00,1479,2025-01-09 17:10:00
138,30,2025-01-09 17:12:00,1479,2025-01-09 17:12:00
137,31,2025-01-09 17:15:00,1479,2025-01-09 17:15:00
168,0,2025-01-09 16:18:00,1480,2025-01-09 16:18:00
167,1,2025-01-09 16:21:00,1480,2025-01-09 16:21:00
166,2,2025-01-09 16:23:00,1480,2025-01-09 16:23:00
165,3,2025-01-09 16:25:00,1480,2025-01-09 16:25:00
164,4,2025-01-09 16:28:00,1480,2025-01-09 16:28:00
163,5,2025-01-09 16:30:00,1480,2025-01-09 16:30:00
162,6,2025-01-09 16:32:00,1480,2025-01-09 16:32:00
161,7,2025-01-09 16:34:00,1480,2025-01-09 16:34:00
160,8,2025-01-09 16:36:00,1480,2025-01-09 16:36:00
159,9,2025-01-09 16:38:00,1480,2025-01-09 16:38:00
158,10,2025-01-09 16:40:00,1480,2025-01-09 16:40:00
157,11,2025-01-09 16:42:00,1480,2025-01-09 16:42:00
156,12,2025-01-09 16:44:00,1480,2025-01-09 16:44:00
155,13,2025-01-09 16:46:00,1480,2025-01-09 16:46:00
154,14,2025-01-09 16:48:00,1480,2025-01-09 16:48:00
153,15,2025-01-09 16:50:00,1480,2025-01-09 16:50:00
152,16,2025-01-09 16:53:00,1480,2025-01-09 16:53:00
151,17,2025-01-09 16:55:00,1480,2025-01-09 16:55:00
150,18,2025-01-09 16:56:00,1480,2025-01-09 16:56:00
149,19,2025-01-09 16:58:00,1480,2025-01-09 16:58:00
148,20,2025-01-09 17:00:00,1480,2025-01-09 17:00:00
147,21,2025-01-09 17:02:00,1480,2025-01-09 17:02:00
146,22,2025-01-09 17:04:00,1480,2025-01-09 17:04:00
145,23,2025-01-09 17:06:00,1480,2025-01-09 17:06:00
144,24,2025-01-09 17:08:00,1480,2025-01-09 17:08:00
143,25,2025-01-09 17:10:00,1480,2025-01-09 17:10:00
142,26,2025-01-09 17:13:00,1480,2025-01-09 17:13:00
141,27,2025-01-09 17:17:00,1480,2025-01-09 17:17:00
140,28,2025-01-09 17:18:00,1480,2025-01-09 17:18:00
139,29,2025-01-09 17:20:00,1480,2025-01-09 17:20:00
138,30,2025-01-09 17:22:00,1480,2025-01-09 17:22:00
137,31,2025-01-09 17:25:00,1480,2025-01-09 17:25:00
168,0,2025-01-09 16:28:00,1481,2025-01-09 16:28:00
167,1,2025-01-09 16:31:00,1481,2025-01-09 16:31:00
166,2,2025-01-09 16:33:00,1481,2025-01-09 16:33:00
165,3,2025-01-09 16:35:00,1481,2025-01-09 16:35:00
164,4,2025-01-09 16:38:00,1481,2025-01-09 16:38:00
163,5,2025-01-09 16:40:00,1481,2025-01-09 16:40:00
162,6,2025-01-09 16:42:00,1481,2025-01-09 16:42:00
161,7,2025-01-09 16:44:00,1481,2025-01-09 16:44:00
160,8,2025-01-09 16:46:00,1481,2025-01-09 16:46:00
159,9,2025-01-09 16:48:00,1481,2025-01-09 16:48:00
158,10,2025-01-09 16:50:00,1481,2025-01-09 16:50:00
157,11,2025-01-09 16:52:00,1481,2025-01-09 16:52:00
156,12,2025-01-09 16:54:00,1481,2025-01-09 16:54:00
155,13,2025-01-09 16:56:00,1481,2025-01-09 16:56:00
154,14,2025-01-09 16:58:00,1481,2025-01-09 16:58:00
153,15,2025-01-09 17:00:00,1481,2025-01-09 17:00:00
152,16,2025-01-09 17:03:00,1481,2025-01-09 17:03:00
151,17,2025-01-09 17:05:00,1481,2025-01-09 17:05:00
150,18,2025-01-09 17:06:00,1481,2025-01-09 17:06:00
149,19,2025-01-09 17:08:00,1481,2025-01-09 17:08:00
148,20,2025-01-09 17:10:00,1481,2025-01-09 17:10:00
147,21,2025-01-09 17:12:00,1481,2025-01-09 17:12:00
146,22,2025-01-09 17:14:00,1481,2025-01-09 17:14:00
145,23,2025-01-09 17:16:00,1481,2025-01-09 17:16:00
144,24,2025-01-09 17:18:00,1481,2025-01-09 17:18:00
143,25,2025-01-09 17:20:00,1481,2025-01-09 17:20:00
142,26,2025-01-09 17:23:00,1481,2025-01-09 17:23:00
141,27,2025-01-09 17:27:00,1481,2025-01-09 17:27:00
140,28,2025-01-09 17:28:00,1481,2025-01-09 17:28:00
139,29,2025-01-09 17:30:00,1481,2025-01-09 17:30:00
138,30,2025-01-09 17:32:00,1481,2025-01-09 17:32:00
137,31,2025-01-09 17:35:00,1481,2025-01-09 17:35:00
168,0,2025-01-09 16:38:00,1482,2025-01-09 16:38:00
167,1,2025-01-09 16:41:00,1482,2025-01-09 16:41:00
166,2,2025-01-09 16:43:00,1482,2025-01-09 16:43:00
165,3,2025-01-09 16:45:00,1482,2025-01-09 16:45:00
164,4,2025-01-09 16:48:00,1482,2025-01-09 16:48:00
163,5,2025-01-09 16:50:00,1482,2025-01-09 16:50:00
162,6,2025-01-09 16:52:00,1482,2025-01-09 16:52:00
161,7,2025-01-09 16:54:00,1482,2025-01-09 16:54:00
160,8,2025-01-09 16:56:00,1482,2025-01-09 16:56:00
159,9,2025-01-09 16:58:00,1482,2025-01-09 16:58:00
158,10,2025-01-09 17:00:00,1482,2025-01-09 17:00:00
157,11,2025-01-09 17:02:00,1482,2025-01-09 17:02:00
156,12,2025-01-09 17:04:00,1482,2025-01-09 17:04:00
155,13,2025-01-09 17:06:00,1482,2025-01-09 17:06:00
154,14,2025-01-09 17:08:00,1482,2025-01-09 17:08:00
153,15,2025-01-09 17:10:00,1482,2025-01-09 17:10:00
152,16,2025-01-09 17:13:00,1482,2025-01-09 17:13:00
151,17,2025-01-09 17:15:00,1482,2025-01-09 17:15:00
150,18,2025-01-09 17:16:00,1482,2025-01-09 17:16:00
149,19,2025-01-09 17:18:00,1482,2025-01-09 17:18:00
148,20,2025-01-09 17:20:00,1482,2025-01-09 17:20:00
147,21,2025-01-09 17:22:00,1482,2025-01-09 17:22:00
146,22,2025-01-09 17:24:00,1482,2025-01-09 17:24:00
145,23,2025-01-09 17:26:00,1482,2025-01-09 17:26:00
144,24,2025-01-09 17:28:00,1482,2025-01-09 17:28:00
143,25,2025-01-09 17:30:00,1482,2025-01-09 17:30:00
142,26,2025-01-09 17:33:00,1482,2025-01-09 17:33:00
141,27,2025-01-09 17:37:00,1482,2025-01-09 17:37:00
140,28,2025-01-09 17:38:00,1482,2025-01-09 17:38:00
139,29,2025-01-09 17:40:00,1482,2025-01-09 17:40:00
138,30,2025-01-09 17:42:00,1482,2025-01-09 17:42:00
137,31,2025-01-09 17:45:00,1482,2025-01-09 17:45:00
168,0,2025-01-09 16:48:00,1483,2025-01-09 16:48:00
167,1,2025-01-09 16:51:00,1483,2025-01-09 16:51:00
166,2,2025-01-09 16:53:00,1483,2025-01-09 16:53:00
165,3,2025-01-09 16:55:00,1483,2025-01-09 16:55:00
164,4,2025-01-09 16:58:00,1483,2025-01-09 16:58:00
163,5,2025-01-09 17:00:00,1483,2025-01-09 17:00:00
162,6,2025-01-09 17:02:00,1483,2025-01-09 17:02:00
161,7,2025-01-09 17:04:00,1483,2025-01-09 17:04:00
160,8,2025-01-09 17:06:00,1483,2025-01-09 17:06:00
159,9,2025-01-09 17:08:00,1483,2025-01-09 17:08:00
158,10,2025-01-09 17:10:00,1483,2025-01-09 17:10:00
157,11,2025-01-09 17:12:00,1483,2025-01-09 17:12:00
156,12,2025-01-09 17:14:00,1483,2025-01-09 17:14:00
155,13,2025-01-09 17:16:00,1483,2025-01-09 17:16:00
154,14,2025-01-09 17:18:00,1483,2025-01-09 17:18:00
153,15,2025-01-09 17:20:00,1483,2025-01-09 17:20:00
152,16,2025-01-09 17:23:00,1483,2025-01-09 17:23:00
151,17,2025-01-09 17:25:00,1483,2025-01-09 17:25:00
150,18,2025-01-09 17:26:00,1483,2025-01-09 17:26:00
149,19,2025-01-09 17:28:00,1483,2025-01-09 17:28:00
148,20,2025-01-09 17:30:00,1483,2025-01-09 17:30:00
147,21,2025-01-09 17:32:00,1483,2025-01-09 17:32:00
146,22,2025-01-09 17:34:00,1483,2025-01-09 17:34:00
145,23,2025-01-09 17:36:00,1483,2025-01-09 17:36:00
144,24,2025-01-09 17:38:00,1483,2025-01-09 17:38:00
143,25,2025-01-09 17:40:00,1483,2025-01-09 17:40:00
142,26,2025-01-09 17:43:00,1483,2025-01-09 17:43:00
141,27,2025-01-09 17:47:00,1483,2025-01-09 17:47:00
140,28,2025-01-09 17:48:00,1483,2025-01-09 17:48:00
139,29,2025-01-09 17:50:00,1483,2025-01-09 17:50:00
138,30,2025-01-09 17:52:00,1483,2025-01-09 17:52:00
137,31,2025-01-09 17:55:00,1483,2025-01-09 17:55:00
168,0,2025-01-09 16:58:00,1484,2025-01-09 16:58:00
167,1,2025-01-09 17:01:00,1484,2025-01-09 17:01:00
166,2,2025-01-09 17:03:00,1484,2025-01-09 17:03:00
165,3,2025-01-09 17:05:00,1484,2025-01-09 17:05:00
164,4,2025-01-09 17:08:00,1484,2025-01-09 17:08:00
163,5,2025-01-09 17:10:00,1484,2025-01-09 17:10:00
162,6,2025-01-09 17:12:00,1484,2025-01-09 17:12:00
161,7,2025-01-09 17:14:00,1484,2025-01-09 17:14:00
160,8,2025-01-09 17:16:00,1484,2025-01-09 17:16:00
159,9,2025-01-09 17:18:00,1484,2025-01-09 17:18:00
158,10,2025-01-09 17:20:00,1484,2025-01-09 17:20:00
157,11,2025-01-09 17:22:00,1484,2025-01-09 17:22:00
156,12,2025-01-09 17:24:00,1484,2025-01-09 17:24:00
155,13,2025-01-09 17:26:00,1484,2025-01-09 17:26:00
154,14,2025-01-09 17:28:00,1484,2025-01-09 17:28:00
153,15,2025-01-09 17:30:00,1484,2025-01-09 17:30:00
152,16,2025-01-09 17:33:00,1484,2025-01-09 17:33:00
151,17,2025-01-09 17:35:00,1484,2025-01-09 17:35:00
150,18,2025-01-09 17:36:00,1484,2025-01-09 17:36:00
149,19,2025-01-09 17:38:00,1484,2025-01-09 17:38:00
148,20,2025-01-09 17:40:00,1484,2025-01-09 17:40:00
147,21,2025-01-09 17:42:00,1484,2025-01-09 17:42:00
146,22,2025-01-09 17:44:00,1484,2025-01-09 17:44:00
145,23,2025-01-09 17:46:00,1484,2025-01-09 17:46:00
144,24,2025-01-09 17:48:00,1484,2025-01-09 17:48:00
143,25,2025-01-09 17:50:00,1484,2025-01-09 17:50:00
142,26,2025-01-09 17:53:00,1484,2025-01-09 17:53:00
141,27,2025-01-09 17:57:00,1484,2025-01-09 17:57:00
140,28,2025-01-09 17:58:00,1484,2025-01-09 17:58:00
139,29,2025-01-09 18:00:00,1484,2025-01-09 18:00:00
138,30,2025-01-09 18:02:00,1484,2025-01-09 18:02:00
137,31,2025-01-09 18:05:00,1484,2025-01-09 18:05:00
168,0,2025-01-09 17:08:00,1485,2025-01-09 17:08:00
167,1,2025-01-09 17:11:00,1485,2025-01-09 17:11:00
166,2,2025-01-09 17:13:00,1485,2025-01-09 17:13:00
165,3,2025-01-09 17:15:00,1485,2025-01-09 17:15:00
164,4,2025-01-09 17:18:00,1485,2025-01-09 17:18:00
163,5,2025-01-09 17:20:00,1485,2025-01-09 17:20:00
162,6,2025-01-09 17:22:00,1485,2025-01-09 17:22:00
161,7,2025-01-09 17:24:00,1485,2025-01-09 17:24:00
160,8,2025-01-09 17:26:00,1485,2025-01-09 17:26:00
159,9,2025-01-09 17:28:00,1485,2025-01-09 17:28:00
158,10,2025-01-09 17:30:00,1485,2025-01-09 17:30:00
157,11,2025-01-09 17:32:00,1485,2025-01-09 17:32:00
156,12,2025-01-09 17:34:00,1485,2025-01-09 17:34:00
155,13,2025-01-09 17:36:00,1485,2025-01-09 17:36:00
154,14,2025-01-09 17:38:00,1485,2025-01-09 17:38:00
153,15,2025-01-09 17:40:00,1485,2025-01-09 17:40:00
152,16,2025-01-09 17:43:00,1485,2025-01-09 17:43:00
151,17,2025-01-09 17:45:00,1485,2025-01-09 17:45:00
150,18,2025-01-09 17:46:00,1485,2025-01-09 17:46:00
149,19,2025-01-09 17:48:00,1485,2025-01-09 17:48:00
148,20,2025-01-09 17:50:00,1485,2025-01-09 17:50:00
147,21,2025-01-09 17:52:00,1485,2025-01-09 17:52:00
146,22,2025-01-09 17:54:00,1485,2025-01-09 17:54:00
145,23,2025-01-09 17:56:00,1485,2025-01-09 17:56:00
144,24,2025-01-09 17:58:00,1485,2025-01-09 17:58:00
143,25,2025-01-09 18:00:00,1485,2025-01-09 18:00:00
142,26,2025-01-09 18:03:00,1485,2025-01-09 18:03:00
141,27,2025-01-09 18:07:00,1485,2025-01-09 18:07:00
140,28,2025-01-09 18:08:00,1485,2025-01-09 18:08:00
139,29,2025-01-09 18:10:00,1485,2025-01-09 18:10:00
138,30,2025-01-09 18:12:00,1485,2025-01-09 18:12:00
137,31,2025-01-09 18:15:00,1485,2025-01-09 18:15:00
168,0,2025-01-09 17:18:00,1486,2025-01-09 17:18:00
167,1,2025-01-09 17:21:00,1486,2025-01-09 17:21:00
166,2,2025-01-09 17:23:00,1486,2025-01-09 17:23:00
165,3,2025-01-09 17:25:00,1486,2025-01-09 17:25:00
164,4,2025-01-09 17:28:00,1486,2025-01-09 17:28:00
163,5,2025-01-09 17:30:00,1486,2025-01-09 17:30:00
162,6,2025-01-09 17:32:00,1486,2025-01-09 17:32:00
161,7,2025-01-09 17:34:00,1486,2025-01-09 17:34:00
160,8,2025-01-09 17:36:00,1486,2025-01-09 17:36:00
159,9,2025-01-09 17:38:00,1486,2025-01-09 17:38:00
158,10,2025-01-09 17:40:00,1486,2025-01-09 17:40:00
157,11,2025-01-09 17:42:00,1486,2025-01-09 17:42:00
156,12,2025-01-09 17:44:00,1486,2025-01-09 17:44:00
155,13,2025-01-09 17:46:00,1486,2025-01-09 17:46:00
154,14,2025-01-09 17:48:00,1486,2025-01-09 17:48:00
153,15,2025-01-09 17:50:00,1486,2025-01-09 17:50:00
152,16,2025-01-09 17:53:00,1486,2025-01-09 17:53:00
151,17,2025-01-09 17:55:00,1486,2025-01-09 17:55:00
150,18,2025-01-09 17:56:00,1486,2025-01-09 17:56:00
149,19,2025-01-09 17:58:00,1486,2025-01-09 17:58:00
148,20,2025-01-09 18:00:00,1486,2025-01-09 18:00:00
147,21,2025-01-09 18:02:00,1486,2025-01-09 18:02:00
146,22,2025-01-09 18:04:00,1486,2025-01-09 18:04:00
145,23,2025-01-09 18:06:00,1486,2025-01-09 18:06:00
144,24,2025-01-09 18:08:00,1486,2025-01-09 18:08:00
143,25,2025-01-09 18:10:00,1486,2025-01-09 18:10:00
142,26,2025-01-09 18:13:00,1486,2025-01-09 18:13:00
141,27,2025-01-09 18:17:00,1486,2025-01-09 18:17:00
140,28,2025-01-09 18:18:00,1486,2025-01-09 18:18:00
139,29,2025-01-09 18:20:00,1486,2025-01-09 18:20:00
138,30,2025-01-09 18:22:00,1486,2025-01-09 18:22:00
137,31,2025-01-09 18:25:00,1486,2025-01-09 18:25:00
168,0,2025-01-09 17:28:00,1487,2025-01-09 17:28:00
167,1,2025-01-09 17:31:00,1487,2025-01-09 17:31:00
166,2,2025-01-09 17:33:00,1487,2025-01-09 17:33:00
165,3,2025-01-09 17:35:00,1487,2025-01-09 17:35:00
164,4,2025-01-09 17:38:00,1487,2025-01-09 17:38:00
163,5,2025-01-09 17:40:00,1487,2025-01-09 17:40:00
162,6,2025-01-09 17:42:00,1487,2025-01-09 17:42:00
161,7,2025-01-09 17:44:00,1487,2025-01-09 17:44:00
160,8,2025-01-09 17:46:00,1487,2025-01-09 17:46:00
159,9,2025-01-09 17:48:00,1487,2025-01-09 17:48:00
158,10,2025-01-09 17:50:00,1487,2025-01-09 17:50:00
157,11,2025-01-09 17:52:00,1487,2025-01-09 17:52:00
156,12,2025-01-09 17:54:00,1487,2025-01-09 17:54:00
155,13,2025-01-09 17:56:00,1487,2025-01-09 17:56:00
154,14,2025-01-09 17:58:00,1487,2025-01-09 17:58:00
153,15,2025-01-09 18:00:00,1487,2025-01-09 18:00:00
152,16,2025-01-09 18:03:00,1487,2025-01-09 18:03:00
151,17,2025-01-09 18:05:00,1487,2025-01-09 18:05:00
150,18,2025-01-09 18:06:00,1487,2025-01-09 18:06:00
149,19,2025-01-09 18:08:00,1487,2025-01-09 18:08:00
148,20,2025-01-09 18:10:00,1487,2025-01-09 18:10:00
147,21,2025-01-09 18:12:00,1487,2025-01-09 18:12:00
146,22,2025-01-09 18:14:00,1487,2025-01-09 18:14:00
145,23,2025-01-09 18:16:00,1487,2025-01-09 18:16:00
144,24,2025-01-09 18:18:00,1487,2025-01-09 18:18:00
143,25,2025-01-09 18:20:00,1487,2025-01-09 18:20:00
142,26,2025-01-09 18:23:00,1487,2025-01-09 18:23:00
141,27,2025-01-09 18:27:00,1487,2025-01-09 18:27:00
140,28,2025-01-09 18:28:00,1487,2025-01-09 18:28:00
139,29,2025-01-09 18:30:00,1487,2025-01-09 18:30:00
138,30,2025-01-09 18:32:00,1487,2025-01-09 18:32:00
137,31,2025-01-09 18:35:00,1487,2025-01-09 18:35:00
168,0,2025-01-09 17:38:00,1488,2025-01-09 17:38:00
167,1,2025-01-09 17:41:00,1488,2025-01-09 17:41:00
166,2,2025-01-09 17:43:00,1488,2025-01-09 17:43:00
165,3,2025-01-09 17:45:00,1488,2025-01-09 17:45:00
164,4,2025-01-09 17:48:00,1488,2025-01-09 17:48:00
163,5,2025-01-09 17:50:00,1488,2025-01-09 17:50:00
162,6,2025-01-09 17:52:00,1488,2025-01-09 17:52:00
161,7,2025-01-09 17:54:00,1488,2025-01-09 17:54:00
160,8,2025-01-09 17:56:00,1488,2025-01-09 17:56:00
159,9,2025-01-09 17:58:00,1488,2025-01-09 17:58:00
158,10,2025-01-09 18:00:00,1488,2025-01-09 18:00:00
157,11,2025-01-09 18:02:00,1488,2025-01-09 18:02:00
156,12,2025-01-09 18:04:00,1488,2025-01-09 18:04:00
155,13,2025-01-09 18:06:00,1488,2025-01-09 18:06:00
154,14,2025-01-09 18:08:00,1488,2025-01-09 18:08:00
153,15,2025-01-09 18:10:00,1488,2025-01-09 18:10:00
152,16,2025-01-09 18:13:00,1488,2025-01-09 18:13:00
151,17,2025-01-09 18:15:00,1488,2025-01-09 18:15:00
150,18,2025-01-09 18:16:00,1488,2025-01-09 18:16:00
149,19,2025-01-09 18:18:00,1488,2025-01-09 18:18:00
148,20,2025-01-09 18:20:00,1488,2025-01-09 18:20:00
147,21,2025-01-09 18:22:00,1488,2025-01-09 18:22:00
146,22,2025-01-09 18:24:00,1488,2025-01-09 18:24:00
145,23,2025-01-09 18:26:00,1488,2025-01-09 18:26:00
144,24,2025-01-09 18:28:00,1488,2025-01-09 18:28:00
143,25,2025-01-09 18:30:00,1488,2025-01-09 18:30:00
142,26,2025-01-09 18:33:00,1488,2025-01-09 18:33:00
141,27,2025-01-09 18:37:00,1488,2025-01-09 18:37:00
140,28,2025-01-09 18:38:00,1488,2025-01-09 18:38:00
139,29,2025-01-09 18:40:00,1488,2025-01-09 18:40:00
138,30,2025-01-09 18:42:00,1488,2025-01-09 18:42:00
137,31,2025-01-09 18:45:00,1488,2025-01-09 18:45:00
168,0,2025-01-09 17:45:00,1489,2025-01-09 17:45:00
167,1,2025-01-09 17:48:00,1489,2025-01-09 17:48:00
166,2,2025-01-09 17:50:00,1489,2025-01-09 17:50:00
165,3,2025-01-09 17:52:00,1489,2025-01-09 17:52:00
164,4,2025-01-09 17:55:00,1489,2025-01-09 17:55:00
163,5,2025-01-09 17:57:00,1489,2025-01-09 17:57:00
162,6,2025-01-09 17:59:00,1489,2025-01-09 17:59:00
161,7,2025-01-09 18:01:00,1489,2025-01-09 18:01:00
160,8,2025-01-09 18:03:00,1489,2025-01-09 18:03:00
159,9,2025-01-09 18:05:00,1489,2025-01-09 18:05:00
158,10,2025-01-09 18:07:00,1489,2025-01-09 18:07:00
157,11,2025-01-09 18:09:00,1489,2025-01-09 18:09:00
156,12,2025-01-09 18:11:00,1489,2025-01-09 18:11:00
155,13,2025-01-09 18:13:00,1489,2025-01-09 18:13:00
154,14,2025-01-09 18:15:00,1489,2025-01-09 18:15:00
153,15,2025-01-09 18:17:00,1489,2025-01-09 18:17:00
152,16,2025-01-09 18:20:00,1489,2025-01-09 18:20:00
151,17,2025-01-09 18:22:00,1489,2025-01-09 18:22:00
150,18,2025-01-09 18:23:00,1489,2025-01-09 18:23:00
149,19,2025-01-09 18:25:00,1489,2025-01-09 18:25:00
148,20,2025-01-09 18:27:00,1489,2025-01-09 18:27:00
147,21,2025-01-09 18:29:00,1489,2025-01-09 18:29:00
146,22,2025-01-09 18:31:00,1489,2025-01-09 18:31:00
145,23,2025-01-09 18:33:00,1489,2025-01-09 18:33:00
144,24,2025-01-09 18:35:00,1489,2025-01-09 18:35:00
143,25,2025-01-09 18:37:00,1489,2025-01-09 18:37:00
142,26,2025-01-09 18:40:00,1489,2025-01-09 18:40:00
141,27,2025-01-09 18:44:00,1489,2025-01-09 18:44:00
140,28,2025-01-09 18:45:00,1489,2025-01-09 18:45:00
139,29,2025-01-09 18:47:00,1489,2025-01-09 18:47:00
138,30,2025-01-09 18:49:00,1489,2025-01-09 18:49:00
137,31,2025-01-09 18:52:00,1489,2025-01-09 18:52:00
168,0,2025-01-09 17:54:00,1490,2025-01-09 17:54:00
167,1,2025-01-09 17:57:00,1490,2025-01-09 17:57:00
166,2,2025-01-09 17:59:00,1490,2025-01-09 17:59:00
165,3,2025-01-09 18:01:00,1490,2025-01-09 18:01:00
164,4,2025-01-09 18:04:00,1490,2025-01-09 18:04:00
163,5,2025-01-09 18:06:00,1490,2025-01-09 18:06:00
162,6,2025-01-09 18:08:00,1490,2025-01-09 18:08:00
161,7,2025-01-09 18:10:00,1490,2025-01-09 18:10:00
160,8,2025-01-09 18:12:00,1490,2025-01-09 18:12:00
159,9,2025-01-09 18:14:00,1490,2025-01-09 18:14:00
158,10,2025-01-09 18:16:00,1490,2025-01-09 18:16:00
157,11,2025-01-09 18:18:00,1490,2025-01-09 18:18:00
156,12,2025-01-09 18:20:00,1490,2025-01-09 18:20:00
155,13,2025-01-09 18:22:00,1490,2025-01-09 18:22:00
154,14,2025-01-09 18:24:00,1490,2025-01-09 18:24:00
153,15,2025-01-09 18:26:00,1490,2025-01-09 18:26:00
152,16,2025-01-09 18:29:00,1490,2025-01-09 18:29:00
151,17,2025-01-09 18:31:00,1490,2025-01-09 18:31:00
150,18,2025-01-09 18:32:00,1490,2025-01-09 18:32:00
149,19,2025-01-09 18:34:00,1490,2025-01-09 18:34:00
148,20,2025-01-09 18:36:00,1490,2025-01-09 18:36:00
147,21,2025-01-09 18:38:00,1490,2025-01-09 18:38:00
146,22,2025-01-09 18:40:00,1490,2025-01-09 18:40:00
145,23,2025-01-09 18:42:00,1490,2025-01-09 18:42:00
144,24,2025-01-09 18:44:00,1490,2025-01-09 18:44:00
143,25,2025-01-09 18:46:00,1490,2025-01-09 18:46:00
142,26,2025-01-09 18:49:00,1490,2025-01-09 18:49:00
141,27,2025-01-09 18:53:00,1490,2025-01-09 18:53:00
140,28,2025-01-09 18:54:00,1490,2025-01-09 18:54:00
139,29,2025-01-09 18:56:00,1490,2025-01-09 18:56:00
138,30,2025-01-09 18:58:00,1490,2025-01-09 18:58:00
137,31,2025-01-09 19:01:00,1490,2025-01-09 19:01:00
168,0,2025-01-09 18:03:00,1491,2025-01-09 18:03:00
167,1,2025-01-09 18:06:00,1491,2025-01-09 18:06:00
166,2,2025-01-09 18:08:00,1491,2025-01-09 18:08:00
165,3,2025-01-09 18:10:00,1491,2025-01-09 18:10:00
164,4,2025-01-09 18:13:00,1491,2025-01-09 18:13:00
163,5,2025-01-09 18:15:00,1491,2025-01-09 18:15:00
162,6,2025-01-09 18:17:00,1491,2025-01-09 18:17:00
161,7,2025-01-09 18:19:00,1491,2025-01-09 18:19:00
160,8,2025-01-09 18:21:00,1491,2025-01-09 18:21:00
159,9,2025-01-09 18:23:00,1491,2025-01-09 18:23:00
158,10,2025-01-09 18:25:00,1491,2025-01-09 18:25:00
157,11,2025-01-09 18:27:00,1491,2025-01-09 18:27:00
156,12,2025-01-09 18:29:00,1491,2025-01-09 18:29:00
155,13,2025-01-09 18:31:00,1491,2025-01-09 18:31:00
154,14,2025-01-09 18:33:00,1491,2025-01-09 18:33:00
153,15,2025-01-09 18:35:00,1491,2025-01-09 18:35:00
152,16,2025-01-09 18:38:00,1491,2025-01-09 18:38:00
151,17,2025-01-09 18:40:00,1491,2025-01-09 18:40:00
150,18,2025-01-09 18:41:00,1491,2025-01-09 18:41:00
149,19,2025-01-09 18:43:00,1491,2025-01-09 18:43:00
148,20,2025-01-09 18:45:00,1491,2025-01-09 18:45:00
147,21,2025-01-09 18:47:00,1491,2025-01-09 18:47:00
146,22,2025-01-09 18:49:00,1491,2025-01-09 18:49:00
145,23,2025-01-09 18:51:00,1491,2025-01-09 18:51:00
144,24,2025-01-09 18:53:00,1491,2025-01-09 18:53:00
143,25,2025-01-09 18:55:00,1491,2025-01-09 18:55:00
142,26,2025-01-09 18:58:00,1491,2025-01-09 18:58:00
141,27,2025-01-09 19:02:00,1491,2025-01-09 19:02:00
140,28,2025-01-09 19:03:00,1491,2025-01-09 19:03:00
139,29,2025-01-09 19:05:00,1491,2025-01-09 19:05:00
138,30,2025-01-09 19:07:00,1491,2025-01-09 19:07:00
137,31,2025-01-09 19:10:00,1491,2025-01-09 19:10:00
168,0,2025-01-09 18:12:00,1492,2025-01-09 18:12:00
167,1,2025-01-09 18:15:00,1492,2025-01-09 18:15:00
166,2,2025-01-09 18:17:00,1492,2025-01-09 18:17:00
165,3,2025-01-09 18:19:00,1492,2025-01-09 18:19:00
164,4,2025-01-09 18:22:00,1492,2025-01-09 18:22:00
163,5,2025-01-09 18:24:00,1492,2025-01-09 18:24:00
162,6,2025-01-09 18:26:00,1492,2025-01-09 18:26:00
161,7,2025-01-09 18:28:00,1492,2025-01-09 18:28:00
160,8,2025-01-09 18:30:00,1492,2025-01-09 18:30:00
159,9,2025-01-09 18:32:00,1492,2025-01-09 18:32:00
158,10,2025-01-09 18:34:00,1492,2025-01-09 18:34:00
157,11,2025-01-09 18:36:00,1492,2025-01-09 18:36:00
156,12,2025-01-09 18:38:00,1492,2025-01-09 18:38:00
155,13,2025-01-09 18:40:00,1492,2025-01-09 18:40:00
154,14,2025-01-09 18:42:00,1492,2025-01-09 18:42:00
153,15,2025-01-09 18:44:00,1492,2025-01-09 18:44:00
152,16,2025-01-09 18:47:00,1492,2025-01-09 18:47:00
151,17,2025-01-09 18:49:00,1492,2025-01-09 18:49:00
150,18,2025-01-09 18:50:00,1492,2025-01-09 18:50:00
149,19,2025-01-09 18:52:00,1492,2025-01-09 18:52:00
148,20,2025-01-09 18:54:00,1492,2025-01-09 18:54:00
147,21,2025-01-09 18:56:00,1492,2025-01-09 18:56:00
146,22,2025-01-09 18:58:00,1492,2025-01-09 18:58:00
145,23,2025-01-09 19:00:00,1492,2025-01-09 19:00:00
144,24,2025-01-09 19:02:00,1492,2025-01-09 19:02:00
143,25,2025-01-09 19:04:00,1492,2025-01-09 19:04:00
142,26,2025-01-09 19:07:00,1492,2025-01-09 19:07:00
141,27,2025-01-09 19:11:00,1492,2025-01-09 19:11:00
140,28,2025-01-09 19:12:00,1492,2025-01-09 19:12:00
139,29,2025-01-09 19:14:00,1492,2025-01-09 19:14:00
138,30,2025-01-09 19:16:00,1492,2025-01-09 19:16:00
137,31,2025-01-09 19:19:00,1492,2025-01-09 19:19:00
168,0,2025-01-09 18:21:00,1493,2025-01-09 18:21:00
167,1,2025-01-09 18:24:00,1493,2025-01-09 18:24:00
166,2,2025-01-09 18:26:00,1493,2025-01-09 18:26:00
165,3,2025-01-09 18:28:00,1493,2025-01-09 18:28:00
164,4,2025-01-09 18:31:00,1493,2025-01-09 18:31:00
163,5,2025-01-09 18:33:00,1493,2025-01-09 18:33:00
162,6,2025-01-09 18:35:00,1493,2025-01-09 18:35:00
161,7,2025-01-09 18:37:00,1493,2025-01-09 18:37:00
160,8,2025-01-09 18:39:00,1493,2025-01-09 18:39:00
159,9,2025-01-09 18:41:00,1493,2025-01-09 18:41:00
158,10,2025-01-09 18:43:00,1493,2025-01-09 18:43:00
157,11,2025-01-09 18:45:00,1493,2025-01-09 18:45:00
156,12,2025-01-09 18:47:00,1493,2025-01-09 18:47:00
155,13,2025-01-09 18:49:00,1493,2025-01-09 18:49:00
154,14,2025-01-09 18:51:00,1493,2025-01-09 18:51:00
153,15,2025-01-09 18:53:00,1493,2025-01-09 18:53:00
152,16,2025-01-09 18:56:00,1493,2025-01-09 18:56:00
151,17,2025-01-09 18:58:00,1493,2025-01-09 18:58:00
150,18,2025-01-09 18:59:00,1493,2025-01-09 18:59:00
149,19,2025-01-09 19:01:00,1493,2025-01-09 19:01:00
148,20,2025-01-09 19:03:00,1493,2025-01-09 19:03:00
147,21,2025-01-09 19:05:00,1493,2025-01-09 19:05:00
146,22,2025-01-09 19:07:00,1493,2025-01-09 19:07:00
145,23,2025-01-09 19:09:00,1493,2025-01-09 19:09:00
144,24,2025-01-09 19:11:00,1493,2025-01-09 19:11:00
143,25,2025-01-09 19:13:00,1493,2025-01-09 19:13:00
142,26,2025-01-09 19:16:00,1493,2025-01-09 19:16:00
141,27,2025-01-09 19:20:00,1493,2025-01-09 19:20:00
140,28,2025-01-09 19:21:00,1493,2025-01-09 19:21:00
139,29,2025-01-09 19:23:00,1493,2025-01-09 19:23:00
138,30,2025-01-09 19:25:00,1493,2025-01-09 19:25:00
137,31,2025-01-09 19:28:00,1493,2025-01-09 19:28:00
168,0,2025-01-09 18:30:00,1494,2025-01-09 18:30:00
167,1,2025-01-09 18:33:00,1494,2025-01-09 18:33:00
166,2,2025-01-09 18:35:00,1494,2025-01-09 18:35:00
165,3,2025-01-09 18:37:00,1494,2025-01-09 18:37:00
164,4,2025-01-09 18:40:00,1494,2025-01-09 18:40:00
163,5,2025-01-09 18:42:00,1494,2025-01-09 18:42:00
162,6,2025-01-09 18:44:00,1494,2025-01-09 18:44:00
161,7,2025-01-09 18:46:00,1494,2025-01-09 18:46:00
160,8,2025-01-09 18:48:00,1494,2025-01-09 18:48:00
159,9,2025-01-09 18:50:00,1494,2025-01-09 18:50:00
158,10,2025-01-09 18:52:00,1494,2025-01-09 18:52:00
157,11,2025-01-09 18:54:00,1494,2025-01-09 18:54:00
156,12,2025-01-09 18:56:00,1494,2025-01-09 18:56:00
155,13,2025-01-09 18:58:00,1494,2025-01-09 18:58:00
154,14,2025-01-09 19:00:00,1494,2025-01-09 19:00:00
153,15,2025-01-09 19:02:00,1494,2025-01-09 19:02:00
152,16,2025-01-09 19:05:00,1494,2025-01-09 19:05:00
151,17,2025-01-09 19:07:00,1494,2025-01-09 19:07:00
150,18,2025-01-09 19:08:00,1494,2025-01-09 19:08:00
149,19,2025-01-09 19:10:00,1494,2025-01-09 19:10:00
148,20,2025-01-09 19:12:00,1494,2025-01-09 19:12:00
147,21,2025-01-09 19:14:00,1494,2025-01-09 19:14:00
146,22,2025-01-09 19:16:00,1494,2025-01-09 19:16:00
145,23,2025-01-09 19:18:00,1494,2025-01-09 19:18:00
144,24,2025-01-09 19:20:00,1494,2025-01-09 19:20:00
143,25,2025-01-09 19:22:00,1494,2025-01-09 19:22:00
142,26,2025-01-09 19:25:00,1494,2025-01-09 19:25:00
141,27,2025-01-09 19:29:00,1494,2025-01-09 19:29:00
140,28,2025-01-09 19:30:00,1494,2025-01-09 19:30:00
139,29,2025-01-09 19:32:00,1494,2025-01-09 19:32:00
138,30,2025-01-09 19:34:00,1494,2025-01-09 19:34:00
137,31,2025-01-09 19:37:00,1494,2025-01-09 19:37:00
168,0,2025-01-09 18:39:00,1495,2025-01-09 18:39:00
167,1,2025-01-09 18:42:00,1495,2025-01-09 18:42:00
166,2,2025-01-09 18:44:00,1495,2025-01-09 18:44:00
165,3,2025-01-09 18:46:00,1495,2025-01-09 18:46:00
164,4,2025-01-09 18:49:00,1495,2025-01-09 18:49:00
163,5,2025-01-09 18:51:00,1495,2025-01-09 18:51:00
162,6,2025-01-09 18:53:00,1495,2025-01-09 18:53:00
161,7,2025-01-09 18:55:00,1495,2025-01-09 18:55:00
160,8,2025-01-09 18:57:00,1495,2025-01-09 18:57:00
159,9,2025-01-09 18:59:00,1495,2025-01-09 18:59:00
158,10,2025-01-09 19:01:00,1495,2025-01-09 19:01:00
157,11,2025-01-09 19:03:00,1495,2025-01-09 19:03:00
156,12,2025-01-09 19:05:00,1495,2025-01-09 19:05:00
155,13,2025-01-09 19:07:00,1495,2025-01-09 19:07:00
154,14,2025-01-09 19:09:00,1495,2025-01-09 19:09:00
153,15,2025-01-09 19:11:00,1495,2025-01-09 19:11:00
152,16,2025-01-09 19:14:00,1495,2025-01-09 19:14:00
151,17,2025-01-09 19:16:00,1495,2025-01-09 19:16:00
150,18,2025-01-09 19:17:00,1495,2025-01-09 19:17:00
149,19,2025-01-09 19:19:00,1495,2025-01-09 19:19:00
148,20,2025-01-09 19:21:00,1495,2025-01-09 19:21:00
147,21,2025-01-09 19:23:00,1495,2025-01-09 19:23:00
146,22,2025-01-09 19:25:00,1495,2025-01-09 19:25:00
145,23,2025-01-09 19:27:00,1495,2025-01-09 19:27:00
144,24,2025-01-09 19:29:00,1495,2025-01-09 19:29:00
143,25,2025-01-09 19:31:00,1495,2025-01-09 19:31:00
142,26,2025-01-09 19:34:00,1495,2025-01-09 19:34:00
141,27,2025-01-09 19:38:00,1495,2025-01-09 19:38:00
140,28,2025-01-09 19:39:00,1495,2025-01-09 19:39:00
139,29,2025-01-09 19:41:00,1495,2025-01-09 19:41:00
138,30,2025-01-09 19:43:00,1495,2025-01-09 19:43:00
137,31,2025-01-09 19:46:00,1495,2025-01-09 19:46:00
168,0,2025-01-09 18:48:00,1496,2025-01-09 18:48:00
167,1,2025-01-09 18:51:00,1496,2025-01-09 18:51:00
166,2,2025-01-09 18:53:00,1496,2025-01-09 18:53:00
165,3,2025-01-09 18:55:00,1496,2025-01-09 18:55:00
164,4,2025-01-09 18:58:00,1496,2025-01-09 18:58:00
163,5,2025-01-09 19:00:00,1496,2025-01-09 19:00:00
162,6,2025-01-09 19:02:00,1496,2025-01-09 19:02:00
161,7,2025-01-09 19:04:00,1496,2025-01-09 19:04:00
160,8,2025-01-09 19:06:00,1496,2025-01-09 19:06:00
159,9,2025-01-09 19:08:00,1496,2025-01-09 19:08:00
158,10,2025-01-09 19:10:00,1496,2025-01-09 19:10:00
157,11,2025-01-09 19:12:00,1496,2025-01-09 19:12:00
156,12,2025-01-09 19:14:00,1496,2025-01-09 19:14:00
155,13,2025-01-09 19:16:00,1496,2025-01-09 19:16:00
154,14,2025-01-09 19:18:00,1496,2025-01-09 19:18:00
153,15,2025-01-09 19:20:00,1496,2025-01-09 19:20:00
152,16,2025-01-09 19:23:00,1496,2025-01-09 19:23:00
151,17,2025-01-09 19:25:00,1496,2025-01-09 19:25:00
150,18,2025-01-09 19:26:00,1496,2025-01-09 19:26:00
149,19,2025-01-09 19:28:00,1496,2025-01-09 19:28:00
148,20,2025-01-09 19:30:00,1496,2025-01-09 19:30:00
147,21,2025-01-09 19:32:00,1496,2025-01-09 19:32:00
146,22,2025-01-09 19:34:00,1496,2025-01-09 19:34:00
145,23,2025-01-09 19:36:00,1496,2025-01-09 19:36:00
144,24,2025-01-09 19:38:00,1496,2025-01-09 19:38:00
143,25,2025-01-09 19:40:00,1496,2025-01-09 19:40:00
142,26,2025-01-09 19:43:00,1496,2025-01-09 19:43:00
141,27,2025-01-09 19:47:00,1496,2025-01-09 19:47:00
140,28,2025-01-09 19:48:00,1496,2025-01-09 19:48:00
139,29,2025-01-09 19:50:00,1496,2025-01-09 19:50:00
138,30,2025-01-09 19:52:00,1496,2025-01-09 19:52:00
137,31,2025-01-09 19:55:00,1496,2025-01-09 19:55:00
168,0,2025-01-09 18:58:00,1497,2025-01-09 18:58:00
167,1,2025-01-09 19:01:00,1497,2025-01-09 19:01:00
166,2,2025-01-09 19:03:00,1497,2025-01-09 19:03:00
165,3,2025-01-09 19:05:00,1497,2025-01-09 19:05:00
164,4,2025-01-09 19:08:00,1497,2025-01-09 19:08:00
163,5,2025-01-09 19:10:00,1497,2025-01-09 19:10:00
162,6,2025-01-09 19:12:00,1497,2025-01-09 19:12:00
161,7,2025-01-09 19:14:00,1497,2025-01-09 19:14:00
160,8,2025-01-09 19:16:00,1497,2025-01-09 19:16:00
159,9,2025-01-09 19:18:00,1497,2025-01-09 19:18:00
158,10,2025-01-09 19:20:00,1497,2025-01-09 19:20:00
157,11,2025-01-09 19:22:00,1497,2025-01-09 19:22:00
156,12,2025-01-09 19:24:00,1497,2025-01-09 19:24:00
155,13,2025-01-09 19:26:00,1497,2025-01-09 19:26:00
154,14,2025-01-09 19:28:00,1497,2025-01-09 19:28:00
153,15,2025-01-09 19:30:00,1497,2025-01-09 19:30:00
152,16,2025-01-09 19:33:00,1497,2025-01-09 19:33:00
151,17,2025-01-09 19:35:00,1497,2025-01-09 19:35:00
150,18,2025-01-09 19:36:00,1497,2025-01-09 19:36:00
149,19,2025-01-09 19:38:00,1497,2025-01-09 19:38:00
148,20,2025-01-09 19:40:00,1497,2025-01-09 19:40:00
147,21,2025-01-09 19:42:00,1497,2025-01-09 19:42:00
146,22,2025-01-09 19:44:00,1497,2025-01-09 19:44:00
145,23,2025-01-09 19:46:00,1497,2025-01-09 19:46:00
144,24,2025-01-09 19:48:00,1497,2025-01-09 19:48:00
143,25,2025-01-09 19:50:00,1497,2025-01-09 19:50:00
142,26,2025-01-09 19:53:00,1497,2025-01-09 19:53:00
141,27,2025-01-09 19:57:00,1497,2025-01-09 19:57:00
140,28,2025-01-09 19:58:00,1497,2025-01-09 19:58:00
139,29,2025-01-09 20:00:00,1497,2025-01-09 20:00:00
138,30,2025-01-09 20:02:00,1497,2025-01-09 20:02:00
137,31,2025-01-09 20:05:00,1497,2025-01-09 20:05:00
168,0,2025-01-09 19:08:00,1498,2025-01-09 19:08:00
167,1,2025-01-09 19:11:00,1498,2025-01-09 19:11:00
166,2,2025-01-09 19:13:00,1498,2025-01-09 19:13:00
165,3,2025-01-09 19:15:00,1498,2025-01-09 19:15:00
164,4,2025-01-09 19:18:00,1498,2025-01-09 19:18:00
163,5,2025-01-09 19:20:00,1498,2025-01-09 19:20:00
162,6,2025-01-09 19:22:00,1498,2025-01-09 19:22:00
161,7,2025-01-09 19:24:00,1498,2025-01-09 19:24:00
160,8,2025-01-09 19:26:00,1498,2025-01-09 19:26:00
159,9,2025-01-09 19:28:00,1498,2025-01-09 19:28:00
158,10,2025-01-09 19:30:00,1498,2025-01-09 19:30:00
157,11,2025-01-09 19:32:00,1498,2025-01-09 19:32:00
156,12,2025-01-09 19:34:00,1498,2025-01-09 19:34:00
155,13,2025-01-09 19:36:00,1498,2025-01-09 19:36:00
154,14,2025-01-09 19:38:00,1498,2025-01-09 19:38:00
153,15,2025-01-09 19:40:00,1498,2025-01-09 19:40:00
152,16,2025-01-09 19:43:00,1498,2025-01-09 19:43:00
151,17,2025-01-09 19:45:00,1498,2025-01-09 19:45:00
150,18,2025-01-09 19:46:00,1498,2025-01-09 19:46:00
149,19,2025-01-09 19:48:00,1498,2025-01-09 19:48:00
148,20,2025-01-09 19:50:00,1498,2025-01-09 19:50:00
147,21,2025-01-09 19:52:00,1498,2025-01-09 19:52:00
146,22,2025-01-09 19:54:00,1498,2025-01-09 19:54:00
145,23,2025-01-09 19:56:00,1498,2025-01-09 19:56:00
144,24,2025-01-09 19:58:00,1498,2025-01-09 19:58:00
143,25,2025-01-09 20:00:00,1498,2025-01-09 20:00:00
142,26,2025-01-09 20:03:00,1498,2025-01-09 20:03:00
141,27,2025-01-09 20:07:00,1498,2025-01-09 20:07:00
140,28,2025-01-09 20:08:00,1498,2025-01-09 20:08:00
139,29,2025-01-09 20:10:00,1498,2025-01-09 20:10:00
138,30,2025-01-09 20:12:00,1498,2025-01-09 20:12:00
137,31,2025-01-09 20:15:00,1498,2025-01-09 20:15:00
168,0,2025-01-09 19:18:00,1499,2025-01-09 19:18:00
167,1,2025-01-09 19:21:00,1499,2025-01-09 19:21:00
166,2,2025-01-09 19:23:00,1499,2025-01-09 19:23:00
165,3,2025-01-09 19:25:00,1499,2025-01-09 19:25:00
164,4,2025-01-09 19:28:00,1499,2025-01-09 19:28:00
163,5,2025-01-09 19:30:00,1499,2025-01-09 19:30:00
162,6,2025-01-09 19:32:00,1499,2025-01-09 19:32:00
161,7,2025-01-09 19:34:00,1499,2025-01-09 19:34:00
160,8,2025-01-09 19:36:00,1499,2025-01-09 19:36:00
159,9,2025-01-09 19:38:00,1499,2025-01-09 19:38:00
158,10,2025-01-09 19:40:00,1499,2025-01-09 19:40:00
157,11,2025-01-09 19:42:00,1499,2025-01-09 19:42:00
156,12,2025-01-09 19:44:00,1499,2025-01-09 19:44:00
155,13,2025-01-09 19:46:00,1499,2025-01-09 19:46:00
154,14,2025-01-09 19:48:00,1499,2025-01-09 19:48:00
153,15,2025-01-09 19:50:00,1499,2025-01-09 19:50:00
152,16,2025-01-09 19:53:00,1499,2025-01-09 19:53:00
151,17,2025-01-09 19:55:00,1499,2025-01-09 19:55:00
150,18,2025-01-09 19:56:00,1499,2025-01-09 19:56:00
149,19,2025-01-09 19:58:00,1499,2025-01-09 19:58:00
148,20,2025-01-09 20:00:00,1499,2025-01-09 20:00:00
147,21,2025-01-09 20:02:00,1499,2025-01-09 20:02:00
146,22,2025-01-09 20:04:00,1499,2025-01-09 20:04:00
145,23,2025-01-09 20:06:00,1499,2025-01-09 20:06:00
144,24,2025-01-09 20:08:00,1499,2025-01-09 20:08:00
143,25,2025-01-09 20:10:00,1499,2025-01-09 20:10:00
142,26,2025-01-09 20:13:00,1499,2025-01-09 20:13:00
141,27,2025-01-09 20:17:00,1499,2025-01-09 20:17:00
140,28,2025-01-09 20:18:00,1499,2025-01-09 20:18:00
139,29,2025-01-09 20:20:00,1499,2025-01-09 20:20:00
138,30,2025-01-09 20:22:00,1499,2025-01-09 20:22:00
137,31,2025-01-09 20:25:00,1499,2025-01-09 20:25:00
168,0,2025-01-09 19:28:00,1500,2025-01-09 19:28:00
167,1,2025-01-09 19:31:00,1500,2025-01-09 19:31:00
166,2,2025-01-09 19:33:00,1500,2025-01-09 19:33:00
165,3,2025-01-09 19:35:00,1500,2025-01-09 19:35:00
164,4,2025-01-09 19:38:00,1500,2025-01-09 19:38:00
163,5,2025-01-09 19:40:00,1500,2025-01-09 19:40:00
162,6,2025-01-09 19:42:00,1500,2025-01-09 19:42:00
161,7,2025-01-09 19:44:00,1500,2025-01-09 19:44:00
160,8,2025-01-09 19:46:00,1500,2025-01-09 19:46:00
159,9,2025-01-09 19:48:00,1500,2025-01-09 19:48:00
158,10,2025-01-09 19:50:00,1500,2025-01-09 19:50:00
157,11,2025-01-09 19:52:00,1500,2025-01-09 19:52:00
156,12,2025-01-09 19:54:00,1500,2025-01-09 19:54:00
155,13,2025-01-09 19:56:00,1500,2025-01-09 19:56:00
154,14,2025-01-09 19:58:00,1500,2025-01-09 19:58:00
153,15,2025-01-09 20:00:00,1500,2025-01-09 20:00:00
152,16,2025-01-09 20:03:00,1500,2025-01-09 20:03:00
151,17,2025-01-09 20:05:00,1500,2025-01-09 20:05:00
150,18,2025-01-09 20:06:00,1500,2025-01-09 20:06:00
149,19,2025-01-09 20:08:00,1500,2025-01-09 20:08:00
148,20,2025-01-09 20:10:00,1500,2025-01-09 20:10:00
147,21,2025-01-09 20:12:00,1500,2025-01-09 20:12:00
146,22,2025-01-09 20:14:00,1500,2025-01-09 20:14:00
145,23,2025-01-09 20:16:00,1500,2025-01-09 20:16:00
144,24,2025-01-09 20:18:00,1500,2025-01-09 20:18:00
143,25,2025-01-09 20:20:00,1500,2025-01-09 20:20:00
142,26,2025-01-09 20:23:00,1500,2025-01-09 20:23:00
141,27,2025-01-09 20:27:00,1500,2025-01-09 20:27:00
140,28,2025-01-09 20:28:00,1500,2025-01-09 20:28:00
139,29,2025-01-09 20:30:00,1500,2025-01-09 20:30:00
138,30,2025-01-09 20:32:00,1500,2025-01-09 20:32:00
137,31,2025-01-09 20:35:00,1500,2025-01-09 20:35:00
168,0,2025-01-09 19:38:00,1501,2025-01-09 19:38:00
167,1,2025-01-09 19:41:00,1501,2025-01-09 19:41:00
166,2,2025-01-09 19:43:00,1501,2025-01-09 19:43:00
165,3,2025-01-09 19:45:00,1501,2025-01-09 19:45:00
164,4,2025-01-09 19:48:00,1501,2025-01-09 19:48:00
163,5,2025-01-09 19:50:00,1501,2025-01-09 19:50:00
162,6,2025-01-09 19:52:00,1501,2025-01-09 19:52:00
161,7,2025-01-09 19:54:00,1501,2025-01-09 19:54:00
160,8,2025-01-09 19:56:00,1501,2025-01-09 19:56:00
159,9,2025-01-09 19:58:00,1501,2025-01-09 19:58:00
158,10,2025-01-09 20:00:00,1501,2025-01-09 20:00:00
157,11,2025-01-09 20:02:00,1501,2025-01-09 20:02:00
156,12,2025-01-09 20:04:00,1501,2025-01-09 20:04:00
155,13,2025-01-09 20:06:00,1501,2025-01-09 20:06:00
154,14,2025-01-09 20:08:00,1501,2025-01-09 20:08:00
153,15,2025-01-09 20:10:00,1501,2025-01-09 20:10:00
152,16,2025-01-09 20:13:00,1501,2025-01-09 20:13:00
151,17,2025-01-09 20:15:00,1501,2025-01-09 20:15:00
150,18,2025-01-09 20:16:00,1501,2025-01-09 20:16:00
149,19,2025-01-09 20:18:00,1501,2025-01-09 20:18:00
148,20,2025-01-09 20:20:00,1501,2025-01-09 20:20:00
147,21,2025-01-09 20:22:00,1501,2025-01-09 20:22:00
146,22,2025-01-09 20:24:00,1501,2025-01-09 20:24:00
145,23,2025-01-09 20:26:00,1501,2025-01-09 20:26:00
144,24,2025-01-09 20:28:00,1501,2025-01-09 20:28:00
143,25,2025-01-09 20:30:00,1501,2025-01-09 20:30:00
142,26,2025-01-09 20:33:00,1501,2025-01-09 20:33:00
141,27,2025-01-09 20:37:00,1501,2025-01-09 20:37:00
140,28,2025-01-09 20:38:00,1501,2025-01-09 20:38:00
139,29,2025-01-09 20:40:00,1501,2025-01-09 20:40:00
138,30,2025-01-09 20:42:00,1501,2025-01-09 20:42:00
137,31,2025-01-09 20:45:00,1501,2025-01-09 20:45:00
168,0,2025-01-09 19:48:00,1502,2025-01-09 19:48:00
167,1,2025-01-09 19:51:00,1502,2025-01-09 19:51:00
166,2,2025-01-09 19:53:00,1502,2025-01-09 19:53:00
165,3,2025-01-09 19:55:00,1502,2025-01-09 19:55:00
164,4,2025-01-09 19:58:00,1502,2025-01-09 19:58:00
163,5,2025-01-09 20:00:00,1502,2025-01-09 20:00:00
162,6,2025-01-09 20:02:00,1502,2025-01-09 20:02:00
161,7,2025-01-09 20:04:00,1502,2025-01-09 20:04:00
160,8,2025-01-09 20:06:00,1502,2025-01-09 20:06:00
159,9,2025-01-09 20:08:00,1502,2025-01-09 20:08:00
158,10,2025-01-09 20:10:00,1502,2025-01-09 20:10:00
157,11,2025-01-09 20:12:00,1502,2025-01-09 20:12:00
156,12,2025-01-09 20:14:00,1502,2025-01-09 20:14:00
155,13,2025-01-09 20:16:00,1502,2025-01-09 20:16:00
154,14,2025-01-09 20:18:00,1502,2025-01-09 20:18:00
153,15,2025-01-09 20:20:00,1502,2025-01-09 20:20:00
152,16,2025-01-09 20:23:00,1502,2025-01-09 20:23:00
151,17,2025-01-09 20:25:00,1502,2025-01-09 20:25:00
150,18,2025-01-09 20:26:00,1502,2025-01-09 20:26:00
149,19,2025-01-09 20:28:00,1502,2025-01-09 20:28:00
148,20,2025-01-09 20:30:00,1502,2025-01-09 20:30:00
147,21,2025-01-09 20:32:00,1502,2025-01-09 20:32:00
146,22,2025-01-09 20:34:00,1502,2025-01-09 20:34:00
145,23,2025-01-09 20:36:00,1502,2025-01-09 20:36:00
144,24,2025-01-09 20:38:00,1502,2025-01-09 20:38:00
143,25,2025-01-09 20:40:00,1502,2025-01-09 20:40:00
142,26,2025-01-09 20:43:00,1502,2025-01-09 20:43:00
141,27,2025-01-09 20:47:00,1502,2025-01-09 20:47:00
140,28,2025-01-09 20:48:00,1502,2025-01-09 20:48:00
139,29,2025-01-09 20:50:00,1502,2025-01-09 20:50:00
138,30,2025-01-09 20:52:00,1502,2025-01-09 20:52:00
137,31,2025-01-09 20:55:00,1502,2025-01-09 20:55:00
168,0,2025-01-09 19:58:00,1503,2025-01-09 19:58:00
167,1,2025-01-09 20:01:00,1503,2025-01-09 20:01:00
166,2,2025-01-09 20:03:00,1503,2025-01-09 20:03:00
165,3,2025-01-09 20:05:00,1503,2025-01-09 20:05:00
164,4,2025-01-09 20:08:00,1503,2025-01-09 20:08:00
163,5,2025-01-09 20:10:00,1503,2025-01-09 20:10:00
162,6,2025-01-09 20:12:00,1503,2025-01-09 20:12:00
161,7,2025-01-09 20:14:00,1503,2025-01-09 20:14:00
160,8,2025-01-09 20:16:00,1503,2025-01-09 20:16:00
159,9,2025-01-09 20:18:00,1503,2025-01-09 20:18:00
158,10,2025-01-09 20:20:00,1503,2025-01-09 20:20:00
157,11,2025-01-09 20:22:00,1503,2025-01-09 20:22:00
156,12,2025-01-09 20:24:00,1503,2025-01-09 20:24:00
155,13,2025-01-09 20:26:00,1503,2025-01-09 20:26:00
154,14,2025-01-09 20:28:00,1503,2025-01-09 20:28:00
153,15,2025-01-09 20:30:00,1503,2025-01-09 20:30:00
152,16,2025-01-09 20:33:00,1503,2025-01-09 20:33:00
151,17,2025-01-09 20:35:00,1503,2025-01-09 20:35:00
150,18,2025-01-09 20:36:00,1503,2025-01-09 20:36:00
149,19,2025-01-09 20:38:00,1503,2025-01-09 20:38:00
148,20,2025-01-09 20:40:00,1503,2025-01-09 20:40:00
147,21,2025-01-09 20:42:00,1503,2025-01-09 20:42:00
146,22,2025-01-09 20:44:00,1503,2025-01-09 20:44:00
145,23,2025-01-09 20:46:00,1503,2025-01-09 20:46:00
144,24,2025-01-09 20:48:00,1503,2025-01-09 20:48:00
143,25,2025-01-09 20:50:00,1503,2025-01-09 20:50:00
142,26,2025-01-09 20:53:00,1503,2025-01-09 20:53:00
141,27,2025-01-09 20:57:00,1503,2025-01-09 20:57:00
140,28,2025-01-09 20:58:00,1503,2025-01-09 20:58:00
139,29,2025-01-09 21:00:00,1503,2025-01-09 21:00:00
138,30,2025-01-09 21:02:00,1503,2025-01-09 21:02:00
137,31,2025-01-09 21:05:00,1503,2025-01-09 21:05:00
168,0,2025-01-09 20:04:00,1504,2025-01-09 20:04:00
167,1,2025-01-09 20:07:00,1504,2025-01-09 20:07:00
166,2,2025-01-09 20:09:00,1504,2025-01-09 20:09:00
165,3,2025-01-09 20:11:00,1504,2025-01-09 20:11:00
164,4,2025-01-09 20:14:00,1504,2025-01-09 20:14:00
163,5,2025-01-09 20:16:00,1504,2025-01-09 20:16:00
162,6,2025-01-09 20:18:00,1504,2025-01-09 20:18:00
161,7,2025-01-09 20:20:00,1504,2025-01-09 20:20:00
160,8,2025-01-09 20:22:00,1504,2025-01-09 20:22:00
159,9,2025-01-09 20:24:00,1504,2025-01-09 20:24:00
158,10,2025-01-09 20:26:00,1504,2025-01-09 20:26:00
157,11,2025-01-09 20:28:00,1504,2025-01-09 20:28:00
156,12,2025-01-09 20:30:00,1504,2025-01-09 20:30:00
155,13,2025-01-09 20:32:00,1504,2025-01-09 20:32:00
154,14,2025-01-09 20:34:00,1504,2025-01-09 20:34:00
153,15,2025-01-09 20:36:00,1504,2025-01-09 20:36:00
152,16,2025-01-09 20:39:00,1504,2025-01-09 20:39:00
151,17,2025-01-09 20:41:00,1504,2025-01-09 20:41:00
150,18,2025-01-09 20:42:00,1504,2025-01-09 20:42:00
149,19,2025-01-09 20:44:00,1504,2025-01-09 20:44:00
148,20,2025-01-09 20:46:00,1504,2025-01-09 20:46:00
147,21,2025-01-09 20:48:00,1504,2025-01-09 20:48:00
146,22,2025-01-09 20:50:00,1504,2025-01-09 20:50:00
145,23,2025-01-09 20:52:00,1504,2025-01-09 20:52:00
144,24,2025-01-09 20:54:00,1504,2025-01-09 20:54:00
143,25,2025-01-09 20:56:00,1504,2025-01-09 20:56:00
142,26,2025-01-09 20:59:00,1504,2025-01-09 20:59:00
141,27,2025-01-09 21:03:00,1504,2025-01-09 21:03:00
140,28,2025-01-09 21:04:00,1504,2025-01-09 21:04:00
139,29,2025-01-09 21:06:00,1504,2025-01-09 21:06:00
138,30,2025-01-09 21:08:00,1504,2025-01-09 21:08:00
137,31,2025-01-09 21:11:00,1504,2025-01-09 21:11:00
168,0,2025-01-09 20:10:00,1505,2025-01-09 20:10:00
167,1,2025-01-09 20:13:00,1505,2025-01-09 20:13:00
166,2,2025-01-09 20:15:00,1505,2025-01-09 20:15:00
165,3,2025-01-09 20:17:00,1505,2025-01-09 20:17:00
164,4,2025-01-09 20:20:00,1505,2025-01-09 20:20:00
163,5,2025-01-09 20:22:00,1505,2025-01-09 20:22:00
162,6,2025-01-09 20:24:00,1505,2025-01-09 20:24:00
161,7,2025-01-09 20:26:00,1505,2025-01-09 20:26:00
160,8,2025-01-09 20:28:00,1505,2025-01-09 20:28:00
159,9,2025-01-09 20:30:00,1505,2025-01-09 20:30:00
158,10,2025-01-09 20:32:00,1505,2025-01-09 20:32:00
157,11,2025-01-09 20:34:00,1505,2025-01-09 20:34:00
156,12,2025-01-09 20:36:00,1505,2025-01-09 20:36:00
155,13,2025-01-09 20:38:00,1505,2025-01-09 20:38:00
154,14,2025-01-09 20:40:00,1505,2025-01-09 20:40:00
153,15,2025-01-09 20:42:00,1505,2025-01-09 20:42:00
152,16,2025-01-09 20:45:00,1505,2025-01-09 20:45:00
151,17,2025-01-09 20:47:00,1505,2025-01-09 20:47:00
150,18,2025-01-09 20:48:00,1505,2025-01-09 20:48:00
149,19,2025-01-09 20:50:00,1505,2025-01-09 20:50:00
148,20,2025-01-09 20:52:00,1505,2025-01-09 20:52:00
147,21,2025-01-09 20:54:00,1505,2025-01-09 20:54:00
146,22,2025-01-09 20:56:00,1505,2025-01-09 20:56:00
145,23,2025-01-09 20:58:00,1505,2025-01-09 20:58:00
144,24,2025-01-09 21:00:00,1505,2025-01-09 21:00:00
143,25,2025-01-09 21:02:00,1505,2025-01-09 21:02:00
142,26,2025-01-09 21:05:00,1505,2025-01-09 21:05:00
141,27,2025-01-09 21:09:00,1505,2025-01-09 21:09:00
140,28,2025-01-09 21:10:00,1505,2025-01-09 21:10:00
139,29,2025-01-09 21:12:00,1505,2025-01-09 21:12:00
138,30,2025-01-09 21:14:00,1505,2025-01-09 21:14:00
137,31,2025-01-09 21:17:00,1505,2025-01-09 21:17:00
168,0,2025-01-09 20:16:00,1506,2025-01-09 20:16:00
167,1,2025-01-09 20:19:00,1506,2025-01-09 20:19:00
166,2,2025-01-09 20:21:00,1506,2025-01-09 20:21:00
165,3,2025-01-09 20:23:00,1506,2025-01-09 20:23:00
164,4,2025-01-09 20:26:00,1506,2025-01-09 20:26:00
163,5,2025-01-09 20:28:00,1506,2025-01-09 20:28:00
162,6,2025-01-09 20:30:00,1506,2025-01-09 20:30:00
161,7,2025-01-09 20:32:00,1506,2025-01-09 20:32:00
160,8,2025-01-09 20:34:00,1506,2025-01-09 20:34:00
159,9,2025-01-09 20:36:00,1506,2025-01-09 20:36:00
158,10,2025-01-09 20:38:00,1506,2025-01-09 20:38:00
157,11,2025-01-09 20:40:00,1506,2025-01-09 20:40:00
156,12,2025-01-09 20:42:00,1506,2025-01-09 20:42:00
155,13,2025-01-09 20:44:00,1506,2025-01-09 20:44:00
154,14,2025-01-09 20:46:00,1506,2025-01-09 20:46:00
153,15,2025-01-09 20:48:00,1506,2025-01-09 20:48:00
152,16,2025-01-09 20:51:00,1506,2025-01-09 20:51:00
151,17,2025-01-09 20:53:00,1506,2025-01-09 20:53:00
150,18,2025-01-09 20:54:00,1506,2025-01-09 20:54:00
149,19,2025-01-09 20:56:00,1506,2025-01-09 20:56:00
148,20,2025-01-09 20:58:00,1506,2025-01-09 20:58:00
147,21,2025-01-09 21:00:00,1506,2025-01-09 21:00:00
146,22,2025-01-09 21:02:00,1506,2025-01-09 21:02:00
145,23,2025-01-09 21:04:00,1506,2025-01-09 21:04:00
144,24,2025-01-09 21:06:00,1506,2025-01-09 21:06:00
143,25,2025-01-09 21:08:00,1506,2025-01-09 21:08:00
142,26,2025-01-09 21:11:00,1506,2025-01-09 21:11:00
141,27,2025-01-09 21:15:00,1506,2025-01-09 21:15:00
140,28,2025-01-09 21:16:00,1506,2025-01-09 21:16:00
139,29,2025-01-09 21:18:00,1506,2025-01-09 21:18:00
138,30,2025-01-09 21:20:00,1506,2025-01-09 21:20:00
137,31,2025-01-09 21:23:00,1506,2025-01-09 21:23:00
168,0,2025-01-09 20:22:00,1507,2025-01-09 20:22:00
167,1,2025-01-09 20:25:00,1507,2025-01-09 20:25:00
166,2,2025-01-09 20:27:00,1507,2025-01-09 20:27:00
165,3,2025-01-09 20:29:00,1507,2025-01-09 20:29:00
164,4,2025-01-09 20:32:00,1507,2025-01-09 20:32:00
163,5,2025-01-09 20:34:00,1507,2025-01-09 20:34:00
162,6,2025-01-09 20:36:00,1507,2025-01-09 20:36:00
161,7,2025-01-09 20:38:00,1507,2025-01-09 20:38:00
160,8,2025-01-09 20:40:00,1507,2025-01-09 20:40:00
159,9,2025-01-09 20:42:00,1507,2025-01-09 20:42:00
158,10,2025-01-09 20:44:00,1507,2025-01-09 20:44:00
157,11,2025-01-09 20:46:00,1507,2025-01-09 20:46:00
156,12,2025-01-09 20:48:00,1507,2025-01-09 20:48:00
155,13,2025-01-09 20:50:00,1507,2025-01-09 20:50:00
154,14,2025-01-09 20:52:00,1507,2025-01-09 20:52:00
153,15,2025-01-09 20:54:00,1507,2025-01-09 20:54:00
152,16,2025-01-09 20:57:00,1507,2025-01-09 20:57:00
151,17,2025-01-09 20:59:00,1507,2025-01-09 20:59:00
150,18,2025-01-09 21:00:00,1507,2025-01-09 21:00:00
149,19,2025-01-09 21:02:00,1507,2025-01-09 21:02:00
148,20,2025-01-09 21:04:00,1507,2025-01-09 21:04:00
147,21,2025-01-09 21:06:00,1507,2025-01-09 21:06:00
146,22,2025-01-09 21:08:00,1507,2025-01-09 21:08:00
145,23,2025-01-09 21:10:00,1507,2025-01-09 21:10:00
144,24,2025-01-09 21:12:00,1507,2025-01-09 21:12:00
143,25,2025-01-09 21:14:00,1507,2025-01-09 21:14:00
142,26,2025-01-09 21:17:00,1507,2025-01-09 21:17:00
141,27,2025-01-09 21:21:00,1507,2025-01-09 21:21:00
140,28,2025-01-09 21:22:00,1507,2025-01-09 21:22:00
139,29,2025-01-09 21:24:00,1507,2025-01-09 21:24:00
138,30,2025-01-09 21:26:00,1507,2025-01-09 21:26:00
137,31,2025-01-09 21:29:00,1507,2025-01-09 21:29:00
168,0,2025-01-09 20:28:00,1508,2025-01-09 20:28:00
167,1,2025-01-09 20:31:00,1508,2025-01-09 20:31:00
166,2,2025-01-09 20:33:00,1508,2025-01-09 20:33:00
165,3,2025-01-09 20:35:00,1508,2025-01-09 20:35:00
164,4,2025-01-09 20:38:00,1508,2025-01-09 20:38:00
163,5,2025-01-09 20:40:00,1508,2025-01-09 20:40:00
162,6,2025-01-09 20:42:00,1508,2025-01-09 20:42:00
161,7,2025-01-09 20:44:00,1508,2025-01-09 20:44:00
160,8,2025-01-09 20:46:00,1508,2025-01-09 20:46:00
159,9,2025-01-09 20:48:00,1508,2025-01-09 20:48:00
158,10,2025-01-09 20:50:00,1508,2025-01-09 20:50:00
157,11,2025-01-09 20:52:00,1508,2025-01-09 20:52:00
156,12,2025-01-09 20:54:00,1508,2025-01-09 20:54:00
155,13,2025-01-09 20:56:00,1508,2025-01-09 20:56:00
154,14,2025-01-09 20:58:00,1508,2025-01-09 20:58:00
153,15,2025-01-09 21:00:00,1508,2025-01-09 21:00:00
152,16,2025-01-09 21:03:00,1508,2025-01-09 21:03:00
151,17,2025-01-09 21:05:00,1508,2025-01-09 21:05:00
150,18,2025-01-09 21:06:00,1508,2025-01-09 21:06:00
149,19,2025-01-09 21:08:00,1508,2025-01-09 21:08:00
148,20,2025-01-09 21:10:00,1508,2025-01-09 21:10:00
147,21,2025-01-09 21:12:00,1508,2025-01-09 21:12:00
146,22,2025-01-09 21:14:00,1508,2025-01-09 21:14:00
145,23,2025-01-09 21:16:00,1508,2025-01-09 21:16:00
144,24,2025-01-09 21:18:00,1508,2025-01-09 21:18:00
143,25,2025-01-09 21:20:00,1508,2025-01-09 21:20:00
142,26,2025-01-09 21:23:00,1508,2025-01-09 21:23:00
141,27,2025-01-09 21:27:00,1508,2025-01-09 21:27:00
140,28,2025-01-09 21:28:00,1508,2025-01-09 21:28:00
139,29,2025-01-09 21:30:00,1508,2025-01-09 21:30:00
138,30,2025-01-09 21:32:00,1508,2025-01-09 21:32:00
137,31,2025-01-09 21:35:00,1508,2025-01-09 21:35:00
168,0,2025-01-09 20:34:00,1509,2025-01-09 20:34:00
167,1,2025-01-09 20:37:00,1509,2025-01-09 20:37:00
166,2,2025-01-09 20:39:00,1509,2025-01-09 20:39:00
165,3,2025-01-09 20:41:00,1509,2025-01-09 20:41:00
164,4,2025-01-09 20:44:00,1509,2025-01-09 20:44:00
163,5,2025-01-09 20:46:00,1509,2025-01-09 20:46:00
162,6,2025-01-09 20:48:00,1509,2025-01-09 20:48:00
161,7,2025-01-09 20:50:00,1509,2025-01-09 20:50:00
160,8,2025-01-09 20:52:00,1509,2025-01-09 20:52:00
159,9,2025-01-09 20:54:00,1509,2025-01-09 20:54:00
158,10,2025-01-09 20:56:00,1509,2025-01-09 20:56:00
157,11,2025-01-09 20:58:00,1509,2025-01-09 20:58:00
156,12,2025-01-09 21:00:00,1509,2025-01-09 21:00:00
155,13,2025-01-09 21:02:00,1509,2025-01-09 21:02:00
154,14,2025-01-09 21:04:00,1509,2025-01-09 21:04:00
153,15,2025-01-09 21:06:00,1509,2025-01-09 21:06:00
152,16,2025-01-09 21:09:00,1509,2025-01-09 21:09:00
151,17,2025-01-09 21:11:00,1509,2025-01-09 21:11:00
150,18,2025-01-09 21:12:00,1509,2025-01-09 21:12:00
149,19,2025-01-09 21:14:00,1509,2025-01-09 21:14:00
148,20,2025-01-09 21:16:00,1509,2025-01-09 21:16:00
147,21,2025-01-09 21:18:00,1509,2025-01-09 21:18:00
146,22,2025-01-09 21:20:00,1509,2025-01-09 21:20:00
145,23,2025-01-09 21:22:00,1509,2025-01-09 21:22:00
144,24,2025-01-09 21:24:00,1509,2025-01-09 21:24:00
143,25,2025-01-09 21:26:00,1509,2025-01-09 21:26:00
142,26,2025-01-09 21:29:00,1509,2025-01-09 21:29:00
141,27,2025-01-09 21:33:00,1509,2025-01-09 21:33:00
140,28,2025-01-09 21:34:00,1509,2025-01-09 21:34:00
139,29,2025-01-09 21:36:00,1509,2025-01-09 21:36:00
138,30,2025-01-09 21:38:00,1509,2025-01-09 21:38:00
137,31,2025-01-09 21:41:00,1509,2025-01-09 21:41:00
168,0,2025-01-09 20:40:00,1510,2025-01-09 20:40:00
167,1,2025-01-09 20:43:00,1510,2025-01-09 20:43:00
166,2,2025-01-09 20:45:00,1510,2025-01-09 20:45:00
165,3,2025-01-09 20:47:00,1510,2025-01-09 20:47:00
164,4,2025-01-09 20:50:00,1510,2025-01-09 20:50:00
163,5,2025-01-09 20:52:00,1510,2025-01-09 20:52:00
162,6,2025-01-09 20:54:00,1510,2025-01-09 20:54:00
161,7,2025-01-09 20:56:00,1510,2025-01-09 20:56:00
160,8,2025-01-09 20:58:00,1510,2025-01-09 20:58:00
159,9,2025-01-09 21:00:00,1510,2025-01-09 21:00:00
158,10,2025-01-09 21:02:00,1510,2025-01-09 21:02:00
157,11,2025-01-09 21:04:00,1510,2025-01-09 21:04:00
156,12,2025-01-09 21:06:00,1510,2025-01-09 21:06:00
155,13,2025-01-09 21:08:00,1510,2025-01-09 21:08:00
154,14,2025-01-09 21:10:00,1510,2025-01-09 21:10:00
153,15,2025-01-09 21:12:00,1510,2025-01-09 21:12:00
152,16,2025-01-09 21:15:00,1510,2025-01-09 21:15:00
151,17,2025-01-09 21:17:00,1510,2025-01-09 21:17:00
150,18,2025-01-09 21:18:00,1510,2025-01-09 21:18:00
149,19,2025-01-09 21:20:00,1510,2025-01-09 21:20:00
148,20,2025-01-09 21:22:00,1510,2025-01-09 21:22:00
147,21,2025-01-09 21:24:00,1510,2025-01-09 21:24:00
146,22,2025-01-09 21:26:00,1510,2025-01-09 21:26:00
145,23,2025-01-09 21:28:00,1510,2025-01-09 21:28:00
144,24,2025-01-09 21:30:00,1510,2025-01-09 21:30:00
143,25,2025-01-09 21:32:00,1510,2025-01-09 21:32:00
142,26,2025-01-09 21:35:00,1510,2025-01-09 21:35:00
141,27,2025-01-09 21:39:00,1510,2025-01-09 21:39:00
140,28,2025-01-09 21:40:00,1510,2025-01-09 21:40:00
139,29,2025-01-09 21:42:00,1510,2025-01-09 21:42:00
138,30,2025-01-09 21:44:00,1510,2025-01-09 21:44:00
137,31,2025-01-09 21:47:00,1510,2025-01-09 21:47:00
168,0,2025-01-09 20:48:00,1511,2025-01-09 20:48:00
167,1,2025-01-09 20:51:00,1511,2025-01-09 20:51:00
166,2,2025-01-09 20:53:00,1511,2025-01-09 20:53:00
165,3,2025-01-09 20:55:00,1511,2025-01-09 20:55:00
164,4,2025-01-09 20:58:00,1511,2025-01-09 20:58:00
163,5,2025-01-09 21:00:00,1511,2025-01-09 21:00:00
162,6,2025-01-09 21:02:00,1511,2025-01-09 21:02:00
161,7,2025-01-09 21:04:00,1511,2025-01-09 21:04:00
160,8,2025-01-09 21:06:00,1511,2025-01-09 21:06:00
159,9,2025-01-09 21:08:00,1511,2025-01-09 21:08:00
158,10,2025-01-09 21:10:00,1511,2025-01-09 21:10:00
157,11,2025-01-09 21:12:00,1511,2025-01-09 21:12:00
156,12,2025-01-09 21:14:00,1511,2025-01-09 21:14:00
155,13,2025-01-09 21:16:00,1511,2025-01-09 21:16:00
154,14,2025-01-09 21:18:00,1511,2025-01-09 21:18:00
153,15,2025-01-09 21:20:00,1511,2025-01-09 21:20:00
152,16,2025-01-09 21:23:00,1511,2025-01-09 21:23:00
151,17,2025-01-09 21:25:00,1511,2025-01-09 21:25:00
150,18,2025-01-09 21:26:00,1511,2025-01-09 21:26:00
149,19,2025-01-09 21:28:00,1511,2025-01-09 21:28:00
148,20,2025-01-09 21:30:00,1511,2025-01-09 21:30:00
147,21,2025-01-09 21:32:00,1511,2025-01-09 21:32:00
146,22,2025-01-09 21:34:00,1511,2025-01-09 21:34:00
145,23,2025-01-09 21:36:00,1511,2025-01-09 21:36:00
144,24,2025-01-09 21:38:00,1511,2025-01-09 21:38:00
143,25,2025-01-09 21:40:00,1511,2025-01-09 21:40:00
142,26,2025-01-09 21:43:00,1511,2025-01-09 21:43:00
141,27,2025-01-09 21:47:00,1511,2025-01-09 21:47:00
140,28,2025-01-09 21:48:00,1511,2025-01-09 21:48:00
139,29,2025-01-09 21:50:00,1511,2025-01-09 21:50:00
138,30,2025-01-09 21:52:00,1511,2025-01-09 21:52:00
137,31,2025-01-09 21:55:00,1511,2025-01-09 21:55:00
168,0,2025-01-09 20:56:00,1512,2025-01-09 20:56:00
167,1,2025-01-09 20:59:00,1512,2025-01-09 20:59:00
166,2,2025-01-09 21:01:00,1512,2025-01-09 21:01:00
165,3,2025-01-09 21:03:00,1512,2025-01-09 21:03:00
164,4,2025-01-09 21:06:00,1512,2025-01-09 21:06:00
163,5,2025-01-09 21:08:00,1512,2025-01-09 21:08:00
162,6,2025-01-09 21:10:00,1512,2025-01-09 21:10:00
161,7,2025-01-09 21:12:00,1512,2025-01-09 21:12:00
160,8,2025-01-09 21:14:00,1512,2025-01-09 21:14:00
159,9,2025-01-09 21:16:00,1512,2025-01-09 21:16:00
158,10,2025-01-09 21:18:00,1512,2025-01-09 21:18:00
157,11,2025-01-09 21:20:00,1512,2025-01-09 21:20:00
156,12,2025-01-09 21:22:00,1512,2025-01-09 21:22:00
155,13,2025-01-09 21:24:00,1512,2025-01-09 21:24:00
154,14,2025-01-09 21:26:00,1512,2025-01-09 21:26:00
153,15,2025-01-09 21:28:00,1512,2025-01-09 21:28:00
152,16,2025-01-09 21:31:00,1512,2025-01-09 21:31:00
151,17,2025-01-09 21:33:00,1512,2025-01-09 21:33:00
150,18,2025-01-09 21:34:00,1512,2025-01-09 21:34:00
149,19,2025-01-09 21:36:00,1512,2025-01-09 21:36:00
148,20,2025-01-09 21:38:00,1512,2025-01-09 21:38:00
147,21,2025-01-09 21:40:00,1512,2025-01-09 21:40:00
146,22,2025-01-09 21:42:00,1512,2025-01-09 21:42:00
145,23,2025-01-09 21:44:00,1512,2025-01-09 21:44:00
144,24,2025-01-09 21:46:00,1512,2025-01-09 21:46:00
143,25,2025-01-09 21:48:00,1512,2025-01-09 21:48:00
142,26,2025-01-09 21:51:00,1512,2025-01-09 21:51:00
141,27,2025-01-09 21:55:00,1512,2025-01-09 21:55:00
140,28,2025-01-09 21:56:00,1512,2025-01-09 21:56:00
139,29,2025-01-09 21:58:00,1512,2025-01-09 21:58:00
138,30,2025-01-09 22:00:00,1512,2025-01-09 22:00:00
137,31,2025-01-09 22:03:00,1512,2025-01-09 22:03:00
168,0,2025-01-09 21:04:00,1513,2025-01-09 21:04:00
167,1,2025-01-09 21:07:00,1513,2025-01-09 21:07:00
166,2,2025-01-09 21:09:00,1513,2025-01-09 21:09:00
165,3,2025-01-09 21:11:00,1513,2025-01-09 21:11:00
164,4,2025-01-09 21:14:00,1513,2025-01-09 21:14:00
163,5,2025-01-09 21:16:00,1513,2025-01-09 21:16:00
162,6,2025-01-09 21:18:00,1513,2025-01-09 21:18:00
161,7,2025-01-09 21:20:00,1513,2025-01-09 21:20:00
160,8,2025-01-09 21:22:00,1513,2025-01-09 21:22:00
159,9,2025-01-09 21:24:00,1513,2025-01-09 21:24:00
158,10,2025-01-09 21:26:00,1513,2025-01-09 21:26:00
157,11,2025-01-09 21:28:00,1513,2025-01-09 21:28:00
156,12,2025-01-09 21:30:00,1513,2025-01-09 21:30:00
155,13,2025-01-09 21:32:00,1513,2025-01-09 21:32:00
154,14,2025-01-09 21:34:00,1513,2025-01-09 21:34:00
153,15,2025-01-09 21:36:00,1513,2025-01-09 21:36:00
152,16,2025-01-09 21:39:00,1513,2025-01-09 21:39:00
151,17,2025-01-09 21:41:00,1513,2025-01-09 21:41:00
150,18,2025-01-09 21:42:00,1513,2025-01-09 21:42:00
149,19,2025-01-09 21:44:00,1513,2025-01-09 21:44:00
148,20,2025-01-09 21:46:00,1513,2025-01-09 21:46:00
147,21,2025-01-09 21:48:00,1513,2025-01-09 21:48:00
146,22,2025-01-09 21:50:00,1513,2025-01-09 21:50:00
145,23,2025-01-09 21:52:00,1513,2025-01-09 21:52:00
144,24,2025-01-09 21:54:00,1513,2025-01-09 21:54:00
143,25,2025-01-09 21:56:00,1513,2025-01-09 21:56:00
142,26,2025-01-09 21:59:00,1513,2025-01-09 21:59:00
141,27,2025-01-09 22:03:00,1513,2025-01-09 22:03:00
140,28,2025-01-09 22:04:00,1513,2025-01-09 22:04:00
139,29,2025-01-09 22:06:00,1513,2025-01-09 22:06:00
138,30,2025-01-09 22:08:00,1513,2025-01-09 22:08:00
137,31,2025-01-09 22:11:00,1513,2025-01-09 22:11:00
168,0,2025-01-09 21:12:00,1514,2025-01-09 21:12:00
167,1,2025-01-09 21:15:00,1514,2025-01-09 21:15:00
166,2,2025-01-09 21:17:00,1514,2025-01-09 21:17:00
165,3,2025-01-09 21:19:00,1514,2025-01-09 21:19:00
164,4,2025-01-09 21:22:00,1514,2025-01-09 21:22:00
163,5,2025-01-09 21:24:00,1514,2025-01-09 21:24:00
162,6,2025-01-09 21:26:00,1514,2025-01-09 21:26:00
161,7,2025-01-09 21:28:00,1514,2025-01-09 21:28:00
160,8,2025-01-09 21:30:00,1514,2025-01-09 21:30:00
159,9,2025-01-09 21:32:00,1514,2025-01-09 21:32:00
158,10,2025-01-09 21:34:00,1514,2025-01-09 21:34:00
157,11,2025-01-09 21:36:00,1514,2025-01-09 21:36:00
156,12,2025-01-09 21:38:00,1514,2025-01-09 21:38:00
155,13,2025-01-09 21:40:00,1514,2025-01-09 21:40:00
154,14,2025-01-09 21:42:00,1514,2025-01-09 21:42:00
153,15,2025-01-09 21:44:00,1514,2025-01-09 21:44:00
152,16,2025-01-09 21:47:00,1514,2025-01-09 21:47:00
151,17,2025-01-09 21:49:00,1514,2025-01-09 21:49:00
150,18,2025-01-09 21:50:00,1514,2025-01-09 21:50:00
149,19,2025-01-09 21:52:00,1514,2025-01-09 21:52:00
148,20,2025-01-09 21:54:00,1514,2025-01-09 21:54:00
147,21,2025-01-09 21:56:00,1514,2025-01-09 21:56:00
146,22,2025-01-09 21:58:00,1514,2025-01-09 21:58:00
145,23,2025-01-09 22:00:00,1514,2025-01-09 22:00:00
144,24,2025-01-09 22:02:00,1514,2025-01-09 22:02:00
143,25,2025-01-09 22:04:00,1514,2025-01-09 22:04:00
142,26,2025-01-09 22:07:00,1514,2025-01-09 22:07:00
141,27,2025-01-09 22:11:00,1514,2025-01-09 22:11:00
140,28,2025-01-09 22:12:00,1514,2025-01-09 22:12:00
139,29,2025-01-09 22:14:00,1514,2025-01-09 22:14:00
138,30,2025-01-09 22:16:00,1514,2025-01-09 22:16:00
137,31,2025-01-09 22:19:00,1514,2025-01-09 22:19:00
168,0,2025-01-09 21:20:00,1515,2025-01-09 21:20:00
167,1,2025-01-09 21:23:00,1515,2025-01-09 21:23:00
166,2,2025-01-09 21:25:00,1515,2025-01-09 21:25:00
165,3,2025-01-09 21:27:00,1515,2025-01-09 21:27:00
164,4,2025-01-09 21:30:00,1515,2025-01-09 21:30:00
163,5,2025-01-09 21:32:00,1515,2025-01-09 21:32:00
162,6,2025-01-09 21:34:00,1515,2025-01-09 21:34:00
161,7,2025-01-09 21:36:00,1515,2025-01-09 21:36:00
160,8,2025-01-09 21:38:00,1515,2025-01-09 21:38:00
159,9,2025-01-09 21:40:00,1515,2025-01-09 21:40:00
158,10,2025-01-09 21:42:00,1515,2025-01-09 21:42:00
157,11,2025-01-09 21:44:00,1515,2025-01-09 21:44:00
156,12,2025-01-09 21:46:00,1515,2025-01-09 21:46:00
155,13,2025-01-09 21:48:00,1515,2025-01-09 21:48:00
154,14,2025-01-09 21:50:00,1515,2025-01-09 21:50:00
153,15,2025-01-09 21:52:00,1515,2025-01-09 21:52:00
152,16,2025-01-09 21:55:00,1515,2025-01-09 21:55:00
151,17,2025-01-09 21:57:00,1515,2025-01-09 21:57:00
150,18,2025-01-09 21:58:00,1515,2025-01-09 21:58:00
149,19,2025-01-09 22:00:00,1515,2025-01-09 22:00:00
148,20,2025-01-09 22:02:00,1515,2025-01-09 22:02:00
147,21,2025-01-09 22:04:00,1515,2025-01-09 22:04:00
146,22,2025-01-09 22:06:00,1515,2025-01-09 22:06:00
145,23,2025-01-09 22:08:00,1515,2025-01-09 22:08:00
144,24,2025-01-09 22:10:00,1515,2025-01-09 22:10:00
143,25,2025-01-09 22:12:00,1515,2025-01-09 22:12:00
142,26,2025-01-09 22:15:00,1515,2025-01-09 22:15:00
141,27,2025-01-09 22:19:00,1515,2025-01-09 22:19:00
140,28,2025-01-09 22:20:00,1515,2025-01-09 22:20:00
139,29,2025-01-09 22:22:00,1515,2025-01-09 22:22:00
138,30,2025-01-09 22:24:00,1515,2025-01-09 22:24:00
137,31,2025-01-09 22:27:00,1515,2025-01-09 22:27:00
168,0,2025-01-09 21:28:00,1516,2025-01-09 21:28:00
167,1,2025-01-09 21:31:00,1516,2025-01-09 21:31:00
166,2,2025-01-09 21:33:00,1516,2025-01-09 21:33:00
165,3,2025-01-09 21:35:00,1516,2025-01-09 21:35:00
164,4,2025-01-09 21:38:00,1516,2025-01-09 21:38:00
163,5,2025-01-09 21:40:00,1516,2025-01-09 21:40:00
162,6,2025-01-09 21:42:00,1516,2025-01-09 21:42:00
161,7,2025-01-09 21:44:00,1516,2025-01-09 21:44:00
160,8,2025-01-09 21:46:00,1516,2025-01-09 21:46:00
159,9,2025-01-09 21:48:00,1516,2025-01-09 21:48:00
158,10,2025-01-09 21:50:00,1516,2025-01-09 21:50:00
157,11,2025-01-09 21:52:00,1516,2025-01-09 21:52:00
156,12,2025-01-09 21:54:00,1516,2025-01-09 21:54:00
155,13,2025-01-09 21:56:00,1516,2025-01-09 21:56:00
154,14,2025-01-09 21:58:00,1516,2025-01-09 21:58:00
153,15,2025-01-09 22:00:00,1516,2025-01-09 22:00:00
152,16,2025-01-09 22:03:00,1516,2025-01-09 22:03:00
151,17,2025-01-09 22:05:00,1516,2025-01-09 22:05:00
150,18,2025-01-09 22:06:00,1516,2025-01-09 22:06:00
149,19,2025-01-09 22:08:00,1516,2025-01-09 22:08:00
148,20,2025-01-09 22:10:00,1516,2025-01-09 22:10:00
147,21,2025-01-09 22:12:00,1516,2025-01-09 22:12:00
146,22,2025-01-09 22:14:00,1516,2025-01-09 22:14:00
145,23,2025-01-09 22:16:00,1516,2025-01-09 22:16:00
144,24,2025-01-09 22:18:00,1516,2025-01-09 22:18:00
143,25,2025-01-09 22:20:00,1516,2025-01-09 22:20:00
142,26,2025-01-09 22:23:00,1516,2025-01-09 22:23:00
141,27,2025-01-09 22:27:00,1516,2025-01-09 22:27:00
140,28,2025-01-09 22:28:00,1516,2025-01-09 22:28:00
139,29,2025-01-09 22:30:00,1516,2025-01-09 22:30:00
138,30,2025-01-09 22:32:00,1516,2025-01-09 22:32:00
137,31,2025-01-09 22:35:00,1516,2025-01-09 22:35:00
168,0,2025-01-09 21:35:00,1517,2025-01-09 21:35:00
167,1,2025-01-09 21:38:00,1517,2025-01-09 21:38:00
166,2,2025-01-09 21:40:00,1517,2025-01-09 21:40:00
165,3,2025-01-09 21:42:00,1517,2025-01-09 21:42:00
164,4,2025-01-09 21:45:00,1517,2025-01-09 21:45:00
163,5,2025-01-09 21:47:00,1517,2025-01-09 21:47:00
162,6,2025-01-09 21:49:00,1517,2025-01-09 21:49:00
161,7,2025-01-09 21:51:00,1517,2025-01-09 21:51:00
160,8,2025-01-09 21:53:00,1517,2025-01-09 21:53:00
159,9,2025-01-09 21:55:00,1517,2025-01-09 21:55:00
158,10,2025-01-09 21:57:00,1517,2025-01-09 21:57:00
157,11,2025-01-09 21:59:00,1517,2025-01-09 21:59:00
156,12,2025-01-09 22:01:00,1517,2025-01-09 22:01:00
155,13,2025-01-09 22:03:00,1517,2025-01-09 22:03:00
154,14,2025-01-09 22:05:00,1517,2025-01-09 22:05:00
153,15,2025-01-09 22:07:00,1517,2025-01-09 22:07:00
152,16,2025-01-09 22:10:00,1517,2025-01-09 22:10:00
151,17,2025-01-09 22:12:00,1517,2025-01-09 22:12:00
150,18,2025-01-09 22:13:00,1517,2025-01-09 22:13:00
149,19,2025-01-09 22:15:00,1517,2025-01-09 22:15:00
148,20,2025-01-09 22:17:00,1517,2025-01-09 22:17:00
147,21,2025-01-09 22:19:00,1517,2025-01-09 22:19:00
146,22,2025-01-09 22:21:00,1517,2025-01-09 22:21:00
145,23,2025-01-09 22:23:00,1517,2025-01-09 22:23:00
144,24,2025-01-09 22:25:00,1517,2025-01-09 22:25:00
143,25,2025-01-09 22:27:00,1517,2025-01-09 22:27:00
142,26,2025-01-09 22:30:00,1517,2025-01-09 22:30:00
141,27,2025-01-09 22:34:00,1517,2025-01-09 22:34:00
140,28,2025-01-09 22:35:00,1517,2025-01-09 22:35:00
139,29,2025-01-09 22:37:00,1517,2025-01-09 22:37:00
138,30,2025-01-09 22:39:00,1517,2025-01-09 22:39:00
137,31,2025-01-09 22:42:00,1517,2025-01-09 22:42:00
168,0,2025-01-09 21:45:00,1518,2025-01-09 21:45:00
167,1,2025-01-09 21:48:00,1518,2025-01-09 21:48:00
166,2,2025-01-09 21:50:00,1518,2025-01-09 21:50:00
165,3,2025-01-09 21:52:00,1518,2025-01-09 21:52:00
164,4,2025-01-09 21:55:00,1518,2025-01-09 21:55:00
163,5,2025-01-09 21:57:00,1518,2025-01-09 21:57:00
162,6,2025-01-09 21:59:00,1518,2025-01-09 21:59:00
161,7,2025-01-09 22:01:00,1518,2025-01-09 22:01:00
160,8,2025-01-09 22:03:00,1518,2025-01-09 22:03:00
159,9,2025-01-09 22:05:00,1518,2025-01-09 22:05:00
158,10,2025-01-09 22:07:00,1518,2025-01-09 22:07:00
157,11,2025-01-09 22:09:00,1518,2025-01-09 22:09:00
156,12,2025-01-09 22:11:00,1518,2025-01-09 22:11:00
155,13,2025-01-09 22:13:00,1518,2025-01-09 22:13:00
154,14,2025-01-09 22:15:00,1518,2025-01-09 22:15:00
153,15,2025-01-09 22:17:00,1518,2025-01-09 22:17:00
152,16,2025-01-09 22:20:00,1518,2025-01-09 22:20:00
151,17,2025-01-09 22:22:00,1518,2025-01-09 22:22:00
150,18,2025-01-09 22:23:00,1518,2025-01-09 22:23:00
149,19,2025-01-09 22:25:00,1518,2025-01-09 22:25:00
148,20,2025-01-09 22:27:00,1518,2025-01-09 22:27:00
147,21,2025-01-09 22:29:00,1518,2025-01-09 22:29:00
146,22,2025-01-09 22:31:00,1518,2025-01-09 22:31:00
145,23,2025-01-09 22:33:00,1518,2025-01-09 22:33:00
144,24,2025-01-09 22:35:00,1518,2025-01-09 22:35:00
143,25,2025-01-09 22:37:00,1518,2025-01-09 22:37:00
142,26,2025-01-09 22:40:00,1518,2025-01-09 22:40:00
141,27,2025-01-09 22:44:00,1518,2025-01-09 22:44:00
140,28,2025-01-09 22:45:00,1518,2025-01-09 22:45:00
139,29,2025-01-09 22:47:00,1518,2025-01-09 22:47:00
138,30,2025-01-09 22:49:00,1518,2025-01-09 22:49:00
137,31,2025-01-09 22:52:00,1518,2025-01-09 22:52:00
168,0,2025-01-09 21:55:00,1519,2025-01-09 21:55:00
167,1,2025-01-09 21:58:00,1519,2025-01-09 21:58:00
166,2,2025-01-09 22:00:00,1519,2025-01-09 22:00:00
165,3,2025-01-09 22:02:00,1519,2025-01-09 22:02:00
164,4,2025-01-09 22:05:00,1519,2025-01-09 22:05:00
163,5,2025-01-09 22:07:00,1519,2025-01-09 22:07:00
162,6,2025-01-09 22:09:00,1519,2025-01-09 22:09:00
161,7,2025-01-09 22:11:00,1519,2025-01-09 22:11:00
160,8,2025-01-09 22:13:00,1519,2025-01-09 22:13:00
159,9,2025-01-09 22:15:00,1519,2025-01-09 22:15:00
158,10,2025-01-09 22:17:00,1519,2025-01-09 22:17:00
157,11,2025-01-09 22:19:00,1519,2025-01-09 22:19:00
156,12,2025-01-09 22:21:00,1519,2025-01-09 22:21:00
155,13,2025-01-09 22:23:00,1519,2025-01-09 22:23:00
154,14,2025-01-09 22:25:00,1519,2025-01-09 22:25:00
153,15,2025-01-09 22:27:00,1519,2025-01-09 22:27:00
152,16,2025-01-09 22:30:00,1519,2025-01-09 22:30:00
151,17,2025-01-09 22:32:00,1519,2025-01-09 22:32:00
150,18,2025-01-09 22:33:00,1519,2025-01-09 22:33:00
149,19,2025-01-09 22:35:00,1519,2025-01-09 22:35:00
148,20,2025-01-09 22:37:00,1519,2025-01-09 22:37:00
147,21,2025-01-09 22:39:00,1519,2025-01-09 22:39:00
146,22,2025-01-09 22:41:00,1519,2025-01-09 22:41:00
145,23,2025-01-09 22:43:00,1519,2025-01-09 22:43:00
144,24,2025-01-09 22:45:00,1519,2025-01-09 22:45:00
143,25,2025-01-09 22:47:00,1519,2025-01-09 22:47:00
142,26,2025-01-09 22:50:00,1519,2025-01-09 22:50:00
141,27,2025-01-09 22:54:00,1519,2025-01-09 22:54:00
140,28,2025-01-09 22:55:00,1519,2025-01-09 22:55:00
139,29,2025-01-09 22:57:00,1519,2025-01-09 22:57:00
138,30,2025-01-09 22:59:00,1519,2025-01-09 22:59:00
137,31,2025-01-09 23:02:00,1519,2025-01-09 23:02:00
168,0,2025-01-09 22:05:00,1520,2025-01-09 22:05:00
167,1,2025-01-09 22:08:00,1520,2025-01-09 22:08:00
166,2,2025-01-09 22:10:00,1520,2025-01-09 22:10:00
165,3,2025-01-09 22:12:00,1520,2025-01-09 22:12:00
164,4,2025-01-09 22:15:00,1520,2025-01-09 22:15:00
163,5,2025-01-09 22:17:00,1520,2025-01-09 22:17:00
162,6,2025-01-09 22:19:00,1520,2025-01-09 22:19:00
161,7,2025-01-09 22:21:00,1520,2025-01-09 22:21:00
160,8,2025-01-09 22:23:00,1520,2025-01-09 22:23:00
159,9,2025-01-09 22:25:00,1520,2025-01-09 22:25:00
158,10,2025-01-09 22:27:00,1520,2025-01-09 22:27:00
157,11,2025-01-09 22:29:00,1520,2025-01-09 22:29:00
156,12,2025-01-09 22:31:00,1520,2025-01-09 22:31:00
155,13,2025-01-09 22:33:00,1520,2025-01-09 22:33:00
154,14,2025-01-09 22:35:00,1520,2025-01-09 22:35:00
153,15,2025-01-09 22:37:00,1520,2025-01-09 22:37:00
152,16,2025-01-09 22:40:00,1520,2025-01-09 22:40:00
151,17,2025-01-09 22:42:00,1520,2025-01-09 22:42:00
150,18,2025-01-09 22:43:00,1520,2025-01-09 22:43:00
149,19,2025-01-09 22:45:00,1520,2025-01-09 22:45:00
148,20,2025-01-09 22:47:00,1520,2025-01-09 22:47:00
147,21,2025-01-09 22:49:00,1520,2025-01-09 22:49:00
146,22,2025-01-09 22:51:00,1520,2025-01-09 22:51:00
145,23,2025-01-09 22:53:00,1520,2025-01-09 22:53:00
144,24,2025-01-09 22:55:00,1520,2025-01-09 22:55:00
143,25,2025-01-09 22:57:00,1520,2025-01-09 22:57:00
142,26,2025-01-09 23:00:00,1520,2025-01-09 23:00:00
141,27,2025-01-09 23:04:00,1520,2025-01-09 23:04:00
140,28,2025-01-09 23:05:00,1520,2025-01-09 23:05:00
139,29,2025-01-09 23:07:00,1520,2025-01-09 23:07:00
138,30,2025-01-09 23:09:00,1520,2025-01-09 23:09:00
137,31,2025-01-09 23:12:00,1520,2025-01-09 23:12:00
168,0,2025-01-09 22:15:00,1521,2025-01-09 22:15:00
167,1,2025-01-09 22:18:00,1521,2025-01-09 22:18:00
166,2,2025-01-09 22:20:00,1521,2025-01-09 22:20:00
165,3,2025-01-09 22:22:00,1521,2025-01-09 22:22:00
164,4,2025-01-09 22:25:00,1521,2025-01-09 22:25:00
163,5,2025-01-09 22:27:00,1521,2025-01-09 22:27:00
162,6,2025-01-09 22:29:00,1521,2025-01-09 22:29:00
161,7,2025-01-09 22:31:00,1521,2025-01-09 22:31:00
160,8,2025-01-09 22:33:00,1521,2025-01-09 22:33:00
159,9,2025-01-09 22:35:00,1521,2025-01-09 22:35:00
158,10,2025-01-09 22:37:00,1521,2025-01-09 22:37:00
157,11,2025-01-09 22:39:00,1521,2025-01-09 22:39:00
156,12,2025-01-09 22:41:00,1521,2025-01-09 22:41:00
155,13,2025-01-09 22:43:00,1521,2025-01-09 22:43:00
154,14,2025-01-09 22:45:00,1521,2025-01-09 22:45:00
153,15,2025-01-09 22:47:00,1521,2025-01-09 22:47:00
152,16,2025-01-09 22:50:00,1521,2025-01-09 22:50:00
151,17,2025-01-09 22:52:00,1521,2025-01-09 22:52:00
150,18,2025-01-09 22:53:00,1521,2025-01-09 22:53:00
149,19,2025-01-09 22:55:00,1521,2025-01-09 22:55:00
148,20,2025-01-09 22:57:00,1521,2025-01-09 22:57:00
147,21,2025-01-09 22:59:00,1521,2025-01-09 22:59:00
146,22,2025-01-09 23:01:00,1521,2025-01-09 23:01:00
145,23,2025-01-09 23:03:00,1521,2025-01-09 23:03:00
144,24,2025-01-09 23:05:00,1521,2025-01-09 23:05:00
143,25,2025-01-09 23:07:00,1521,2025-01-09 23:07:00
142,26,2025-01-09 23:10:00,1521,2025-01-09 23:10:00
141,27,2025-01-09 23:14:00,1521,2025-01-09 23:14:00
140,28,2025-01-09 23:15:00,1521,2025-01-09 23:15:00
139,29,2025-01-09 23:17:00,1521,2025-01-09 23:17:00
138,30,2025-01-09 23:19:00,1521,2025-01-09 23:19:00
137,31,2025-01-09 23:22:00,1521,2025-01-09 23:22:00
168,0,2025-01-09 22:30:00,1522,2025-01-09 22:30:00
167,1,2025-01-09 22:33:00,1522,2025-01-09 22:33:00
166,2,2025-01-09 22:35:00,1522,2025-01-09 22:35:00
165,3,2025-01-09 22:37:00,1522,2025-01-09 22:37:00
164,4,2025-01-09 22:40:00,1522,2025-01-09 22:40:00
163,5,2025-01-09 22:42:00,1522,2025-01-09 22:42:00
162,6,2025-01-09 22:44:00,1522,2025-01-09 22:44:00
161,7,2025-01-09 22:46:00,1522,2025-01-09 22:46:00
160,8,2025-01-09 22:48:00,1522,2025-01-09 22:48:00
159,9,2025-01-09 22:50:00,1522,2025-01-09 22:50:00
158,10,2025-01-09 22:52:00,1522,2025-01-09 22:52:00
157,11,2025-01-09 22:54:00,1522,2025-01-09 22:54:00
156,12,2025-01-09 22:56:00,1522,2025-01-09 22:56:00
155,13,2025-01-09 22:58:00,1522,2025-01-09 22:58:00
154,14,2025-01-09 23:00:00,1522,2025-01-09 23:00:00
153,15,2025-01-09 23:02:00,1522,2025-01-09 23:02:00
152,16,2025-01-09 23:05:00,1522,2025-01-09 23:05:00
151,17,2025-01-09 23:07:00,1522,2025-01-09 23:07:00
150,18,2025-01-09 23:08:00,1522,2025-01-09 23:08:00
149,19,2025-01-09 23:10:00,1522,2025-01-09 23:10:00
148,20,2025-01-09 23:12:00,1522,2025-01-09 23:12:00
147,21,2025-01-09 23:14:00,1522,2025-01-09 23:14:00
146,22,2025-01-09 23:16:00,1522,2025-01-09 23:16:00
145,23,2025-01-09 23:18:00,1522,2025-01-09 23:18:00
144,24,2025-01-09 23:20:00,1522,2025-01-09 23:20:00
143,25,2025-01-09 23:22:00,1522,2025-01-09 23:22:00
142,26,2025-01-09 23:25:00,1522,2025-01-09 23:25:00
141,27,2025-01-09 23:29:00,1522,2025-01-09 23:29:00
140,28,2025-01-09 23:30:00,1522,2025-01-09 23:30:00
139,29,2025-01-09 23:32:00,1522,2025-01-09 23:32:00
138,30,2025-01-09 23:34:00,1522,2025-01-09 23:34:00
137,31,2025-01-09 23:37:00,1522,2025-01-09 23:37:00
168,0,2025-01-09 22:45:00,1523,2025-01-09 22:45:00
167,1,2025-01-09 22:48:00,1523,2025-01-09 22:48:00
166,2,2025-01-09 22:50:00,1523,2025-01-09 22:50:00
165,3,2025-01-09 22:52:00,1523,2025-01-09 22:52:00
164,4,2025-01-09 22:55:00,1523,2025-01-09 22:55:00
163,5,2025-01-09 22:57:00,1523,2025-01-09 22:57:00
162,6,2025-01-09 22:59:00,1523,2025-01-09 22:59:00
161,7,2025-01-09 23:01:00,1523,2025-01-09 23:01:00
160,8,2025-01-09 23:03:00,1523,2025-01-09 23:03:00
159,9,2025-01-09 23:05:00,1523,2025-01-09 23:05:00
158,10,2025-01-09 23:07:00,1523,2025-01-09 23:07:00
157,11,2025-01-09 23:09:00,1523,2025-01-09 23:09:00
156,12,2025-01-09 23:11:00,1523,2025-01-09 23:11:00
155,13,2025-01-09 23:13:00,1523,2025-01-09 23:13:00
154,14,2025-01-09 23:15:00,1523,2025-01-09 23:15:00
153,15,2025-01-09 23:17:00,1523,2025-01-09 23:17:00
152,16,2025-01-09 23:20:00,1523,2025-01-09 23:20:00
151,17,2025-01-09 23:22:00,1523,2025-01-09 23:22:00
150,18,2025-01-09 23:23:00,1523,2025-01-09 23:23:00
149,19,2025-01-09 23:25:00,1523,2025-01-09 23:25:00
148,20,2025-01-09 23:27:00,1523,2025-01-09 23:27:00
147,21,2025-01-09 23:29:00,1523,2025-01-09 23:29:00
146,22,2025-01-09 23:31:00,1523,2025-01-09 23:31:00
145,23,2025-01-09 23:33:00,1523,2025-01-09 23:33:00
144,24,2025-01-09 23:35:00,1523,2025-01-09 23:35:00
143,25,2025-01-09 23:37:00,1523,2025-01-09 23:37:00
142,26,2025-01-09 23:40:00,1523,2025-01-09 23:40:00
141,27,2025-01-09 23:44:00,1523,2025-01-09 23:44:00
140,28,2025-01-09 23:45:00,1523,2025-01-09 23:45:00
139,29,2025-01-09 23:47:00,1523,2025-01-09 23:47:00
138,30,2025-01-09 23:49:00,1523,2025-01-09 23:49:00
137,31,2025-01-09 23:52:00,1523,2025-01-09 23:52:00
